Record_No,PMID,Title,Authors,Citation,First_Author,Journal_or_Book,Publication_Year,Create_Date,PMCID,DOI
1,38266651,Psychological stress-induced microbial metabolite indole-3-acetate disrupts intestinal cell lineage commitment,"Wei W, Liu Y, Hou Y, Cao S, Chen Z, Zhang Y, Cai X, Yan Q, Li Z, Yuan Y, Wang G, Zheng X, Hao H.",Cell Metab. 2024 Mar 5;36(3):466-483.e7. doi: 10.1016/j.cmet.2023.12.026. Epub 2024 Jan 23.,Wei W,Cell Metab,2024,2024-01-24,,10.1016/j.cmet.2023.12.026
2,39163863,Physical exercise mediates cortical synaptic protein lactylation to improve stress resilience,"Yan L, Wang Y, Hu H, Yang D, Wang W, Luo Z, Wang Y, Yang F, So KF, Zhang L.",Cell Metab. 2024 Sep 3;36(9):2104-2117.e4. doi: 10.1016/j.cmet.2024.07.018. Epub 2024 Aug 19.,Yan L,Cell Metab,2024,2024-08-20,,10.1016/j.cmet.2024.07.018
3,30066368,Short-chain fatty acids: microbial metabolites that alleviate stress-induced brain-gut axis alterations,"van de Wouw M, Boehme M, Lyte JM, Wiley N, Strain C, O'Sullivan O, Clarke G, Stanton C, Dinan TG, Cryan JF.",J Physiol. 2018 Oct;596(20):4923-4944. doi: 10.1113/JP276431. Epub 2018 Aug 28.,van de Wouw M,J Physiol,2018,2018-08-02,PMC6187046,10.1113/JP276431
4,36289300,Feed your microbes to deal with stress: a psychobiotic diet impacts microbial stability and perceived stress in a healthy adult population,"Berding K, Bastiaanssen TFS, Moloney GM, Boscaini S, Strain CR, Anesi A, Long-Smith C, Mattivi F, Stanton C, Clarke G, Dinan TG, Cryan JF.",Mol Psychiatry. 2023 Feb;28(2):601-610. doi: 10.1038/s41380-022-01817-y. Epub 2022 Oct 27.,Berding K,Mol Psychiatry,2023,2022-10-26,PMC9908549,10.1038/s41380-022-01817-y
5,31705553,"Sex, stress and steroids","Sze Y, Brunton PJ.",Eur J Neurosci. 2020 Jul;52(1):2487-2515. doi: 10.1111/ejn.14615. Epub 2019 Dec 16.,Sze Y,Eur J Neurosci,2020,2019-11-10,,10.1111/ejn.14615
6,29389735,Psychological Stress and Mitochondria: A Conceptual Framework,"Picard M, McEwen BS.",Psychosom Med. 2018 Feb/Mar;80(2):126-140. doi: 10.1097/PSY.0000000000000544.,Picard M,Psychosom Med,2018,2018-02-02,PMC5901651,10.1097/PSY.0000000000000544
7,25295784,Muscle over mind,"Moon HY, van Praag H.",Cell Metab. 2014 Oct 7;20(4):560-2. doi: 10.1016/j.cmet.2014.09.012.,Moon HY,Cell Metab,2014,2014-10-09,PMC6016023,10.1016/j.cmet.2014.09.012
8,29869396,Stress-Induced Depression: Is Social Rank a Predictive Risk Factor?,"Larrieu T, Sandi C.",Bioessays. 2018 Jul;40(7):e1800012. doi: 10.1002/bies.201800012. Epub 2018 Jun 4.,Larrieu T,Bioessays,2018,2018-06-06,,10.1002/bies.201800012
9,34280459,Prenatal stress-induced disruptions in microbial and host tryptophan metabolism and transport,"Galley JD, Chen HJ, Antonson AM, Gur TL.",Behav Brain Res. 2021 Sep 24;414:113471. doi: 10.1016/j.bbr.2021.113471. Epub 2021 Jul 16.,Galley JD,Behav Brain Res,2021,2021-07-19,PMC9528311,10.1016/j.bbr.2021.113471
10,22688187,The microbiome-gut-brain axis during early life regulates the hippocampal serotonergic system in a sex-dependent manner,"Clarke G, Grenham S, Scully P, Fitzgerald P, Moloney RD, Shanahan F, Dinan TG, Cryan JF.",Mol Psychiatry. 2013 Jun;18(6):666-73. doi: 10.1038/mp.2012.77. Epub 2012 Jun 12.,Clarke G,Mol Psychiatry,2013,2012-06-13,,10.1038/mp.2012.77
11,27793217,Exercise and Prebiotics Produce Stress Resistance: Converging Impacts on Stress-Protective and Butyrate-Producing Gut Bacteria,"Mika A, Rumian N, Loughridge AB, Fleshner M.",Int Rev Neurobiol. 2016;131:165-191. doi: 10.1016/bs.irn.2016.08.004. Epub 2016 Sep 23.,Mika A,Int Rev Neurobiol,2016,2016-10-30,,10.1016/bs.irn.2016.08.004
12,34285226,Early-life social experience affects offspring DNA methylation and later life stress phenotype,"Laubach ZM, Greenberg JR, Turner JW, Montgomery TM, Pioon MO, Sawdy MA, Smale L, Cavalcante RG, Padmanabhan KR, Lalancette C, vonHoldt B, Faulk CD, Dolinoy DC, Holekamp KE, Perng W.",Nat Commun. 2021 Jul 20;12(1):4398. doi: 10.1038/s41467-021-24583-x.,Laubach ZM,Nat Commun,2021,2021-07-21,PMC8292380,10.1038/s41467-021-24583-x
13,16979750,"Progestins influence motivation, reward, conditioning, stress, and/or response to drugs of abuse",Frye CA.,Pharmacol Biochem Behav. 2007 Feb;86(2):209-19. doi: 10.1016/j.pbb.2006.07.033. Epub 2006 Sep 18.,Frye CA,Pharmacol Biochem Behav,2007,2006-09-19,PMC3613144,10.1016/j.pbb.2006.07.033
14,34062291,"Stress and the Gut-Brain Axis: Implications for Cancer, Inflammation and Sepsis","Moughnyeh MM, Brawner KM, Kennedy BA, Yeramilli VA, Udayakumar N, Graham JA, Martin CA.",J Surg Res. 2021 Oct;266:336-344. doi: 10.1016/j.jss.2021.02.055. Epub 2021 May 29.,Moughnyeh MM,J Surg Res,2021,2021-06-01,,10.1016/j.jss.2021.02.055
15,32957066,Current methods for stress marker detection in saliva,"Giacomello G, Scholten A, Parr MK.",J Pharm Biomed Anal. 2020 Nov 30;191:113604. doi: 10.1016/j.jpba.2020.113604. Epub 2020 Sep 6.,Giacomello G,J Pharm Biomed Anal,2020,2020-09-21,PMC7474833,10.1016/j.jpba.2020.113604
16,26690895,Stress-related regulation of the kynurenine pathway: Relevance to neuropsychiatric and degenerative disorders,"O'Farrell K, Harkin A.",Neuropharmacology. 2017 Jan;112(Pt B):307-323. doi: 10.1016/j.neuropharm.2015.12.004. Epub 2015 Dec 12.,O'Farrell K,Neuropharmacology,2017,2015-12-23,,10.1016/j.neuropharm.2015.12.004
17,33891645,Questionnaires and salivary cortisol to measure stress and depression in mid-pregnancy,"Vlenterie R, Geuijen PM, van Gelder MMHJ, Roeleveld N.",PLoS One. 2021 Apr 23;16(4):e0250459. doi: 10.1371/journal.pone.0250459. eCollection 2021.,Vlenterie R,PLoS One,2021,2021-04-23,PMC8064545,10.1371/journal.pone.0250459
18,23975043,"Inflammation, heart disease, and depression",Halaris A.,Curr Psychiatry Rep. 2013 Oct;15(10):400. doi: 10.1007/s11920-013-0400-5.,Halaris A,Curr Psychiatry Rep,2013,2013-08-27,,10.1007/s11920-013-0400-5
19,29380303,Gut Microbiota and the Neuroendocrine System,"Farzi A, Fröhlich EE, Holzer P.",Neurotherapeutics. 2018 Jan;15(1):5-22. doi: 10.1007/s13311-017-0600-5.,Farzi A,Neurotherapeutics,2018,2018-01-31,PMC5794709,10.1007/s13311-017-0600-5
20,36368524,"Psychological distress and metabolomic markers: A systematic review of posttraumatic stress disorder, anxiety, and subclinical distress","Zhu Y, Jha SC, Shutta KH, Huang T, Balasubramanian R, Clish CB, Hankinson SE, Kubzansky LD.",Neurosci Biobehav Rev. 2022 Dec;143:104954. doi: 10.1016/j.neubiorev.2022.104954. Epub 2022 Nov 8.,Zhu Y,Neurosci Biobehav Rev,2022,2022-11-11,PMC9729460,10.1016/j.neubiorev.2022.104954
21,19157987,Roles of prostaglandin E receptors in stress responses,"Furuyashiki T, Narumiya S.",Curr Opin Pharmacol. 2009 Feb;9(1):31-8. doi: 10.1016/j.coph.2008.12.010. Epub 2009 Jan 20.,Furuyashiki T,Curr Opin Pharmacol,2009,2009-01-23,,10.1016/j.coph.2008.12.010
22,26299831,[Stress and the kynurenine pathway],"Majláth Z, Vécsei L.",Orv Hetil. 2015 Aug 30;156(35):1402-5. doi: 10.1556/650.2015.30246.,Majláth Z,Orv Hetil,2015,2015-08-25,,10.1556/650.2015.30246
23,34539633,Psychological Stresses in Children Trigger Cytokine- and Kynurenine Metabolite-Mediated Abdominal Pain and Proinflammatory Changes,"Myint K, Jacobs K, Myint AM, Lam SK, Lim YA, Boey CC, Hoe SZ, Guillemin GJ.",Front Immunol. 2021 Sep 1;12:702301. doi: 10.3389/fimmu.2021.702301. eCollection 2021.,Myint K,Front Immunol,2021,2021-09-20,PMC8442661,10.3389/fimmu.2021.702301
24,27254089,Alcohol Effects on Stress Pathways: Impact on Craving and Relapse Risk,"Blaine SK, Milivojevic V, Fox H, Sinha R.",Can J Psychiatry. 2016 Mar;61(3):145-53. doi: 10.1177/0706743716632512. Epub 2016 Feb 9.,Blaine SK,Can J Psychiatry,2016,2016-06-03,PMC4813419,10.1177/0706743716632512
25,38563163,Developmental and adult stress: effects of steroids and neurosteroids,"Gore IR, Gould E.",Stress. 2024 Jan;27(1):2317856. doi: 10.1080/10253890.2024.2317856. Epub 2024 Apr 2.,Gore IR,Stress,2024,2024-04-02,PMC11046567,10.1080/10253890.2024.2317856
26,34032647,Production of Psychoactive Metabolites by Gut Bacteria,"Wiley NC, Cryan JF, Dinan TG, Ross RP, Stanton C.",Mod Trends Psychiatry. 2021;32:74-99. doi: 10.1159/000510419. Epub 2021 May 6.,Wiley NC,Mod Trends Psychiatry,2021,2021-05-25,,10.1159/000510419
27,27830572,Inflammation-Associated Co-morbidity Between Depression and Cardiovascular Disease,Halaris A.,Curr Top Behav Neurosci. 2017;31:45-70. doi: 10.1007/7854_2016_28.,Halaris A,Curr Top Behav Neurosci,2017,2016-11-11,,10.1007/7854_2016_28
28,34695711,How acute physical and psychological stress differentially influence the kynurenine pathway: A randomized cross-over trial,"Herhaus B, Joisten N, Wessels I, Zimmer P, Petrowski K.",Psychoneuroendocrinology. 2021 Dec;134:105433. doi: 10.1016/j.psyneuen.2021.105433. Epub 2021 Sep 25.,Herhaus B,Psychoneuroendocrinology,2021,2021-10-25,,10.1016/j.psyneuen.2021.105433
29,28442354,The influence of stress on neuroinflammation and alterations in brain structure and function in major depressive disorder,"Kim YK, Won E.",Behav Brain Res. 2017 Jun 30;329:6-11. doi: 10.1016/j.bbr.2017.04.020. Epub 2017 Apr 22.,Kim YK,Behav Brain Res,2017,2017-04-27,,10.1016/j.bbr.2017.04.020
30,32087063,Ancestral stress programs sex-specific biological aging trajectories and non-communicable disease risk,"Ambeskovic M, Ilnytskyy Y, Kiss D, Currie C, Montina T, Kovalchuk I, Metz GAS.",Aging (Albany NY). 2020 Feb 22;12(4):3828-3847. doi: 10.18632/aging.102848. Epub 2020 Feb 22.,Ambeskovic M,Aging (Albany NY),2020,2020-02-23,PMC7066928,10.18632/aging.102848
31,32316280,Identification of Suitable Biomarkers for Stress and Emotion Detection for Future Personal Affective Wearable Sensors,"Zamkah A, Hui T, Andrews S, Dey N, Shi F, Sherratt RS.",Biosensors (Basel). 2020 Apr 16;10(4):40. doi: 10.3390/bios10040040.,Zamkah A,Biosensors (Basel),2020,2020-04-23,PMC7235866,10.3390/bios10040040
32,33179901,Early Life Stress Increases Brain Glutamate and Induces Neurobehavioral Manifestations in Rats,"Guan J, Ding Y, Rong Y, Geng Y, Lai L, Qi D, Tang Y, Yang L, Li J, Zhou T, Wu E, Wu R.",ACS Chem Neurosci. 2020 Dec 16;11(24):4169-4178. doi: 10.1021/acschemneuro.0c00454. Epub 2020 Nov 12.,Guan J,ACS Chem Neurosci,2020,2020-11-12,,10.1021/acschemneuro.0c00454
33,31298176,"Biological underpinnings from psychosocial stress towards appetite and obesity during youth: research implications towards metagenomics, epigenomics and metabolomics",Michels N.,Nutr Res Rev. 2019 Dec;32(2):282-293. doi: 10.1017/S0954422419000143. Epub 2019 Jul 12.,Michels N,Nutr Res Rev,2019,2019-07-13,,10.1017/S0954422419000143
34,28488009,"Linking Stress, Catecholamine Autotoxicity, and Allostatic Load with Neurodegenerative Diseases: A Focused Review in Memory of Richard Kvetnansky","Goldstein DS, Kopin IJ.",Cell Mol Neurobiol. 2018 Jan;38(1):13-24. doi: 10.1007/s10571-017-0497-x. Epub 2017 May 9.,Goldstein DS,Cell Mol Neurobiol,2018,2017-05-11,PMC5680155,10.1007/s10571-017-0497-x
35,29016169,The microbiome as a novel paradigm in studying stress and mental health,Liu RT.,Am Psychol. 2017 Oct;72(7):655-667. doi: 10.1037/amp0000058.,Liu RT,Am Psychol,2017,2017-10-11,PMC5637404,10.1037/amp0000058
36,33093530,Chronic stress and antidepressant treatment alter purine metabolism and beta oxidation within mouse brain and serum,"Hamilton PJ, Chen EY, Tolstikov V, Peña CJ, Picone JA, Shah P, Panagopoulos K, Strat AN, Walker DM, Lorsch ZS, Robinson HL, Mervosh NL, Kiraly DD, Sarangarajan R, Narain NR, Kiebish MA, Nestler EJ.",Sci Rep. 2020 Oct 22;10(1):18134. doi: 10.1038/s41598-020-75114-5.,Hamilton PJ,Sci Rep,2020,2020-10-23,PMC7582177,10.1038/s41598-020-75114-5
37,31675562,Joint impact of phthalate exposure and stressful life events in pregnancy on preterm birth,"Ferguson KK, Rosen EM, Barrett ES, Nguyen RHN, Bush N, McElrath TF, Swan SH, Sathyanarayana S.",Environ Int. 2019 Dec;133(Pt B):105254. doi: 10.1016/j.envint.2019.105254. Epub 2019 Oct 29.,Ferguson KK,Environ Int,2019,2019-11-02,PMC6924167,10.1016/j.envint.2019.105254
38,21344254,Measuring stress in wildlife: techniques for quantifying glucocorticoids,"Sheriff MJ, Dantzer B, Delehanty B, Palme R, Boonstra R.",Oecologia. 2011 Aug;166(4):869-87. doi: 10.1007/s00442-011-1943-y. Epub 2011 Feb 23.,Sheriff MJ,Oecologia,2011,2011-02-24,,10.1007/s00442-011-1943-y
39,31790781,Early life stress and the programming of eating behavior and anxiety: Sex-specific relationships with serotonergic activity and hypothalamic neuropeptides,"de Lima RMS, Dos Santos Bento LV, di Marcello Valladão Lugon M, Barauna VG, Bittencourt AS, Dalmaz C, de Vasconcellos Bittencourt APS.",Behav Brain Res. 2020 Feb 3;379:112399. doi: 10.1016/j.bbr.2019.112399. Epub 2019 Nov 29.,de Lima RMS,Behav Brain Res,2020,2019-12-03,,10.1016/j.bbr.2019.112399
40,29100889,Hormone-dependent medial preoptic/lumbar spinal cord/autonomic coordination supporting male sexual behaviors,"Pfaff DW, Baum MJ.",Mol Cell Endocrinol. 2018 May 15;467:21-30. doi: 10.1016/j.mce.2017.10.018. Epub 2017 Oct 31.,Pfaff DW,Mol Cell Endocrinol,2018,2017-11-05,,10.1016/j.mce.2017.10.018
41,31629205,Altered plasma levels of arginine metabolites in depression,"Ozden A, Angelos H, Feyza A, Elizabeth W, John P.",J Psychiatr Res. 2020 Jan;120:21-28. doi: 10.1016/j.jpsychires.2019.10.004. Epub 2019 Oct 7.,Ozden A,J Psychiatr Res,2020,2019-10-20,,10.1016/j.jpsychires.2019.10.004
42,37776732,"Maternal steroids during pregnancy and their associations with exposure to lifetime stressful life events, prenatal stress appraisal and psychological functioning","Colicino E, Cowell W, Pedretti NF, Joshi A, Petrick L, Niedzwiecki M, Wright RO, Wright RJ.",Psychoneuroendocrinology. 2023 Dec;158:106395. doi: 10.1016/j.psyneuen.2023.106395. Epub 2023 Sep 21.,Colicino E,Psychoneuroendocrinology,2023,2023-09-30,PMC10841416,10.1016/j.psyneuen.2023.106395
43,15079139,The neuroendocrinology of posttraumatic stress disorder: new directions,"Rasmusson AM, Vythilingam M, Morgan CA 3rd.","CNS Spectr. 2003 Sep;8(9):651-6, 665-7. doi: 10.1017/s1092852900008841.",Rasmusson AM,CNS Spectr,2003,2004-04-14,,10.1017/s1092852900008841
44,37343758,"Exposure to phthalate metabolites, bisphenol A, and psychosocial stress mixtures and pregnancy outcomes in the Atlanta African American maternal-child cohort","Eatman JA, Dunlop AL, Barr DB, Corwin EJ, Hill CC, Brennan PA, Ryan PB, Panuwet P, Taibl KR, Tan Y, Liang D, Eick SM.",Environ Res. 2023 Sep 15;233:116464. doi: 10.1016/j.envres.2023.116464. Epub 2023 Jun 19.,Eatman JA,Environ Res,2023,2023-06-21,PMC10527701,10.1016/j.envres.2023.116464
45,34040126,Psychological symptoms and salivary inflammatory biomarkers in patients with dentofacial deformities: a case-control study,"Volkweis MCC, Neculqueo GW, Freitas RDS, Dagnino APA, Fritscher GG, Irigaray TQ, Campos MM.",Sci Rep. 2021 May 26;11(1):11083. doi: 10.1038/s41598-021-90721-6.,Volkweis MCC,Sci Rep,2021,2021-05-27,PMC8155030,10.1038/s41598-021-90721-6
46,39273008,"Gut-Brain Axis: Role of Microbiome, Metabolomics, Hormones, and Stress in Mental Health Disorders","Verma A, Inslicht SS, Bhargava A.",Cells. 2024 Aug 27;13(17):1436. doi: 10.3390/cells13171436.,Verma A,Cells,2024,2024-09-14,PMC11394554,10.3390/cells13171436
47,18835437,Synergistic effects of psychological and immune stressors on inflammatory cytokine and sickness responses in humans,"Brydon L, Walker C, Wawrzyniak A, Whitehead D, Okamura H, Yajima J, Tsuda A, Steptoe A.",Brain Behav Immun. 2009 Feb;23(2):217-24. doi: 10.1016/j.bbi.2008.09.007. Epub 2008 Sep 20.,Brydon L,Brain Behav Immun,2009,2008-10-07,PMC2637301,10.1016/j.bbi.2008.09.007
48,17920688,Changes in neuroactive steroid content during social isolation stress modulate GABAA receptor plasticity and function,"Serra M, Pisu MG, Mostallino MC, Sanna E, Biggio G.",Brain Res Rev. 2008 Mar;57(2):520-30. doi: 10.1016/j.brainresrev.2007.06.029. Epub 2007 Aug 21.,Serra M,Brain Res Rev,2008,2007-10-09,,10.1016/j.brainresrev.2007.06.029
49,34553679,Exploring the metabolomic profile of cerebellum after exposure to acute stress,"Iliou A, Vlaikou AM, Nussbaumer M, Benaki D, Mikros E, Gikas E, Filiou MD.",Stress. 2021 Nov;24(6):952-964. doi: 10.1080/10253890.2021.1973997. Epub 2021 Sep 23.,Iliou A,Stress,2021,2021-09-23,,10.1080/10253890.2021.1973997
50,38418579,Brain structural and functional outcomes in the offspring of women experiencing psychological distress during pregnancy,"Wu Y, De Asis-Cruz J, Limperopoulos C.",Mol Psychiatry. 2024 Jul;29(7):2223-2240. doi: 10.1038/s41380-024-02449-0. Epub 2024 Feb 28.,Wu Y,Mol Psychiatry,2024,2024-02-28,PMC11408260,10.1038/s41380-024-02449-0
51,34113732,Urine metabolite profiling of Indian Antarctic Expedition members: NMR spectroscopy-based metabolomic investigation,"Bhushan B, Upadhyay D, Sharma U, Jagannathan N, Singh SB, Ganju L.",Heliyon. 2021 May 25;7(5):e07114. doi: 10.1016/j.heliyon.2021.e07114. eCollection 2021 May.,Bhushan B,Heliyon,2021,2021-06-11,PMC8170161,10.1016/j.heliyon.2021.e07114
52,30044120,Quercetin protects against stress-induced anxiety- and depression-like behavior and improves memory in male mice,"Samad N, Saleem A, Yasmin F, Shehzad MA.",Physiol Res. 2018 Nov 14;67(5):795-808. doi: 10.33549/physiolres.933776. Epub 2018 Jul 25.,Samad N,Physiol Res,2018,2018-07-26,,10.33549/physiolres.933776
53,26776368,"Effects of paternal and peripubertal stress on aggression, anxiety, and metabolic alterations in the lateral septum","Cordero MI, Just N, Poirier GL, Sandi C.",Eur Neuropsychopharmacol. 2016 Feb;26(2):357-367. doi: 10.1016/j.euroneuro.2015.11.017. Epub 2015 Nov 30.,Cordero MI,Eur Neuropsychopharmacol,2016,2016-01-19,,10.1016/j.euroneuro.2015.11.017
54,32920479,Plasma metabolomic profiling of repeated restraint stress in rats,"Chen S, Lu D, Wang W, Chen W, Zhang S, Wei S.",J Chromatogr B Analyt Technol Biomed Life Sci. 2020 Dec 1;1160:122294. doi: 10.1016/j.jchromb.2020.122294. Epub 2020 Jul 30.,Chen S,J Chromatogr B Analyt Technol Biomed Life Sci,2020,2020-09-13,,10.1016/j.jchromb.2020.122294
55,23643993,"Behavioral deficits, abnormal corticosterone, and reduced prefrontal metabolites of adolescent rats subject to early life stress","Zhang J, Abdallah CG, Chen Y, Huang T, Huang Q, Xu C, Xiao Y, Liu Y, Ding Y, Wu R.",Neurosci Lett. 2013 Jun 17;545:132-7. doi: 10.1016/j.neulet.2013.04.035. Epub 2013 May 2.,Zhang J,Neurosci Lett,2013,2013-05-07,PMC3699722,10.1016/j.neulet.2013.04.035
56,32569990,The gut microbiota metabolite indole increases emotional responses and adrenal medulla activity in chronically stressed male mice,"Mir HD, Milman A, Monnoye M, Douard V, Philippe C, Aubert A, Castanon N, Vancassel S, Guérineau NC, Naudon L, Rabot S.",Psychoneuroendocrinology. 2020 Sep;119:104750. doi: 10.1016/j.psyneuen.2020.104750. Epub 2020 Jun 5.,Mir HD,Psychoneuroendocrinology,2020,2020-06-23,,10.1016/j.psyneuen.2020.104750
57,24756763,"Neurosteroid, GABAergic and hypothalamic pituitary adrenal (HPA) axis regulation: what is the current state of knowledge in humans?","Crowley SK, Girdler SS.",Psychopharmacology (Berl). 2014 Sep;231(17):3619-34. doi: 10.1007/s00213-014-3572-8. Epub 2014 Apr 23.,Crowley SK,Psychopharmacology (Berl),2014,2014-04-24,PMC4135030,10.1007/s00213-014-3572-8
58,21307048,Stress associated with group living in a long-lived bird,"Selva N, Cortés-Avizanda A, Lemus JA, Blanco G, Mueller T, Heinrich B, Donázar JA.",Biol Lett. 2011 Aug 23;7(4):608-10. doi: 10.1098/rsbl.2010.1204. Epub 2011 Feb 9.,Selva N,Biol Lett,2011,2011-02-11,PMC3130225,10.1098/rsbl.2010.1204
59,30084722,Plasma metabolomic patterns in patients with exhaustion disorder,"Hadrévi J, Jonsdottir IH, Jansson PA, Eriksson JW, Sjörs A.",Stress. 2019 Jan;22(1):17-26. doi: 10.1080/10253890.2018.1494150. Epub 2018 Aug 7.,Hadrévi J,Stress,2019,2018-08-08,,10.1080/10253890.2018.1494150
60,29599484,Prophylactic ketamine alters nucleotide and neurotransmitter metabolism in brain and plasma following stress,"McGowan JC, Hill C, Mastrodonato A, LaGamma CT, Kitayev A, Brachman RA, Narain NR, Kiebish MA, Denny CA.",Neuropsychopharmacology. 2018 Aug;43(9):1813-1821. doi: 10.1038/s41386-018-0043-7. Epub 2018 Mar 29.,McGowan JC,Neuropsychopharmacology,2018,2018-03-31,PMC6046049,10.1038/s41386-018-0043-7
61,9143144,Vulnerability to stress: self-criticism and stress-induced changes in biochemistry,"Gruen RJ, Silva R, Ehrlich J, Schweitzer JW, Friedhoff AJ.",J Pers. 1997 Mar;65(1):33-47. doi: 10.1111/j.1467-6494.1997.tb00528.x.,Gruen RJ,J Pers,1997,1997-03-01,,10.1111/j.1467-6494.1997.tb00528.x
62,9921957,Psychological stress in the workplace and menstrual function,"Fenster L, Waller K, Chen J, Hubbard AE, Windham GC, Elkin E, Swan S.",Am J Epidemiol. 1999 Jan 15;149(2):127-34. doi: 10.1093/oxfordjournals.aje.a009777.,Fenster L,Am J Epidemiol,1999,1999-01-28,,10.1093/oxfordjournals.aje.a009777
63,34045621,"Association between stress and bilateral symmetrical alopecia in free-ranging Formosan macaques in Mt. Longevity, Taiwan","Chen CC, Chang AM, Tsai MS, Huang YH, Pei KJ, Li YC.",Sci Rep. 2021 May 27;11(1):11189. doi: 10.1038/s41598-021-90725-2.,Chen CC,Sci Rep,2021,2021-05-28,PMC8160012,10.1038/s41598-021-90725-2
64,8723430,Effects of long-term psychological stress on sexual behavior and brain catecholamine levels,"Sato Y, Suzuki N, Horita H, Wada H, Shibuya A, Adachi H, Tsukamoto T, Kumamoto Y, Yamamoto M.",J Androl. 1996 Mar-Apr;17(2):83-90.,Sato Y,J Androl,1996,1996-03-01,,
65,34090909,Understanding the effects of Moringa oleifera in chronic unpredictable stressed zebrafish using metabolomics analysis,"Rosdy MS, Rofiee MS, Samsulrizal N, Salleh MZ, Teh LK.",J Ethnopharmacol. 2021 Oct 5;278:114290. doi: 10.1016/j.jep.2021.114290. Epub 2021 Jun 6.,Rosdy MS,J Ethnopharmacol,2021,2021-06-06,,10.1016/j.jep.2021.114290
66,35735411,Multi-strain Probiotic Formulation Reverses Maternal Separation and Chronic Unpredictable Mild Stress-Generated Anxiety- and Depression-like Phenotypes by Modulating Gut Microbiome-Brain Activity in Rats,"Dandekar MP, Palepu MSK, Satti S, Jaiswal Y, Singh AA, Dash SP, Gajula SNR, Sonti R.",ACS Chem Neurosci. 2022 Jul 6;13(13):1948-1965. doi: 10.1021/acschemneuro.2c00143. Epub 2022 Jun 23.,Dandekar MP,ACS Chem Neurosci,2022,2022-06-23,,10.1021/acschemneuro.2c00143
67,29317595,Hippocampal metabolic differences implicate distinctions between physical and psychological stress in four rat models of depression,"Liu L, Zhou X, Zhang Y, Pu J, Yang L, Yuan S, Zhao L, Zhou C, Zhang H, Xie P.",Transl Psychiatry. 2018 Jan 10;8(1):4. doi: 10.1038/s41398-017-0018-1.,Liu L,Transl Psychiatry,2018,2018-01-11,PMC5802536,10.1038/s41398-017-0018-1
68,30571984,Metabolite signature associated with stress susceptibility in socially defeated mice,"Prabhu VV, Nguyen TB, Cui Y, Oh YE, Piao YH, Baek HM, Kim JY, Shin KH, Kim JH, Lee KH, Chung YC.",Brain Res. 2019 Apr 1;1708:171-180. doi: 10.1016/j.brainres.2018.12.020. Epub 2018 Dec 17.,Prabhu VV,Brain Res,2019,2018-12-21,,10.1016/j.brainres.2018.12.020
69,31699965,Molecular and cellular mechanisms underlying the antidepressant effects of ketamine enantiomers and its metabolites,"Yang C, Yang J, Luo A, Hashimoto K.",Transl Psychiatry. 2019 Nov 7;9(1):280. doi: 10.1038/s41398-019-0624-1.,Yang C,Transl Psychiatry,2019,2019-11-09,PMC6838457,10.1038/s41398-019-0624-1
70,28704473,Enriched environment and stress exposure influence splenic B lymphocyte composition,"Gurfein BT, Hasdemir B, Milush JM, Touma C, Palme R, Nixon DF, Darcel N, Hecht FM, Bhargava A.",PLoS One. 2017 Jul 12;12(7):e0180771. doi: 10.1371/journal.pone.0180771. eCollection 2017.,Gurfein BT,PLoS One,2017,2017-07-14,PMC5507530,10.1371/journal.pone.0180771
71,28163282,Potential objective biomarkers for fatigue among working women,"Ebata C, Tatsuta H, Tatemichi M.",J Occup Health. 2017 May 25;59(3):286-291. doi: 10.1539/joh.16-0206-BR. Epub 2017 Feb 4.,Ebata C,J Occup Health,2017,2017-02-07,PMC5478511,10.1539/joh.16-0206-BR
72,37632459,"Diverse roles of glucocorticoids in the ruminant mammary gland: modulation of mammary growth, milk production, and mastitis","Ma X, Liu H, Jia Q, Zheng Y, Li W, Chang M, Fu H, Zhu H.",Stress. 2023 Nov;26(1):2252938. doi: 10.1080/10253890.2023.2252938.,Ma X,Stress,2023,2023-08-26,,10.1080/10253890.2023.2252938
73,35967846,Therapeutic effect of fecal microbiota transplantation on chronic unpredictable mild stress-induced depression,"Cai T, Zheng SP, Shi X, Yuan LZ, Hu H, Zhou B, Xiao SL, Wang F.",Front Cell Infect Microbiol. 2022 Jul 28;12:900652. doi: 10.3389/fcimb.2022.900652. eCollection 2022.,Cai T,Front Cell Infect Microbiol,2022,2022-08-15,PMC9366333,10.3389/fcimb.2022.900652
74,31417554,Dietary Oligosaccharides Attenuate Stress-Induced Disruptions in Immune Reactivity and Microbial B-Vitamin Metabolism,"Allen JM, Jaggers RM, Solden LM, Loman BR, Davies RH, Mackos AR, Ladaika CA, Berg BM, Chichlowski M, Bailey MT.",Front Immunol. 2019 Jul 29;10:1774. doi: 10.3389/fimmu.2019.01774. eCollection 2019.,Allen JM,Front Immunol,2019,2019-08-17,PMC6681768,10.3389/fimmu.2019.01774
75,32391630,Gut-brain axis serotonergic responses to acute stress exposure are microbiome-dependent,"Lyte JM, Gheorghe CE, Goodson MS, Kelley-Loughnane N, Dinan TG, Cryan JF, Clarke G.",Neurogastroenterol Motil. 2020 Nov;32(11):e13881. doi: 10.1111/nmo.13881. Epub 2020 May 11.,Lyte JM,Neurogastroenterol Motil,2020,2020-05-12,,10.1111/nmo.13881
76,27640517,"Stress, the Autonomic Nervous System, and the Immune-kynurenine Pathway in the Etiology of Depression","Won E, Kim YK.",Curr Neuropharmacol. 2016;14(7):665-73. doi: 10.2174/1570159x14666151208113006.,Won E,Curr Neuropharmacol,2016,2016-09-20,PMC5050399,10.2174/1570159x14666151208113006
77,8723134,Noradrenergic mechanisms in stress and anxiety: II. Clinical studies,"Bremner JD, Krystal JH, Southwick SM, Charney DS.",Synapse. 1996 May;23(1):39-51. doi: 10.1002/(SICI)1098-2396(199605)23:1<39::AID-SYN5>3.0.CO;2-I.,Bremner JD,Synapse,1996,1996-05-01,,10.1002/(SICI)1098-2396(199605)23:1<39::AID-SYN5>3.0.CO;2-I
78,39304871,Gegen Qinlian decoction alleviates depression-like behavior by modulating the gut microenvironment in CUMS rats,"Peng Y, Du Y, Zhang Y, Wang Z, Hu T, Mai Y, Song H, Pan W, Cai Q, Ge F, Fan Y, Kim HY, Liu D, Guan X.",BMC Complement Med Ther. 2024 Sep 20;24(1):339. doi: 10.1186/s12906-024-04638-4.,Peng Y,BMC Complement Med Ther,2024,2024-09-20,PMC11416015,10.1186/s12906-024-04638-4
79,34051199,"Prenatal urinary concentrations of phthalate metabolites and behavioral problems in Mexican children: The Programming Research in Obesity, Growth Environment and Social Stress (PROGRESS) study","Colicino E, de Water E, Just AC, Navarro E, Pedretti NF, McRae N, Braun JM, Schnaas L, Rodríguez-Carmona Y, Hernández C, Tamayo-Ortiz M, Téllez-Rojo MM, Deierlein AL, Calafat AM, Baccarelli A, Wright RO, Horton MK.",Environ Res. 2021 Oct;201:111338. doi: 10.1016/j.envres.2021.111338. Epub 2021 May 26.,Colicino E,Environ Res,2021,2021-05-29,PMC9234946,10.1016/j.envres.2021.111338
80,30882243,Lactobacillus paracasei PS23 reduced early-life stress abnormalities in maternal separation mouse model,"Liao JF, Hsu CC, Chou GT, Hsu JS, Liong MT, Tsai YC.",Benef Microbes. 2019 Apr 19;10(4):425-436. doi: 10.3920/BM2018.0077. Epub 2019 Mar 18.,Liao JF,Benef Microbes,2019,2019-03-19,,10.3920/BM2018.0077
81,31260743,"Major fundamental factors hindering immune system in defense against tumor cells: The link between insufficiency of innate immune responses, metabolism, and neurotransmitters with effector immune cells disability","Bahrambeigi S, Sanajou D, Shafiei-Irannejad V.",Immunol Lett. 2019 Aug;212:81-87. doi: 10.1016/j.imlet.2019.06.008. Epub 2019 Jun 28.,Bahrambeigi S,Immunol Lett,2019,2019-07-02,,10.1016/j.imlet.2019.06.008
82,34111472,Proteomic and metabolomic characterization of amygdala in chronic social defeat stress rats,"Fan L, Yang L, Li X, Teng T, Xiang Y, Liu X, Jiang Y, Zhu Y, Zhou X, Xie P.",Behav Brain Res. 2021 Aug 27;412:113407. doi: 10.1016/j.bbr.2021.113407. Epub 2021 Jun 8.,Fan L,Behav Brain Res,2021,2021-06-10,,10.1016/j.bbr.2021.113407
83,37120947,Oxytocin prevents dysregulation of the acute stress response and glucocorticoid-induced oxidative stress in chronically isolated prairie voles,"Stevenson JR, McMahon EK, McNeely TL, Haussmann MF.",Psychoneuroendocrinology. 2023 Jul;153:106121. doi: 10.1016/j.psyneuen.2023.106121. Epub 2023 Apr 20.,Stevenson JR,Psychoneuroendocrinology,2023,2023-04-30,PMC10225351,10.1016/j.psyneuen.2023.106121
84,38382546,SCFAs Supplementation Rescues Anxiety- and Depression-like Phenotypes Generated by Fecal Engraftment of Treatment-Resistant Depression Rats,"Palepu MSK, Gajula SNR, K M, Sonti R, Dandekar MP.",ACS Chem Neurosci. 2024 Mar 6;15(5):1010-1025. doi: 10.1021/acschemneuro.3c00727. Epub 2024 Feb 21.,Palepu MSK,ACS Chem Neurosci,2024,2024-02-21,,10.1021/acschemneuro.3c00727
85,37665601,CCK1R2R(-/-) ameliorates myocardial damage caused by unpredictable stress via altering fatty acid metabolism,"Zhang ZH, Yang CT, Su XR, Li YP, Zhang XJ, Wang SJ, Cong B.",Stress. 2023 Nov;26(1):2254566. doi: 10.1080/10253890.2023.2254566.,Zhang ZH,Stress,2023,2023-09-04,,10.1080/10253890.2023.2254566
86,34890405,Vaginal microbiota of American Indian women and associations with measures of psychosocial stress,"Borgogna JC, Anastario M, Firemoon P, Rink E, Ricker A, Ravel J, Brotman RM, Yeoman CJ.",PLoS One. 2021 Dec 10;16(12):e0260813. doi: 10.1371/journal.pone.0260813. eCollection 2021.,Borgogna JC,PLoS One,2021,2021-12-10,PMC8664215,10.1371/journal.pone.0260813
87,29073819,"Evaluation of hair cortisol and cortisone change during pregnancy and the association with self-reported depression, somatization, and stress symptoms","Scharlau F, Pietzner D, Vogel M, Gaudl A, Ceglarek U, Thiery J, Kratzsch J, Hiemisch A, Kiess W.",Stress. 2018 Jan;21(1):43-50. doi: 10.1080/10253890.2017.1392507. Epub 2017 Oct 26.,Scharlau F,Stress,2018,2017-10-28,,10.1080/10253890.2017.1392507
88,26611561,Interaction between handling induced stress and anxiolytic effects of ethanol in zebrafish: A behavioral and neurochemical analysis,"Tran S, Nowicki M, Fulcher N, Chatterjee D, Gerlai R.",Behav Brain Res. 2016 Feb 1;298(Pt B):278-85. doi: 10.1016/j.bbr.2015.10.061. Epub 2015 Nov 28.,Tran S,Behav Brain Res,2016,2015-11-28,,10.1016/j.bbr.2015.10.061
89,28228069,"Recent Advances in the Gastric Mucosal Protection Against Stress-induced Gastric Lesions. Importance of Renin-angiotensin Vasoactive Metabolites, Gaseous Mediators and Appetite Peptides","Brzozowski T, Magierowska K, Magierowski M, Ptak-Belowska A, Pajdo R, Kwiecien S, Olszanecki R, Korbut R.",Curr Pharm Des. 2017;23(27):3910-3922. doi: 10.2174/1381612823666170220160222.,Brzozowski T,Curr Pharm Des,2017,2017-02-24,,10.2174/1381612823666170220160222
90,27188285,Stress transgenerationally programs metabolic pathways linked to altered mental health,"Kiss D, Ambeskovic M, Montina T, Metz GA.",Cell Mol Life Sci. 2016 Dec;73(23):4547-4557. doi: 10.1007/s00018-016-2272-4. Epub 2016 May 17.,Kiss D,Cell Mol Life Sci,2016,2016-05-19,PMC11108354,10.1007/s00018-016-2272-4
91,38822061,Transgenerational effects of early life stress on the fecal microbiota in mice,"Otaru N, Kourouma L, Pugin B, Constancias F, Braegger C, Mansuy IM, Lacroix C.",Commun Biol. 2024 May 31;7(1):670. doi: 10.1038/s42003-024-06279-2.,Otaru N,Commun Biol,2024,2024-05-31,PMC11143345,10.1038/s42003-024-06279-2
92,38092374,A Plasma Metabolite Score Related to Psychological Distress and Diabetes Risk: A Nested Case-control Study in US Women,"Huang T, Zhu Y, Shutta KH, Balasubramanian R, Zeleznik OA, Rexrode KM, Clish CB, Sun Q, Hu FB, Kubzansky LD, Hankinson SE.",J Clin Endocrinol Metab. 2024 May 17;109(6):e1434-e1441. doi: 10.1210/clinem/dgad731.,Huang T,J Clin Endocrinol Metab,2024,2023-12-13,PMC11549765,10.1210/clinem/dgad731
93,35866213,The emotional impact of disrupted environmental contexts: Enrichment loss and coping profiles influence stress response recovery in Long-Evans rats,"Kent M, Kovalev D, Hart B, Leserve D, Handford G, Vavra D, Lambert K.",J Neuroendocrinol. 2022 Jul;34(7):e13179. doi: 10.1111/jne.13179. Epub 2022 Jul 21.,Kent M,J Neuroendocrinol,2022,2022-07-22,PMC9540572,10.1111/jne.13179
94,35228511,Metabolomic signature and mitochondrial dynamics outline the difference between vulnerability and resilience to chronic stress,"Brivio P, Audano M, Gallo MT, Gruca P, Lason M, Litwa E, Fumagalli F, Papp M, Mitro N, Calabrese F.",Transl Psychiatry. 2022 Feb 28;12(1):87. doi: 10.1038/s41398-022-01856-7.,Brivio P,Transl Psychiatry,2022,2022-03-01,PMC8885712,10.1038/s41398-022-01856-7
95,36674752,Impacts of Subchronic and Mild Social Defeat Stress on Plasma Putrefactive Metabolites and Cardiovascular Structure in Male Mice,"Toyoda A, Kawakami K, Amano Y, Nishizawa H, Nakamura SI, Kawase T, Yoshida Y, Suzuki H, Tsukahara T.",Int J Mol Sci. 2023 Jan 8;24(2):1237. doi: 10.3390/ijms24021237.,Toyoda A,Int J Mol Sci,2023,2023-01-21,PMC9866670,10.3390/ijms24021237
96,22006016,Stress-induced cross-sensitization to amphetamine is related to changes in the dopaminergic system,"Cruz FC, Marin MT, Leão RM, Planeta CS.",J Neural Transm (Vienna). 2012 Apr;119(4):415-24. doi: 10.1007/s00702-011-0720-8. Epub 2011 Oct 18.,Cruz FC,J Neural Transm (Vienna),2012,2011-10-19,,10.1007/s00702-011-0720-8
97,38608734,Microbial Metabolite: A Link Between Psychological Stress and Epithelial Disturbance,Reed D.,Gastroenterology. 2024 Jul;167(2):411-412. doi: 10.1053/j.gastro.2024.03.041. Epub 2024 Apr 10.,Reed D,Gastroenterology,2024,2024-04-12,,10.1053/j.gastro.2024.03.041
98,6824043,"Psychological stress and increases in urinary norepinephrine metabolites, platelet serotonin, and adrenal androgens in women with polycystic ovary syndrome","Lobo RA, Granger LR, Paul WL, Goebelsmann U, Mishell DR Jr.",Am J Obstet Gynecol. 1983 Feb 15;145(4):496-503. doi: 10.1016/0002-9378(83)90324-1.,Lobo RA,Am J Obstet Gynecol,1983,1983-02-15,,10.1016/0002-9378(83)90324-1
99,37147546,Association of polycyclic aromatic hydrocarbon metabolite concentration in urine and occupational stress in underground coal miners in China: propensity score and bayesian kernel machine regression,"Zhang H, Cao J, Liu A, Gao Q, Nie J, Zhou X, Huang J, Sun C, Wang T.",Environ Sci Pollut Res Int. 2023 Jun;30(27):70315-70330. doi: 10.1007/s11356-023-27321-6. Epub 2023 May 6.,Zhang H,Environ Sci Pollut Res Int,2023,2023-05-05,,10.1007/s11356-023-27321-6
100,15877313,Depression and cardiovascular disease: a reciprocal relationship,Plante GE.,Metabolism. 2005 May;54(5 Suppl 1):45-8. doi: 10.1016/j.metabol.2005.01.013.,Plante GE,Metabolism,2005,2005-05-07,,10.1016/j.metabol.2005.01.013
101,26177123,Valerenic Acid Protects Against Physical and Psychological Stress by Reducing the Turnover of Serotonin and Norepinephrine in Mouse Hippocampus-Amygdala Region,"Jung HY, Yoo DY, Nam SM, Kim JW, Choi JH, Yoo M, Lee S, Yoon YS, Hwang IK.",J Med Food. 2015 Dec;18(12):1333-9. doi: 10.1089/jmf.2014.3412. Epub 2015 Jul 15.,Jung HY,J Med Food,2015,2015-07-16,PMC4685497,10.1089/jmf.2014.3412
102,19751181,Chlorophytum borivilianum: a white gold for biopharmaceuticals and neutraceuticals,"Thakur GS, Bag M, Sanodiya BS, Debnath M, Zacharia A, Bhadauriya P, Prasad GB, Bisen PS.",Curr Pharm Biotechnol. 2009 Nov;10(7):650-66. doi: 10.2174/138920109789542084.,Thakur GS,Curr Pharm Biotechnol,2009,2009-09-16,,10.2174/138920109789542084
103,38726788,Long-Term Implicit Epigenetic Stress Information in the Enteric Nervous System and its Contribution to Developing and Perpetuating IBS,"Noemi CN, Bob P, Bókkon I.",Curr Neuropharmacol. 2024;22(13):2100-2112. doi: 10.2174/1570159X22666240507095700.,Noemi CN,Curr Neuropharmacol,2024,2024-05-10,PMC11337685,10.2174/1570159X22666240507095700
104,33246560,Alterations of neurotransmitters and related metabolites in the habenula from CUMS-susceptible and -resilient rats,"Tian Y, Wu Z, Wang Y, Chen C, He Y, Lan T, Li Y, Bai M, Yu H, Chen X, Chen Z, Cheng K, Xie P.",Biochem Biophys Res Commun. 2021 Jan 1;534:422-428. doi: 10.1016/j.bbrc.2020.11.065. Epub 2020 Nov 25.,Tian Y,Biochem Biophys Res Commun,2021,2020-11-28,,10.1016/j.bbrc.2020.11.065
105,32619140,Eating behaviours related to psychological stress are associated with functional hypothalamic amenorrhoea in exercising women,"Strock NCA, De Souza MJ, Williams NI.",J Sports Sci. 2020 Nov;38(21):2396-2406. doi: 10.1080/02640414.2020.1786297. Epub 2020 Jul 3.,Strock NCA,J Sports Sci,2020,2020-07-04,,10.1080/02640414.2020.1786297
106,25437455,Plasma and liver metabolic profiles in mice subjected to subchronic and mild social defeat stress,"Goto T, Kubota Y, Toyoda A.",J Proteome Res. 2015 Feb 6;14(2):1025-32. doi: 10.1021/pr501044k. Epub 2014 Dec 17.,Goto T,J Proteome Res,2015,2014-12-02,,10.1021/pr501044k
107,18465467,A link between stress and depression: shifts in the balance between the kynurenine and serotonin pathways of tryptophan metabolism and the etiology and pathophysiology of depression,"Miura H, Ozaki N, Sawada M, Isobe K, Ohta T, Nagatsu T.",Stress. 2008 May;11(3):198-209. doi: 10.1080/10253890701754068.,Miura H,Stress,2008,2008-05-10,,10.1080/10253890701754068
108,27454937,Neurochemical and Behavioral Responses to Unpredictable Chronic Mild Stress Following Developmental Isolation: The Zebrafish as a Model for Major Depression,"Fulcher N, Tran S, Shams S, Chatterjee D, Gerlai R.",Zebrafish. 2017 Feb;14(1):23-34. doi: 10.1089/zeb.2016.1295. Epub 2016 Jul 25.,Fulcher N,Zebrafish,2017,2016-07-26,,10.1089/zeb.2016.1295
109,24907693,Juvenile stress affects anxiety-like behavior and limbic monoamines in adult rats,"Luo XM, Yuan SN, Guan XT, Xie X, Shao F, Wang WW.",Physiol Behav. 2014 Aug;135:7-16. doi: 10.1016/j.physbeh.2014.05.035. Epub 2014 Jun 4.,Luo XM,Physiol Behav,2014,2014-06-08,,10.1016/j.physbeh.2014.05.035
110,38661160,Combined Effects of Early Life Stress and Prolonged Exposure to Western Diet on Emotional Responses and Gut Microbiota,"López-Taboada I, Arboleya S, Sal-Sarria S, Gueimonde M, González-Pardo H, Conejo NM.",Psicothema. 2024 May;36(2):133-144. doi: 10.7334/psicothema2023.287.,López-Taboada I,Psicothema,2024,2024-04-25,,10.7334/psicothema2023.287
111,30201218,Effects of early life stress on biochemical indicators of the dopaminergic system: A 3 level meta-analysis of rodent studies,"Bonapersona V, Joëls M, Sarabdjitsingh RA.",Neurosci Biobehav Rev. 2018 Dec;95:1-16. doi: 10.1016/j.neubiorev.2018.09.003. Epub 2018 Sep 7.,Bonapersona V,Neurosci Biobehav Rev,2018,2018-09-12,,10.1016/j.neubiorev.2018.09.003
112,24162769,Diagnostic value and clinical significance of stress hormones in patients with tinnitus,"Kim DK, Chung DY, Bae SC, Park KH, Yeo SW, Park SN.",Eur Arch Otorhinolaryngol. 2014 Nov;271(11):2915-21. doi: 10.1007/s00405-013-2785-5. Epub 2013 Oct 26.,Kim DK,Eur Arch Otorhinolaryngol,2014,2013-10-29,,10.1007/s00405-013-2785-5
113,28731451,"Novel Blood-Based Biomarkers of Cognition, Stress, and Physical or Cognitive Training in Older Adults at Risk of Dementia: Preliminary Evidence for a Role of BDNF, Irisin, and the Kynurenine Pathway","Küster OC, Laptinskaya D, Fissler P, Schnack C, Zügel M, Nold V, Thurm F, Pleiner S, Karabatsiakis A, von Einem B, Weydt P, Liesener A, Borta A, Woll A, Hengerer B, Kolassa IT, von Arnim CAF.",J Alzheimers Dis. 2017;59(3):1097-1111. doi: 10.3233/JAD-170447.,Küster OC,J Alzheimers Dis,2017,2017-07-22,,10.3233/JAD-170447
114,28273684,"Stress-sensitive arterial hypertension, haemodynamic changes and brain metabolites in hypertensive ISIAH rats: MRI investigation","Seryapina AA, Shevelev OB, Moshkin MP, Markel AL, Akulov AE.",Exp Physiol. 2017 May 1;102(5):523-532. doi: 10.1113/EP086064. Epub 2017 Apr 7.,Seryapina AA,Exp Physiol,2017,2017-03-09,,10.1113/EP086064
115,26724575,"Mouse chronic social stress increases blood and brain kynurenine pathway activity and fear behaviour: Both effects are reversed by inhibition of indoleamine 2,3-dioxygenase","Fuertig R, Azzinnari D, Bergamini G, Cathomas F, Sigrist H, Seifritz E, Vavassori S, Luippold A, Hengerer B, Ceci A, Pryce CR.",Brain Behav Immun. 2016 May;54:59-72. doi: 10.1016/j.bbi.2015.12.020. Epub 2015 Dec 24.,Fuertig R,Brain Behav Immun,2016,2016-01-03,,10.1016/j.bbi.2015.12.020
116,17604913,Early life stress and novelty seeking behavior in adolescent monkeys,"Parker KJ, Rainwater KL, Buckmaster CL, Schatzberg AF, Lindley SE, Lyons DM.",Psychoneuroendocrinology. 2007 Aug;32(7):785-92. doi: 10.1016/j.psyneuen.2007.05.008. Epub 2007 Jul 2.,Parker KJ,Psychoneuroendocrinology,2007,2007-07-03,PMC2716798,10.1016/j.psyneuen.2007.05.008
117,33972646,Decrease of α-defensin impairs intestinal metabolite homeostasis via dysbiosis in mouse chronic social defeat stress model,"Suzuki K, Nakamura K, Shimizu Y, Yokoi Y, Ohira S, Hagiwara M, Wang Y, Song Y, Aizawa T, Ayabe T.",Sci Rep. 2021 May 10;11(1):9915. doi: 10.1038/s41598-021-89308-y.,Suzuki K,Sci Rep,2021,2021-05-11,PMC8110768,10.1038/s41598-021-89308-y
118,38397124,Non-Targeted Metabolomics Investigation of a Sub-Chronic Variable Stress Model Unveils Sex-Dependent Metabolic Differences Induced by Stress,"Kang S, Kim W, Nam J, Li K, Kang Y, Bae B, Chun KH, Chung C, Lee J.",Int J Mol Sci. 2024 Feb 19;25(4):2443. doi: 10.3390/ijms25042443.,Kang S,Int J Mol Sci,2024,2024-02-24,PMC10889542,10.3390/ijms25042443
119,21703288,Social stress and reproductive success in the female Syrian hamster: endocrine and behavioral correlates,"Chelini MO, Palme R, Otta E.",Physiol Behav. 2011 Oct 24;104(5):948-54. doi: 10.1016/j.physbeh.2011.06.006. Epub 2011 Jun 16.,Chelini MO,Physiol Behav,2011,2011-06-28,,10.1016/j.physbeh.2011.06.006
120,31325375,Altered monoamine levels in the dorsal striatum of the rat are associated with alterations in behavioural selection and motivation following peripheral nerve injury and acute stress,"Gemikonakli G, Keay KA, Kendig MD, Kang JWM, Corbit LH, Mor D.",Eur J Neurosci. 2019 Sep;50(5):2786-2800. doi: 10.1111/ejn.14518. Epub 2019 Aug 10.,Gemikonakli G,Eur J Neurosci,2019,2019-07-21,,10.1111/ejn.14518
121,34320918,Changes in kynurenine pathway metabolites after acute psychosocial stress in healthy males: a single-arm pilot study,"La Torre D, Dalile B, de Loor H, Van Oudenhove L, Verbeke K.",Stress. 2021 Nov;24(6):920-930. doi: 10.1080/10253890.2021.1959546. Epub 2021 Aug 4.,La Torre D,Stress,2021,2021-07-29,,10.1080/10253890.2021.1959546
122,38763328,Oral microbiota dysbiosis alters chronic restraint stress-induced depression-like behaviors by modulating host metabolism,"Lou F, Luo S, Kang N, Yan L, Long H, Yang L, Wang H, Liu Y, Pu J, Xie P, Ji P, Jin X.",Pharmacol Res. 2024 Jun;204:107214. doi: 10.1016/j.phrs.2024.107214. Epub 2024 May 17.,Lou F,Pharmacol Res,2024,2024-05-19,,10.1016/j.phrs.2024.107214
123,24911317,Acute net stressor increases whole-body cortisol levels without altering whole-brain monoamines in zebrafish,"Tran S, Chatterjee D, Gerlai R.",Behav Neurosci. 2014 Oct;128(5):621-4. doi: 10.1037/bne0000005. Epub 2014 Jun 9.,Tran S,Behav Neurosci,2014,2014-06-10,,10.1037/bne0000005
124,25629821,Acute and chronic plasma metabolomic and liver transcriptomic stress effects in a mouse model with features of post-traumatic stress disorder,"Gautam A, D'Arpa P, Donohue DE, Muhie S, Chakraborty N, Luke BT, Grapov D, Carroll EE, Meyerhoff JL, Hammamieh R, Jett M.",PLoS One. 2015 Jan 28;10(1):e0117092. doi: 10.1371/journal.pone.0117092. eCollection 2015.,Gautam A,PLoS One,2015,2015-01-29,PMC4309402,10.1371/journal.pone.0117092
125,2247559,The predictive role of psychosocial stress on symptom severity in premenstrual syndrome,"Beck LE, Gevirtz R, Mortola JF.",Psychosom Med. 1990 Sep-Oct;52(5):536-43. doi: 10.1097/00006842-199009000-00006.,Beck LE,Psychosom Med,1990,1990-09-01,,10.1097/00006842-199009000-00006
126,24015247,Perceived stress at work is associated with lower levels of DHEA-S,"Lennartsson AK, Theorell T, Rockwood AL, Kushnir MM, Jonsdottir IH.",PLoS One. 2013 Aug 28;8(8):e72460. doi: 10.1371/journal.pone.0072460. eCollection 2013.,Lennartsson AK,PLoS One,2013,2013-09-10,PMC3756071,10.1371/journal.pone.0072460
127,10071178,Stress and self-injurious behavior; hormonal and serotonergic parameters in mentally retarded subjects,"Verhoeven WM, Tuinier S, van den Berg YW, Coppus AM, Fekkes D, Pepplinkhuizen L, Thijssen JH.",Pharmacopsychiatry. 1999 Jan;32(1):13-20. doi: 10.1055/s-2007-979183.,Verhoeven WM,Pharmacopsychiatry,1999,1999-03-10,,10.1055/s-2007-979183
128,31034851,Limited effects of early life manipulations on sex-specific gene expression and behavior in adulthood,"Candemir E, Post A, Dischinger US, Palme R, Slattery DA, O'Leary A, Reif A.",Behav Brain Res. 2019 Sep 2;369:111927. doi: 10.1016/j.bbr.2019.111927. Epub 2019 Apr 26.,Candemir E,Behav Brain Res,2019,2019-04-30,,10.1016/j.bbr.2019.111927
129,19120112,Estrogen replacement suppresses pressor response and oxidative stress induced by cage-switch stress in ovariectomized rats,"Morimoto K, Uji M, Ueyama T, Kimura H, Kohno T, Takamata A, Yano S, Yoshida K.",Ann N Y Acad Sci. 2008 Dec;1148:213-8. doi: 10.1196/annals.1410.045.,Morimoto K,Ann N Y Acad Sci,2008,2009-01-06,,10.1196/annals.1410.045
130,31028243,Differential lipid composition and regulation along the hippocampal longitudinal axis,"Miranda AM, Bravo FV, Chan RB, Sousa N, Di Paolo G, Oliveira TG.",Transl Psychiatry. 2019 Apr 26;9(1):144. doi: 10.1038/s41398-019-0478-6.,Miranda AM,Transl Psychiatry,2019,2019-04-28,PMC6486574,10.1038/s41398-019-0478-6
131,29302971,Metabonomics Approach To Comparing the Antistress Effects of Four Panax ginseng Components in Rats,"Wang J, Hou Y, Jia Z, Xie X, Liu J, Kang Y, Wang X, Wang X, Jia W.",J Proteome Res. 2018 Feb 2;17(2):813-821. doi: 10.1021/acs.jproteome.7b00559. Epub 2018 Jan 25.,Wang J,J Proteome Res,2018,2018-01-06,,10.1021/acs.jproteome.7b00559
132,31575329,Systematic analysis of severity in a widely used cognitive depression model for mice,"Mallien AS, Häger C, Palme R, Talbot SR, Vogt MA, Pfeiffer N, Brandwein C, Struve B, Inta D, Chourbaji S, Hellweg R, Vollmayr B, Bleich A, Gass P.",Lab Anim. 2020 Feb;54(1):40-49. doi: 10.1177/0023677219874831. Epub 2019 Oct 1.,Mallien AS,Lab Anim,2020,2019-10-03,,10.1177/0023677219874831
133,17474765,Metabonomic studies on the physiological effects of acute and chronic psychological stress in Sprague-Dawley rats,"Teague CR, Dhabhar FS, Barton RH, Beckwith-Hall B, Powell J, Cobain M, Singer B, McEwen BS, Lindon JC, Nicholson JK, Holmes E.",J Proteome Res. 2007 Jun;6(6):2080-93. doi: 10.1021/pr060412s. Epub 2007 May 3.,Teague CR,J Proteome Res,2007,2007-05-04,,10.1021/pr060412s
134,26777726,Stress impairs new but not established relationships in seasonally social voles,"Anacker AM, Reitz KM, Goodwin NL, Beery AK.",Horm Behav. 2016 Mar;79:52-7. doi: 10.1016/j.yhbeh.2016.01.004. Epub 2016 Jan 14.,Anacker AM,Horm Behav,2016,2016-01-19,,10.1016/j.yhbeh.2016.01.004
135,38552706,Maternal separation regulates sensitivity of stress-induced depression in mice by affecting hippocampal metabolism,"Zhang Y, Wang H, Liu L, Mo X, He D, Chen X, Xiao R, Cheng Q, Fatima M, Du Y, Xie P.",Physiol Behav. 2024 May 15;279:114530. doi: 10.1016/j.physbeh.2024.114530. Epub 2024 Mar 27.,Zhang Y,Physiol Behav,2024,2024-03-29,,10.1016/j.physbeh.2024.114530
136,25495725,Valeriana officinalis root extract suppresses physical stress by electric shock and psychological stress by nociceptive stimulation-evoked responses by decreasing the ratio of monoamine neurotransmitters to their metabolites,"Jung HY, Yoo DY, Kim W, Nam SM, Kim JW, Choi JH, Kwak YG, Yoon YS, Hwang IK.",BMC Complement Altern Med. 2014 Dec 11;14:476. doi: 10.1186/1472-6882-14-476.,Jung HY,BMC Complement Altern Med,2014,2014-12-16,PMC4364108,10.1186/1472-6882-14-476
137,16890594,The effect of acute psychologic stress on systemic and rectal mucosal measures of inflammation in ulcerative colitis,"Mawdsley JE, Macey MG, Feakins RM, Langmead L, Rampton DS.",Gastroenterology. 2006 Aug;131(2):410-9. doi: 10.1053/j.gastro.2006.05.017.,Mawdsley JE,Gastroenterology,2006,2006-08-08,,10.1053/j.gastro.2006.05.017
138,30352070,"Glucocorticoid measurement in plasma, urates, and feathers from California condors (Gymnogyps californianus) in response to a human-induced stressor","Glucs ZE, Smith DR, Tubbs CW, Jones Scherbinski J, Welch A, Burnett J, Clark M, Eng C, Finkelstein ME.",PLoS One. 2018 Oct 23;13(10):e0205565. doi: 10.1371/journal.pone.0205565. eCollection 2018.,Glucs ZE,PLoS One,2018,2018-10-24,PMC6198957,10.1371/journal.pone.0205565
139,26156003,Serum Tryptophan Metabolite Levels During Sleep in Patients With and Without Irritable Bowel Syndrome (IBS),"Heitkemper MM, Han CJ, Jarrett ME, Gu H, Djukovic D, Shulman RJ, Raftery D, Henderson WA, Cain KC.",Biol Res Nurs. 2016 Mar;18(2):193-8. doi: 10.1177/1099800415594251. Epub 2015 Jul 7.,Heitkemper MM,Biol Res Nurs,2016,2015-07-10,PMC5472373,10.1177/1099800415594251
140,21880211,Redox balance signalling in occupational stress: modification by nutraceutical intervention,"Marotta F, Naito Y, Padrini F, Xuewei X, Jain S, Soresi V, Zhou L, Catanzaro R, Zhong K, Polimeni A, Chui DH.",J Biol Regul Homeost Agents. 2011 Apr-Jun;25(2):221-9.,Marotta F,J Biol Regul Homeost Agents,2011,2011-09-02,,
141,34884735,Alterations in Metabolome and Microbiome Associated with an Early Stress Stage in Male Wistar Rats: A Multi-Omics Approach,"Hernandez-Baixauli J, Puigbò P, Abasolo N, Palacios-Jordan H, Foguet-Romero E, Suñol D, Galofré M, Caimari A, Baselga-Escudero L, Bas JMD, Mulero M.",Int J Mol Sci. 2021 Nov 29;22(23):12931. doi: 10.3390/ijms222312931.,Hernandez-Baixauli J,Int J Mol Sci,2021,2021-12-10,PMC8657954,10.3390/ijms222312931
142,29155989,5-Hydroxytryptamine-Independent Antidepressant Actions of (R)-Ketamine in a Chronic Social Defeat Stress Model,"Zhang K, Dong C, Fujita Y, Fujita A, Hashimoto K.",Int J Neuropsychopharmacol. 2018 Feb 1;21(2):157-163. doi: 10.1093/ijnp/pyx100.,Zhang K,Int J Neuropsychopharmacol,2018,2017-11-21,PMC5793842,10.1093/ijnp/pyx100
143,15607297,Association between childhood trauma and catecholamine response to psychological stress in police academy recruits,"Otte C, Neylan TC, Pole N, Metzler T, Best S, Henn-Haase C, Yehuda R, Marmar CR.",Biol Psychiatry. 2005 Jan 1;57(1):27-32. doi: 10.1016/j.biopsych.2004.10.009.,Otte C,Biol Psychiatry,2005,2004-12-21,,10.1016/j.biopsych.2004.10.009
144,29491683,Gas chromatography/mass spectrometry based metabolomic study in a murine model of irritable bowel syndrome,"Yu LM, Zhao KJ, Wang SS, Wang X, Lu B.",World J Gastroenterol. 2018 Feb 28;24(8):894-904. doi: 10.3748/wjg.v24.i8.894.,Yu LM,World J Gastroenterol,2018,2018-03-02,PMC5829153,10.3748/wjg.v24.i8.894
145,29451821,Protection from vascular dysfunction in female rats with chronic stress and depressive symptoms,"Brooks SD, Hileman SM, Chantler PD, Milde SA, Lemaster KA, Frisbee SJ, Shoemaker JK, Jackson DN, Frisbee JC.",Am J Physiol Heart Circ Physiol. 2018 May 1;314(5):H1070-H1084. doi: 10.1152/ajpheart.00647.2017. Epub 2018 Feb 16.,Brooks SD,Am J Physiol Heart Circ Physiol,2018,2018-02-17,PMC6008141,10.1152/ajpheart.00647.2017
146,31991203,Anti-depressive effects of Kai-Xin-San on lipid metabolism in depressed patients and CUMS rats using metabolomic analysis,"Zhou X, Wang J, Lu Y, Chen C, Hu Y, Liu P, Dong X.",J Ethnopharmacol. 2020 Apr 24;252:112615. doi: 10.1016/j.jep.2020.112615. Epub 2020 Jan 25.,Zhou X,J Ethnopharmacol,2020,2020-01-29,,10.1016/j.jep.2020.112615
147,32215686,Stress-induced impairment in fear discrimination is causally related to increased kynurenic acid formation in the prefrontal cortex,"Klausing AD, Fukuwatari T, Bucci DJ, Schwarcz R.",Psychopharmacology (Berl). 2020 Jul;237(7):1931-1941. doi: 10.1007/s00213-020-05507-x. Epub 2020 Mar 25.,Klausing AD,Psychopharmacology (Berl),2020,2020-03-28,PMC7308198,10.1007/s00213-020-05507-x
148,23960161,Effects of acute and chronic stress on the L-arginine nitric oxide pathway in black and white South Africans: the sympathetic activity and ambulatory blood pressure in Africans study,"Reimann M, Hamer M, Malan NT, Schlaich MP, Lambert GW, Ziemssen T, Boeger RH, Malan L.",Psychosom Med. 2013 Oct;75(8):751-8. doi: 10.1097/PSY.0b013e3182a3e465. Epub 2013 Aug 19.,Reimann M,Psychosom Med,2013,2013-08-21,,10.1097/PSY.0b013e3182a3e465
149,38653001,Effects of psychogenic stress on oxidative stress and antioxidant capacity at different growth stages of rats: Experimental study,"Lee S, Itagaki A, Satoh A, Sugimoto I, Saito T, Shibukawa Y, Tatehana H.",PLoS One. 2024 Apr 16;19(4):e0287421. doi: 10.1371/journal.pone.0287421. eCollection 2024.,Lee S,PLoS One,2024,2024-04-23,PMC11038576,10.1371/journal.pone.0287421
150,36430957,Salivary microRNA and Metabolic Profiles in a Mouse Model of Subchronic and Mild Social Defeat Stress,"Yoshida Y, Yajima Y, Kawakami K, Nakamura SI, Tsukahara T, Oishi K, Toyoda A.",Int J Mol Sci. 2022 Nov 21;23(22):14479. doi: 10.3390/ijms232214479.,Yoshida Y,Int J Mol Sci,2022,2022-11-26,PMC9692636,10.3390/ijms232214479
151,28365686,Chronic Stress Contributes to Cognitive Dysfunction and Hippocampal Metabolic Abnormalities in APP/PS1 Mice,"Han B, Wang JH, Geng Y, Shen L, Wang HL, Wang YY, Wang MW.",Cell Physiol Biochem. 2017;41(5):1766-1776. doi: 10.1159/000471869. Epub 2017 Mar 31.,Han B,Cell Physiol Biochem,2017,2017-04-03,,10.1159/000471869
152,30181591,Reduced fucosylation in the distal intestinal epithelium of mice subjected to chronic social defeat stress,"Omata Y, Aoki R, Aoki-Yoshida A, Hiemori K, Toyoda A, Tateno H, Suzuki C, Takayama Y.",Sci Rep. 2018 Sep 4;8(1):13199. doi: 10.1038/s41598-018-31403-8.,Omata Y,Sci Rep,2018,2018-09-06,PMC6123462,10.1038/s41598-018-31403-8
153,21503773,Role of RNA interference in plant improvement,"Jagtap UB, Gurav RG, Bapat VA.",Naturwissenschaften. 2011 Jun;98(6):473-92. doi: 10.1007/s00114-011-0798-8. Epub 2011 Apr 19.,Jagtap UB,Naturwissenschaften,2011,2011-04-20,,10.1007/s00114-011-0798-8
154,19894061,Muscle oxygenation and glycolysis in females with trapezius myalgia during stress and repetitive work using microdialysis and NIRS,"Sjøgaard G, Rosendal L, Kristiansen J, Blangsted AK, Skotte J, Larsson B, Gerdle B, Saltin B, Søgaard K.",Eur J Appl Physiol. 2010 Mar;108(4):657-69. doi: 10.1007/s00421-009-1268-2. Epub 2009 Nov 6.,Sjøgaard G,Eur J Appl Physiol,2010,2009-11-07,,10.1007/s00421-009-1268-2
155,22885231,Bax and B-cell-lymphoma 2 mediate proapoptotic signaling following chronic isolation stress in rat brain,"Zlatković J, Filipović D.",Neuroscience. 2012 Oct 25;223:238-45. doi: 10.1016/j.neuroscience.2012.08.005. Epub 2012 Aug 9.,Zlatković J,Neuroscience,2012,2012-08-14,,10.1016/j.neuroscience.2012.08.005
156,39028279,Age- and sex-dependent cardiovascular impact of maternal perinatal stress and altered dopaminergic metabolism in the medulla oblongata of the offspring,"Czarzasta K, Sztechman D, Zera T, Wojciechowska M, Segiet-Swiecicka A, Puchalska L, Momot K, Joniec-Maciejak I, Machaj E, Sajdel-Sulkowska EM.",Am J Physiol Heart Circ Physiol. 2024 Sep 1;327(3):H614-H630. doi: 10.1152/ajpheart.00548.2023. Epub 2024 Jul 19.,Czarzasta K,Am J Physiol Heart Circ Physiol,2024,2024-07-19,,10.1152/ajpheart.00548.2023
157,7886107,Regional changes in dopamine and serotonin activation with various intensity of physical and psychological stress in the rat brain,"Inoue T, Tsuchiya K, Koyama T.",Pharmacol Biochem Behav. 1994 Dec;49(4):911-20. doi: 10.1016/0091-3057(94)90243-7.,Inoue T,Pharmacol Biochem Behav,1994,1994-12-01,,10.1016/0091-3057(94)90243-7
158,34475489,Integrative analysis of the gut microbiome and metabolome in a rat model with stress induced irritable bowel syndrome,"Hu Y, Chen F, Ye H, Lu B.",Sci Rep. 2021 Sep 2;11(1):17596. doi: 10.1038/s41598-021-97083-z.,Hu Y,Sci Rep,2021,2021-09-03,PMC8413334,10.1038/s41598-021-97083-z
159,2426718,Urinary monoamine metabolites as indices of mental stress in healthy males and females,"Frankenhaeuser M, Lundberg U, Rauste von Wright M, von Wright J, Sedvall G.",Pharmacol Biochem Behav. 1986 Jun;24(6):1521-5. doi: 10.1016/0091-3057(86)90478-8.,Frankenhaeuser M,Pharmacol Biochem Behav,1986,1986-06-01,,10.1016/0091-3057(86)90478-8
160,30980851,"Beneficial effects of (R)-ketamine, but not its metabolite (2R,6R)-hydroxynorketamine, in the depression-like phenotype, inflammatory bone markers, and bone mineral density in a chronic social defeat stress model","Xiong Z, Fujita Y, Zhang K, Pu Y, Chang L, Ma M, Chen J, Hashimoto K.",Behav Brain Res. 2019 Aug 5;368:111904. doi: 10.1016/j.bbr.2019.111904. Epub 2019 Apr 11.,Xiong Z,Behav Brain Res,2019,2019-04-14,,10.1016/j.bbr.2019.111904
161,22005600,Anxiogenic and stress-inducing effects of peripherally administered acetaldehyde in mice: similarities with the disulfiram-ethanol reaction,"Escrig MA, Pardo M, Aragon CM, Correa M.",Pharmacol Biochem Behav. 2012 Jan;100(3):404-12. doi: 10.1016/j.pbb.2011.10.002. Epub 2011 Oct 8.,Escrig MA,Pharmacol Biochem Behav,2012,2011-10-19,,10.1016/j.pbb.2011.10.002
162,32152797,Metabolomic abnormalities of purine and lipids implicated olfactory bulb dysfunction of CUMS depressive rats,"He Y, Wang Y, Wu Z, Lan T, Tian Y, Chen X, Li Y, Dang R, Bai M, Cheng K, Xie P.",Metab Brain Dis. 2020 Apr;35(4):649-659. doi: 10.1007/s11011-020-00557-8. Epub 2020 Mar 9.,He Y,Metab Brain Dis,2020,2020-03-11,,10.1007/s11011-020-00557-8
163,17681504,"The effect of chronic psychological stress on corticosterone, plasma metabolites, and immune responsiveness in European starlings","Cyr NE, Earle K, Tam C, Romero LM.",Gen Comp Endocrinol. 2007 Oct-Dec;154(1-3):59-66. doi: 10.1016/j.ygcen.2007.06.016. Epub 2007 Jun 29.,Cyr NE,Gen Comp Endocrinol,2007,2007-08-08,,10.1016/j.ygcen.2007.06.016
164,21277333,"Neurochemical, hormonal, and behavioral effects of chronic unpredictable stress in the rat","Cox BM, Alsawah F, McNeill PC, Galloway MP, Perrine SA.",Behav Brain Res. 2011 Jun 20;220(1):106-11. doi: 10.1016/j.bbr.2011.01.038. Epub 2011 Jan 28.,Cox BM,Behav Brain Res,2011,2011-02-01,PMC3064719,10.1016/j.bbr.2011.01.038
165,22047727,Tianeptine reverses stress-induced asymmetrical hippocampal volume and N-acetylaspartate loss in rats: an in vivo study,"Liu W, Shu XJ, Chen FY, Zhu C, Sun XH, Liu LJ, Ai YX, Li YG, Zhao H.",Psychiatry Res. 2011 Dec 30;194(3):385-392. doi: 10.1016/j.pscychresns.2011.02.007. Epub 2011 Nov 1.,Liu W,Psychiatry Res,2011,2011-11-04,,10.1016/j.pscychresns.2011.02.007
166,37380799,Venlafaxine's effect on resilience to stress is associated with a shift in the balance between glucose and fatty acid utilization,"Brivio P, Audano M, Gallo MT, Miceli E, Gruca P, Lason M, Litwa E, Fumagalli F, Papp M, Mitro N, Calabrese F.",Neuropsychopharmacology. 2023 Sep;48(10):1475-1483. doi: 10.1038/s41386-023-01633-0. Epub 2023 Jun 28.,Brivio P,Neuropsychopharmacology,2023,2023-06-28,PMC10425382,10.1038/s41386-023-01633-0
167,31752360,The Steroidogenesis Inhibitor Finasteride Reduces the Response to Both Stressful and Rewarding Stimuli,"Godar SC, Cadeddu R, Floris G, Mosher LJ, Mi Z, Jarmolowicz DP, Scheggi S, Walf AA, Koonce CJ, Frye CA, Muma NA, Bortolato M.",Biomolecules. 2019 Nov 19;9(11):749. doi: 10.3390/biom9110749.,Godar SC,Biomolecules,2019,2019-11-23,PMC6920809,10.3390/biom9110749
168,22455995,Novel Ocimumoside A and B as anti-stress agents: modulation of brain monoamines and antioxidant systems in chronic unpredictable stress model in rats,"Ahmad A, Rasheed N, Gupta P, Singh S, Siripurapu KB, Ashraf GM, Kumar R, Chand K, Maurya R, Banu N, Al-Sheeha M, Palit G.",Phytomedicine. 2012 May 15;19(7):639-47. doi: 10.1016/j.phymed.2012.02.012. Epub 2012 Mar 26.,Ahmad A,Phytomedicine,2012,2012-03-30,,10.1016/j.phymed.2012.02.012
169,30231081,Impact of repeated anesthesia with ketamine and xylazine on the well-being of C57BL/6JRj mice,"Hohlbaum K, Bert B, Dietze S, Palme R, Fink H, Thöne-Reineke C.",PLoS One. 2018 Sep 19;13(9):e0203559. doi: 10.1371/journal.pone.0203559. eCollection 2018.,Hohlbaum K,PLoS One,2018,2018-09-20,PMC6145541,10.1371/journal.pone.0203559
170,21945946,Place conditioning and neurochemical responses elicited by the aftereffect of acute stressor exposure involving an elevated stand,"Shen YL, Chen JC, Liao RM.",Neurosci Lett. 2011 Oct 24;504(2):156-159. doi: 10.1016/j.neulet.2011.09.022. Epub 2011 Sep 17.,Shen YL,Neurosci Lett,2011,2011-09-28,,10.1016/j.neulet.2011.09.022
171,27057585,Environmental Enrichment Effect on Fecal Glucocorticoid Metabolites and Captive Maned Wolf (Chrysocyon brachyurus) Behavior,"Coelho CM, de Azevedo CS, Guimarães MA, Young RJ.",J Appl Anim Welf Sci. 2016 Oct-Dec;19(4):353-62. doi: 10.1080/10888705.2016.1161512. Epub 2016 Apr 8.,Coelho CM,J Appl Anim Welf Sci,2016,2016-04-09,,10.1080/10888705.2016.1161512
172,34474339,Lycium barbarum polysaccharide attenuates emotional injury of offspring elicited by prenatal chronic stress in rats via regulation of gut microbiota,"Zhao F, Guan S, Fu Y, Wang K, Liu Z, Ng TB.",Biomed Pharmacother. 2021 Nov;143:112087. doi: 10.1016/j.biopha.2021.112087. Epub 2021 Aug 31.,Zhao F,Biomed Pharmacother,2021,2021-09-02,,10.1016/j.biopha.2021.112087
173,24870353,The potential biomarker panels for identification of Major Depressive Disorder (MDD) patients with and without early life stress (ELS) by metabonomic analysis,"Ding X, Yang S, Li W, Liu Y, Li Z, Zhang Y, Li L, Liu S.",PLoS One. 2014 May 28;9(5):e97479. doi: 10.1371/journal.pone.0097479. eCollection 2014.,Ding X,PLoS One,2014,2014-05-30,PMC4037179,10.1371/journal.pone.0097479
174,29451819,Protection from chronic stress- and depressive symptom-induced vascular endothelial dysfunction in female rats is abolished by preexisting metabolic disease,"Brooks SD, Hileman SM, Chantler PD, Milde SA, Lemaster KA, Frisbee SJ, Shoemaker JK, Jackson DN, Frisbee JC.",Am J Physiol Heart Circ Physiol. 2018 May 1;314(5):H1085-H1097. doi: 10.1152/ajpheart.00648.2017. Epub 2018 Feb 16.,Brooks SD,Am J Physiol Heart Circ Physiol,2018,2018-02-17,PMC6008143,10.1152/ajpheart.00648.2017
175,25189624,Occlusal disharmony accelerates the initiation of atherosclerosis in apoE knockout rats,"Ekuni D, Yoneda T, Endo Y, Kasuyama K, Irie K, Mizutani S, Azuma T, Tomofuji T, Morita M.",Lipids Health Dis. 2014 Sep 5;13:144. doi: 10.1186/1476-511X-13-144.,Ekuni D,Lipids Health Dis,2014,2014-09-06,PMC4174667,10.1186/1476-511X-13-144
176,25117886,Effect of acute swim stress on plasma corticosterone and brain monoamine levels in bidirectionally selected DxH recombinant inbred mouse strains differing in fear recall and extinction,"Browne CA, Hanke J, Rose C, Walsh I, Foley T, Clarke G, Schwegler H, Cryan JF, Yilmazer-Hanke D.",Stress. 2014 Dec;17(6):471-83. doi: 10.3109/10253890.2014.954104.,Browne CA,Stress,2014,2014-08-14,PMC4527314,10.3109/10253890.2014.954104
177,20536337,"Alterations in monoamine levels and oxidative systems in frontal cortex, striatum, and hippocampus of the rat brain during chronic unpredictable stress","Ahmad A, Rasheed N, Banu N, Palit G.",Stress. 2010 Jul;13(4):355-64. doi: 10.3109/10253891003667862.,Ahmad A,Stress,2010,2010-06-12,,10.3109/10253891003667862
178,28214871,Restraint Stress during Pregnancy Rapidly Raises Kynurenic Acid Levels in Mouse Placenta and Fetal Brain,"Notarangelo FM, Schwarcz R.",Dev Neurosci. 2016;38(6):458-468. doi: 10.1159/000455228. Epub 2017 Feb 18.,Notarangelo FM,Dev Neurosci,2016,2017-02-20,PMC5462839,10.1159/000455228
179,27397903,Influence of immobilization and forced swim stress on the neurotoxicity of lambda-cyhalothrin in rats: Effect on brain biogenic amines and BBB permeability,"Shukla RK, Dhuriya YK, Chandravanshi LP, Gupta R, Srivastava P, Pant AB, Kumar A, Pandey CM, Siddiqui MH, Khanna VK.",Neurotoxicology. 2017 May;60:187-196. doi: 10.1016/j.neuro.2016.07.002. Epub 2016 Jul 7.,Shukla RK,Neurotoxicology,2017,2016-07-12,,10.1016/j.neuro.2016.07.002
180,33011232,The impact of varying food availability on health and welfare in mice: Testing the Match-Mismatch hypothesis,"Feige-Diller J, Palme R, Kaiser S, Sachser N, Richter SH.",Physiol Behav. 2021 Jan 1;228:113193. doi: 10.1016/j.physbeh.2020.113193. Epub 2020 Oct 2.,Feige-Diller J,Physiol Behav,2021,2020-10-04,,10.1016/j.physbeh.2020.113193
181,12054631,Psychological stress increases bilirubin metabolites in human urine,"Yamaguchi T, Shioji I, Sugimoto A, Yamaoka M.",Biochem Biophys Res Commun. 2002 Apr 26;293(1):517-20. doi: 10.1016/S0006-291X(02)00233-4.,Yamaguchi T,Biochem Biophys Res Commun,2002,2002-06-11,,10.1016/S0006-291X(02)00233-4
182,22728158,Effects of temperature on urinary corticosterone metabolite responses to short-term capture and handling stress in the cane toad (Rhinella marina),"Narayan EJ, Cockrem JF, Hero JM.",Gen Comp Endocrinol. 2012 Sep 1;178(2):301-5. doi: 10.1016/j.ygcen.2012.06.014. Epub 2012 Jun 21.,Narayan EJ,Gen Comp Endocrinol,2012,2012-06-26,,10.1016/j.ygcen.2012.06.014
183,9395623,Stress reduction and preventing hypertension: preliminary support for a psychoneuroendocrine mechanism,"Walton KG, Pugh ND, Gelderloos P, Macrae P.",J Altern Complement Med. 1995 Fall;1(3):263-83. doi: 10.1089/acm.1995.1.263.,Walton KG,J Altern Complement Med,1995,1995-10-01,,10.1089/acm.1995.1.263
184,30412681,Quantitative profiling of cortisol metabolites in human urine by high-resolution accurate-mass MS,"Wang Y, Fujioka N, Xing C.",Bioanalysis. 2018 Dec;10(24):2015-2026. doi: 10.4155/bio-2018-0182. Epub 2018 Nov 6.,Wang Y,Bioanalysis,2018,2018-11-10,PMC6462871,10.4155/bio-2018-0182
185,26654800,"Changes in the Concentrations of Corticoid Metabolites--The Effect of Stress, Diet and Analytical Method","Dušková M, Sosvorová L, Vítků J, Jandíková H, Rácz B, Chlupáčová T, De Cordeiro J, Stárka L.",Prague Med Rep. 2015;116(4):268-78. doi: 10.14712/23362936.2015.66.,Dušková M,Prague Med Rep,2015,2015-12-15,,10.14712/23362936.2015.66
186,15147103,Changes in clinically relevant metabolites with psychological stress parameters,"Hapuarachchi JR, Chalmers AH, Winefield AH, Blake-Mortimer JS.",Behav Med. 2003 Summer;29(2):52-9. doi: 10.1080/08964280309596057.,Hapuarachchi JR,Behav Med,2003,2004-05-19,,10.1080/08964280309596057
187,31959868,Systematic impacts of chronic unpredictable mild stress on metabolomics in rats,"Geng C, Guo Y, Wang C, Liao D, Han W, Zhang J, Jiang P.",Sci Rep. 2020 Jan 20;10(1):700. doi: 10.1038/s41598-020-57566-x.,Geng C,Sci Rep,2020,2020-01-22,PMC6971284,10.1038/s41598-020-57566-x
188,1782559,Effects of cocaine and footshock stress on extracellular dopamine levels in the ventral striatum,"Sorg BA, Kalivas PW.",Brain Res. 1991 Sep 13;559(1):29-36. doi: 10.1016/0006-8993(91)90283-2.,Sorg BA,Brain Res,1991,1991-09-13,,10.1016/0006-8993(91)90283-2
189,29382834,Metabolite identification in fecal microbiota transplantation mouse livers and combined proteomics with chronic unpredictive mild stress mouse livers,"Li B, Guo K, Zeng L, Zeng B, Huo R, Luo Y, Wang H, Dong M, Zheng P, Zhou C, Chen J, Liu Y, Liu Z, Fang L, Wei H, Xie P.",Transl Psychiatry. 2018 Jan 31;8(1):34. doi: 10.1038/s41398-017-0078-2.,Li B,Transl Psychiatry,2018,2018-02-01,PMC5802540,10.1038/s41398-017-0078-2
190,36089851,Tao-Hong-Si-Wu decoction improves depressive symptoms in model rats via amelioration of BDNF-CREB-arginase I axis disorders,"Zhang X, Li Z, Shen C, He J, Wang L, Di L, Rui B, Li N, Liu Z.",Pharm Biol. 2022 Dec;60(1):1739-1750. doi: 10.1080/13880209.2022.2116460.,Zhang X,Pharm Biol,2022,2022-09-12,PMC9467594,10.1080/13880209.2022.2116460
191,25431499,Physiological and behavioural responses to weaning conflict in free-ranging primate infants,"Mandalaywala TM, Higham JP, Heistermann M, Parker KJ, Maestripieri D.",Anim Behav. 2014 Nov 1;97:241-247. doi: 10.1016/j.anbehav.2014.09.016.,Mandalaywala TM,Anim Behav,2014,2014-11-29,PMC4242433,10.1016/j.anbehav.2014.09.016
192,32785263,Urine metabolomic responses to aerobic and resistance training in rats under chronic unpredictable mild stress,"Han Y, Jia Y, Tian J, Zhou S, Chen A, Luo X.",PLoS One. 2020 Aug 12;15(8):e0237377. doi: 10.1371/journal.pone.0237377. eCollection 2020.,Han Y,PLoS One,2020,2020-08-14,PMC7423134,10.1371/journal.pone.0237377
193,30791338,Intervention mechanism of repeated oral GABA administration on anxiety-like behaviors induced by emotional stress in rats,"He Y, Ouyang J, Hu Z, Yang J, Chu Y, Huang S, Yang Y, Liu C.",Psychiatry Res. 2019 Jan;271:649-657. doi: 10.1016/j.psychres.2018.12.025. Epub 2018 Dec 5.,He Y,Psychiatry Res,2019,2019-02-23,,10.1016/j.psychres.2018.12.025
194,33248165,Antidepressant-like effects of 1-methylnicotinamide in a chronic unpredictable mild stress model of depression,"Zhao J, Zhang Y, Liu Y, Tang WQ, Ji CH, Gu JH, Jiang B.",Neurosci Lett. 2021 Jan 18;742:135535. doi: 10.1016/j.neulet.2020.135535. Epub 2020 Nov 25.,Zhao J,Neurosci Lett,2021,2020-11-28,,10.1016/j.neulet.2020.135535
195,26506213,Gastrointestinal Symptoms and Altered Intestinal Permeability Induced by Combat Training Are Associated with Distinct Metabotypic Changes,"Phua LC, Wilder-Smith CH, Tan YM, Gopalakrishnan T, Wong RK, Li X, Kan ME, Lu J, Keshavarzian A, Chan EC.",J Proteome Res. 2015 Nov 6;14(11):4734-42. doi: 10.1021/acs.jproteome.5b00603. Epub 2015 Oct 27.,Phua LC,J Proteome Res,2015,2015-10-28,,10.1021/acs.jproteome.5b00603
196,10669056,Stress induced spontaneous recurrence of methamphetamine psychosis: the relation between stressful experiences and sensitivity to stress,"Yui K, Goto K, Ikemoto S, Ishiguro T.",Drug Alcohol Depend. 2000 Feb 1;58(1-2):67-75. doi: 10.1016/s0376-8716(99)00060-5.,Yui K,Drug Alcohol Depend,2000,2000-02-11,,10.1016/s0376-8716(99)00060-5
197,33010391,Remediation of chronic immobilization stress-induced negative affective behaviors and altered metabolism of monoamines in the prefrontal cortex by inactivation of basolateral amygdala,"Tripathi SJ, Chakraborty S, Rao BSS.",Neurochem Int. 2020 Dec;141:104858. doi: 10.1016/j.neuint.2020.104858. Epub 2020 Sep 30.,Tripathi SJ,Neurochem Int,2020,2020-10-03,,10.1016/j.neuint.2020.104858
198,24675034,Underlying inflammation has no impact on the oxidative stress response to acute mental stress,"Wadley AJ, Veldhuijzen van Zanten JJ, Paine NJ, Drayson MT, Aldred S.",Brain Behav Immun. 2014 Aug;40:182-90. doi: 10.1016/j.bbi.2014.03.009. Epub 2014 Mar 24.,Wadley AJ,Brain Behav Immun,2014,2014-03-29,,10.1016/j.bbi.2014.03.009
199,32361186,Salivary cortisol response to psychosocial stress in the late evening depends on CRHR1 genotype,"Weeger J, Ising M, Müller-Myhsok B, Uhr M, Schmidt U, Steiger A.",Psychoneuroendocrinology. 2020 Jun;116:104685. doi: 10.1016/j.psyneuen.2020.104685. Epub 2020 Apr 18.,Weeger J,Psychoneuroendocrinology,2020,2020-05-04,,10.1016/j.psyneuen.2020.104685
200,24952268,Chronic scream sound exposure alters memory and monoamine levels in female rat brain,"Hu L, Zhao X, Yang J, Wang L, Yang Y, Song T, Huang C.",Physiol Behav. 2014 Oct;137:53-9. doi: 10.1016/j.physbeh.2014.06.012. Epub 2014 Jun 19.,Hu L,Physiol Behav,2014,2014-06-22,,10.1016/j.physbeh.2014.06.012
201,39387175,Early-Life Milk α(S1)-Casein Allergy Induces the Activation of Astrocytes in Mice and Leads to Stress Vulnerability in Adulthood,"Zhang K, Zhang L, Jian Y, Tang X, Han M, Pu Z, Zhang Y, Zhou P.",J Agric Food Chem. 2024 Oct 23;72(42):23493-23510. doi: 10.1021/acs.jafc.4c05425. Epub 2024 Oct 10.,Zhang K,J Agric Food Chem,2024,2024-10-10,,10.1021/acs.jafc.4c05425
202,21034296,Eugenol as an anti-stress agent: modulation of hypothalamic-pituitary-adrenal axis and brain monoaminergic systems in a rat model of stress,"Garabadu D, Shah A, Ahmad A, Joshi VB, Saxena B, Palit G, Krishnamurthy S.",Stress. 2011 Mar;14(2):145-55. doi: 10.3109/10253890.2010.521602. Epub 2010 Oct 31.,Garabadu D,Stress,2011,2010-11-02,,10.3109/10253890.2010.521602
203,24518569,"Regulation of plasma testosterone, corticosterone, and metabolites in response to stress, reproductive stage, and social challenges in a desert male songbird","Deviche P, Beouche-Helias B, Davies S, Gao S, Lane S, Valle S.",Gen Comp Endocrinol. 2014 Jul 1;203:120-31. doi: 10.1016/j.ygcen.2014.01.010. Epub 2014 Feb 8.,Deviche P,Gen Comp Endocrinol,2014,2014-02-13,,10.1016/j.ygcen.2014.01.010
204,38909051,Increased reactivity of the paraventricular nucleus of the hypothalamus and decreased threat responding in male rats following psilocin administration,"Effinger DP, Hoffman JL, Mott SE, Magee SN, Quadir SG, Rollison CS, Toedt D, Echeveste Sanchez M, High MW, Hodge CW, Herman MA.",Nat Commun. 2024 Jun 22;15(1):5321. doi: 10.1038/s41467-024-49741-9.,Effinger DP,Nat Commun,2024,2024-06-22,PMC11193716,10.1038/s41467-024-49741-9
205,25473818,Protective effect of eugenol against restraint stress-induced gastrointestinal dysfunction: Potential use in irritable bowel syndrome,"Garabadu D, Shah A, Singh S, Krishnamurthy S.",Pharm Biol. 2015 Jul;53(7):968-74. doi: 10.3109/13880209.2014.950674. Epub 2014 Dec 4.,Garabadu D,Pharm Biol,2015,2014-12-05,,10.3109/13880209.2014.950674
206,33594816,Unraveling the Microbial Mechanisms Underlying the Psychobiotic Potential of a Bifidobacterium breve Strain,"Tian P, Bastiaanssen TFS, Song L, Jiang B, Zhang X, Zhao J, Zhang H, Chen W, Cryan JF, Wang G.",Mol Nutr Food Res. 2021 Apr;65(8):e2000704. doi: 10.1002/mnfr.202000704. Epub 2021 Mar 9.,Tian P,Mol Nutr Food Res,2021,2021-02-17,,10.1002/mnfr.202000704
207,38474260,Postpartum Oxytocin Treatment via the Mother Reprograms Long-Term Behavioral Disorders Induced by Early Life Stress on the Plasma and Brain Metabolome in the Rat,"Morley-Fletcher S, Gaetano A, Gao V, Gatta E, Van Camp G, Bouwalerh H, Thomas P, Nicoletti F, Maccari S.",Int J Mol Sci. 2024 Mar 5;25(5):3014. doi: 10.3390/ijms25053014.,Morley-Fletcher S,Int J Mol Sci,2024,2024-03-13,PMC10932010,10.3390/ijms25053014
208,19712729,Dietary l-tyrosine alleviates the behavioral alterations induced by social isolation stress in mice,"Kabuki Y, Mizobe Y, Yamada S, Furuse M.",Brain Res Bull. 2009 Dec 16;80(6):389-96. doi: 10.1016/j.brainresbull.2009.08.014. Epub 2009 Aug 25.,Kabuki Y,Brain Res Bull,2009,2009-08-29,,10.1016/j.brainresbull.2009.08.014
209,17853068,Water temperature determines neurochemical and behavioural responses to forced swim stress: an in vivo microdialysis and biotelemetry study in rats,"Linthorst AC, Flachskamm C, Reul JM.",Stress. 2008 Mar;11(2):88-100. doi: 10.1080/10253890701533231.,Linthorst AC,Stress,2008,2007-09-14,,10.1080/10253890701533231
210,33379343,"Theanine, Antistress Amino Acid in Tea Leaves, Causes Hippocampal Metabolic Changes and Antidepressant Effects in Stress-Loaded Mice","Unno K, Muguruma Y, Inoue K, Konishi T, Taguchi K, Hasegawa-Ishii S, Shimada A, Nakamura Y.",Int J Mol Sci. 2020 Dec 28;22(1):193. doi: 10.3390/ijms22010193.,Unno K,Int J Mol Sci,2020,2020-12-31,PMC7795947,10.3390/ijms22010193
211,32915417,The Changes in (1)H-MRS Metabolites in Cuprizone-Induced Model of Multiple Sclerosis: Effects of Prior Psychological Stress,"Meknatkhah S, Dashti PS, Raminfard S, Rad HS, Mousavi MS, Riazi GH.",J Mol Neurosci. 2021 Apr;71(4):804-809. doi: 10.1007/s12031-020-01702-9. Epub 2020 Sep 11.,Meknatkhah S,J Mol Neurosci,2021,2020-09-11,,10.1007/s12031-020-01702-9
212,36813161,Chronic oral ketamine prevents anhedonia and alters neuronal activation in the lateral habenula and nucleus accumbens in rats under chronic unpredictable mild stress,"Kingir E, Sevinc C, Unal G.",Neuropharmacology. 2023 May 1;228:109468. doi: 10.1016/j.neuropharm.2023.109468. Epub 2023 Feb 20.,Kingir E,Neuropharmacology,2023,2023-02-22,,10.1016/j.neuropharm.2023.109468
213,18061622,Mental stress induces sustained elevation of blood pressure and lipid peroxidation in postmenopausal women,"Morimoto K, Morikawa M, Kimura H, Ishii N, Takamata A, Hara Y, Uji M, Yoshida K.",Life Sci. 2008 Jan 2;82(1-2):99-107. doi: 10.1016/j.lfs.2007.10.018. Epub 2007 Nov 7.,Morimoto K,Life Sci,2008,2007-12-07,,10.1016/j.lfs.2007.10.018
214,33836246,Multi-omics Analysis of the Amygdala in a Rat Chronic Unpredictable Mild Stress Model of Depression,"Li X, Zhou X, Teng T, Fan L, Liu X, Xiang Y, Jiang Y, Xie P, Zhu D.",Neuroscience. 2021 May 21;463:174-183. doi: 10.1016/j.neuroscience.2021.03.031. Epub 2021 Apr 6.,Li X,Neuroscience,2021,2021-04-09,,10.1016/j.neuroscience.2021.03.031
215,21438775,Stress and stereotypic behaviour in mink (Mustela vison): a focus on adrenocortical activity,"Malmkvist J, Jeppesen LL, Palme R.",Stress. 2011 May;14(3):312-23. doi: 10.3109/10253890.2010.547640. Epub 2011 Mar 27.,Malmkvist J,Stress,2011,2011-03-29,,10.3109/10253890.2010.547640
216,11890962,Predictable stress promotes place preference and low mesoaccumbens dopamine response,"Orsini C, Ventura R, Lucchese F, Puglisi-Allegra S, Cabib S.",Physiol Behav. 2002 Feb 1-15;75(1-2):135-41. doi: 10.1016/s0031-9384(01)00629-1.,Orsini C,Physiol Behav,2002,2002-03-14,,10.1016/s0031-9384(01)00629-1
217,18031771,Sex differences in the effects of two stress paradigms on dopaminergic neurotransmission,"Dalla C, Antoniou K, Kokras N, Drossopoulou G, Papathanasiou G, Bekris S, Daskas S, Papadopoulou-Daifoti Z.",Physiol Behav. 2008 Feb 27;93(3):595-605. doi: 10.1016/j.physbeh.2007.10.020. Epub 2007 Oct 30.,Dalla C,Physiol Behav,2008,2007-11-23,,10.1016/j.physbeh.2007.10.020
218,31471910,Toward evidence-based severity assessment in rat models with repeated seizures: II. Chemical post-status epilepticus model,"Koska I, van Dijk RM, Seiffert I, Di Liberto V, Möller C, Palme R, Hellweg R, Potschka H.",Epilepsia. 2019 Oct;60(10):2114-2127. doi: 10.1111/epi.16330. Epub 2019 Aug 31.,Koska I,Epilepsia,2019,2019-09-01,,10.1111/epi.16330
219,17881016,Removing individual rats affects indicators of welfare in the remaining group members,"Burman O, Owen D, Abouismail U, Mendl M.",Physiol Behav. 2008 Jan 28;93(1-2):89-96. doi: 10.1016/j.physbeh.2007.08.001. Epub 2007 Aug 10.,Burman O,Physiol Behav,2008,2007-09-21,,10.1016/j.physbeh.2007.08.001
220,10675287,"Noradrenaline, dopamine, serotonin: different effects of psychological stress on brain biogenic amines in mice and rats","Konstandi M, Johnson E, Lang MA, Malamas M, Marselos M.",Pharmacol Res. 2000 Mar;41(3):341-6. doi: 10.1006/phrs.1999.0597.,Konstandi M,Pharmacol Res,2000,2000-02-17,,10.1006/phrs.1999.0597
221,21942754,Dietary supplementation with l-arginine partially counteracts serum metabonome induced by weaning stress in piglets,"He Q, Tang H, Ren P, Kong X, Wu G, Yin Y, Wang Y.",J Proteome Res. 2011 Nov 4;10(11):5214-21. doi: 10.1021/pr200688u. Epub 2011 Oct 13.,He Q,J Proteome Res,2011,2011-09-28,,10.1021/pr200688u
222,15568496,[Correlation between some stress-realizing and stress-limiting systems in an acute period of ischemic stroke],"Matsko MA, Ivanova NE.",Patol Fiziol Eksp Ter. 2004 Oct-Dec;(4):14-6.,Matsko MA,Patol Fiziol Eksp Ter,2004,2004-12-01,,
223,25460538,Effects of morphine on stress induced anxiety in rats: role of nitric oxide and Hsp70,"Joshi JC, Ray A, Gulati K.",Physiol Behav. 2015 Feb;139:393-6. doi: 10.1016/j.physbeh.2014.11.056. Epub 2014 Nov 21.,Joshi JC,Physiol Behav,2015,2014-12-03,,10.1016/j.physbeh.2014.11.056
224,25523118,Gradation of the stress response in rainbow trout exposed to stressors of different severity: the role of brain serotonergic and dopaminergic systems,"Gesto M, López-Patiño MA, Hernández J, Soengas JL, Míguez JM.",J Neuroendocrinol. 2015 Feb;27(2):131-41. doi: 10.1111/jne.12248.,Gesto M,J Neuroendocrinol,2015,2014-12-20,,10.1111/jne.12248
225,27689899,Sleep restriction alters plasma endocannabinoids concentrations before but not after exercise in humans,"Cedernaes J, Fanelli F, Fazzini A, Pagotto U, Broman JE, Vogel H, Dickson SL, Schiöth HB, Benedict C.",Psychoneuroendocrinology. 2016 Dec;74:258-268. doi: 10.1016/j.psyneuen.2016.09.014. Epub 2016 Sep 22.,Cedernaes J,Psychoneuroendocrinology,2016,2016-10-01,,10.1016/j.psyneuen.2016.09.014
226,25058621,"The relationship of dominance, reproductive state and stress in female horses (Equus caballus)","York CA, Schulte BA.",Behav Processes. 2014 Sep;107:15-21. doi: 10.1016/j.beproc.2014.07.005. Epub 2014 Jul 21.,York CA,Behav Processes,2014,2014-07-25,,10.1016/j.beproc.2014.07.005
227,38733800,Impact of lifetime stressor exposure on neuroenergetics in schizophrenia spectrum disorders,"Chiappelli J, Savransky A, Ma Y, Gao S, Kvarta MD, Kochunov P, Slavich GM, Hong LE.",Schizophr Res. 2024 Jul;269:58-63. doi: 10.1016/j.schres.2024.04.027. Epub 2024 May 10.,Chiappelli J,Schizophr Res,2024,2024-05-11,PMC11180558,10.1016/j.schres.2024.04.027
228,38780474,Evidence for a role of the basolateral amygdala in regulating regional metabolism in the stressed brain,"Adkins AM, Luyo ZNM, Kim WK, Wellman LL, Sanford LD.",Sci Prog. 2024 Apr-Jun;107(2):368504241253692. doi: 10.1177/00368504241253692.,Adkins AM,Sci Prog,2024,2024-05-23,PMC11119309,10.1177/00368504241253692
229,39150654,Treatment response of venlafaxine induced alterations of gut microbiota and metabolites in a mouse model of depression,"Chen Y, Liu Y, Pu J, Gui S, Wang D, Zhong X, Tao W, Chen X, Chen W, Chen X, Qiao R, Li Z, Tao X, Xie P.",Metab Brain Dis. 2024 Dec;39(8):1505-1521. doi: 10.1007/s11011-024-01403-x. Epub 2024 Aug 16.,Chen Y,Metab Brain Dis,2024,2024-08-16,,10.1007/s11011-024-01403-x
230,10482801,Psychological stress-induced enhancement of brain lipid peroxidation via nitric oxide systems and its modulation by anxiolytic and anxiogenic drugs in mice,"Matsumoto K, Yobimoto K, Huong NT, Abdel-Fattah M, Van Hien T, Watanabe H.",Brain Res. 1999 Aug 21;839(1):74-84. doi: 10.1016/s0006-8993(99)01715-1.,Matsumoto K,Brain Res,1999,1999-09-14,,10.1016/s0006-8993(99)01715-1
231,24561016,Psychostimulant use among college students during periods of high and low stress: an interdisciplinary approach utilizing both self-report and unobtrusive chemical sample data,"Moore DR, Burgard DA, Larson RG, Ferm M.",Addict Behav. 2014 May;39(5):987-93. doi: 10.1016/j.addbeh.2014.01.021. Epub 2014 Feb 6.,Moore DR,Addict Behav,2014,2014-02-25,,10.1016/j.addbeh.2014.01.021
232,20798660,Effect of increased dietary protein on tolerance to intensified training,"Witard OC, Jackman SR, Kies AK, Jeukendrup AE, Tipton KD.",Med Sci Sports Exerc. 2011 Apr;43(4):598-607. doi: 10.1249/MSS.0b013e3181f684c9.,Witard OC,Med Sci Sports Exerc,2011,2010-08-28,,10.1249/MSS.0b013e3181f684c9
233,16019600,Social isolation stress-induced aggression in mice: a model to study the pharmacology of neurosteroidogenesis,"Matsumoto K, Pinna G, Puia G, Guidotti A, Costa E.",Stress. 2005 Jun;8(2):85-93. doi: 10.1080/10253890500159022.,Matsumoto K,Stress,2005,2005-07-16,,10.1080/10253890500159022
234,29161409,Transfer and Metabolism of Cortisol by the Isolated Perfused Human Placenta,"Stirrat LI, Sengers BG, Norman JE, Homer NZM, Andrew R, Lewis RM, Reynolds RM.",J Clin Endocrinol Metab. 2018 Feb 1;103(2):640-648. doi: 10.1210/jc.2017-02140.,Stirrat LI,J Clin Endocrinol Metab,2018,2017-11-22,PMC5800837,10.1210/jc.2017-02140
235,26819772,Acute Psychological Stress Modulates the Expression of Enzymes Involved in the Kynurenine Pathway throughout Corticolimbic Circuits in Adult Male Rats,"Vecchiarelli HA, Gandhi CP, Hill MN.",Neural Plast. 2016;2016:7215684. doi: 10.1155/2016/7215684. Epub 2015 Dec 27.,Vecchiarelli HA,Neural Plast,2016,2016-01-29,PMC4706967,10.1155/2016/7215684
236,29790069,"Antidepressant Effects of the Ginsenoside Metabolite Compound K, Assessed by Behavioral Despair Test and Chronic Unpredictable Mild Stress Model","Song W, Guo Y, Jiang S, Wei L, Liu Z, Wang X, Su Y.",Neurochem Res. 2018 Jul;43(7):1371-1382. doi: 10.1007/s11064-018-2552-5. Epub 2018 May 22.,Song W,Neurochem Res,2018,2018-05-24,,10.1007/s11064-018-2552-5
237,34381165,Juvenile social defeat stress exposure favors in later onset of irritable bowel syndrome-like symptoms in male mice,"Matsumoto K, Takata K, Yamada D, Usuda H, Wada K, Tada M, Mishima Y, Ishihara S, Horie S, Saitoh A, Kato S.",Sci Rep. 2021 Aug 11;11(1):16276. doi: 10.1038/s41598-021-95916-5.,Matsumoto K,Sci Rep,2021,2021-08-12,PMC8357959,10.1038/s41598-021-95916-5
238,33414370,"Chronic unpredictable mild stress produces depressive-like behavior, hypercortisolemia, and metabolic dysfunction in adolescent cynomolgus monkeys","Teng T, Shively CA, Li X, Jiang X, Neigh GN, Yin B, Zhang Y, Fan L, Xiang Y, Wang M, Liu X, Qin M, Zhou X, Xie P.",Transl Psychiatry. 2021 Jan 4;11(1):9. doi: 10.1038/s41398-020-01132-6.,Teng T,Transl Psychiatry,2021,2021-01-08,PMC7791128,10.1038/s41398-020-01132-6
239,26387612,Acute restraint stress increases carotid reactivity in type-I diabetic rats by enhancing Nox4/NADPH oxidase functionality,"Moreira JD, Pernomian L, Gomes MS, Pernomian L, Moreira RP, do Prado AF, da Silva CH, de Oliveira AM.",Eur J Pharmacol. 2015 Oct 15;765:503-16. doi: 10.1016/j.ejphar.2015.09.020. Epub 2015 Sep 24.,Moreira JD,Eur J Pharmacol,2015,2015-09-22,,10.1016/j.ejphar.2015.09.020
240,36343797,Anti-depressive-like and cognitive impairment alleviation effects of Gastrodia elata Blume water extract is related to gut microbiome remodeling in ApoE(-/-) mice exposed to unpredictable chronic mild stress,"Huang HS, Lin YE, Panyod S, Chen RA, Lin YC, Chai LMX, Hsu CC, Wu WK, Lu KH, Huang YJ, Sheen LY.",J Ethnopharmacol. 2023 Feb 10;302(Pt B):115872. doi: 10.1016/j.jep.2022.115872. Epub 2022 Nov 5.,Huang HS,J Ethnopharmacol,2023,2022-11-07,,10.1016/j.jep.2022.115872
241,15820412,"Urinary excretion of biopyrrins, oxidative metabolites of bilirubin, increases in patients with psychiatric disorders","Miyaoka T, Yasukawa R, Yasuda H, Shimizu M, Mizuno S, Sukegawa T, Inagaki T, Horiguchi J.",Eur Neuropsychopharmacol. 2005 May;15(3):249-52. doi: 10.1016/j.euroneuro.2004.11.002. Epub 2005 Jan 25.,Miyaoka T,Eur Neuropsychopharmacol,2005,2005-04-12,,10.1016/j.euroneuro.2004.11.002
242,29673919,[Pseudo pheochromocytoma induced by professional stress: A case report],"Chihaoui M, Jaidane A, Yazidi M, Oueslati I, Chaker F, Rejeb O, Slimane H.",Rev Med Interne. 2018 Nov;39(11):879-881. doi: 10.1016/j.revmed.2018.03.377. Epub 2018 Apr 16.,Chihaoui M,Rev Med Interne,2018,2018-04-21,,10.1016/j.revmed.2018.03.377
243,19507268,"Antioxidant effect of tianwang buxin pills a traditional chinese medicine formula: double-blind, randomized controlled trial","Gim GT, Kim HM, Kim J, Kim J, Whang WW, Cho SH.",Am J Chin Med. 2009;37(2):227-39. doi: 10.1142/S0192415X09006795.,Gim GT,Am J Chin Med,2009,2009-06-10,,10.1142/S0192415X09006795
244,32259885,Stress causes cognitive impairment by affecting cholesterol efflux and reuptake leading to abnormalities in lipid metabolism of rats,"Ye R, Zhang M, Zhang S, Bai S, Jiang Z, Cai Q, Cao K, Shen C, Shi Y, Zhang R, Yang L.",J Integr Neurosci. 2020 Mar 30;19(1):39-49. doi: 10.31083/j.jin.2020.01.1249.,Ye R,J Integr Neurosci,2020,2020-04-08,,10.31083/j.jin.2020.01.1249
245,38992564,"Increased malondialdehyde and nitric oxide formation, lowered total radical trapping capacity coupled with psychological stressors are strongly associated with the phenome of first-episode mild depression in undergraduate students","Brinholi FF, Vasupanrajit A, Semeão LO, Michelin AP, Matsumoto AK, Almulla AF, Tunvirachaisakul C, Barbosa DS, Maes M.",Neuroscience. 2024 Aug 30;554:52-62. doi: 10.1016/j.neuroscience.2024.06.003. Epub 2024 Jul 9.,Brinholi FF,Neuroscience,2024,2024-07-11,,10.1016/j.neuroscience.2024.06.003
246,25448433,Chronic unpredictable stress during adolescence causes long-term anxiety,"Chaby LE, Cavigelli SA, Hirrlinger AM, Caruso MJ, Braithwaite VA.",Behav Brain Res. 2015 Feb 1;278:492-5. doi: 10.1016/j.bbr.2014.09.003. Epub 2014 Oct 22.,Chaby LE,Behav Brain Res,2015,2014-12-03,,10.1016/j.bbr.2014.09.003
247,24252492,Effect of sulfated polysaccharides from Laminaria japonica on vascular endothelial cells in psychological stress rats,"Li J, Wang S, Yang X, Pang G, Zheng H, Shen B, Li G, Shi D, Wang J, Feng L, Li M, Wei W, Qin W, Xie L.",J Ethnopharmacol. 2014;151(1):601-8. doi: 10.1016/j.jep.2013.11.014. Epub 2013 Nov 16.,Li J,J Ethnopharmacol,2014,2013-11-21,,10.1016/j.jep.2013.11.014
248,20134205,Stress in wildlife species: noninvasive monitoring of glucocorticoids,"Romano MC, Rodas AZ, Valdez RA, Hernández SE, Galindo F, Canales D, Brousset DM.",Neuroimmunomodulation. 2010;17(3):209-12. doi: 10.1159/000258726. Epub 2010 Feb 4.,Romano MC,Neuroimmunomodulation,2010,2010-02-06,,10.1159/000258726
249,26193673,Sex-reversed correlation between stress levels and dominance rank in a captive non-breeder flock of crows,"Ode M, Asaba A, Miyazawa E, Mogi K, Kikusui T, Izawa E.",Horm Behav. 2015 Jul;73:131-4. doi: 10.1016/j.yhbeh.2015.07.012. Epub 2015 Jul 18.,Ode M,Horm Behav,2015,2015-07-21,,10.1016/j.yhbeh.2015.07.012
250,36829227,Matrine alleviates depressive-like behaviors via modulating microbiota-gut-brain axis in CUMS-induced mice,"Zhang M, Li A, Yang Q, Li J, Zheng L, Wang G, Sun Y, Huang Y, Zhang M, Song Z, Liu L.",J Transl Med. 2023 Feb 24;21(1):145. doi: 10.1186/s12967-023-03993-z.,Zhang M,J Transl Med,2023,2023-02-24,PMC9951532,10.1186/s12967-023-03993-z
251,33791372,Agomelatine Softens Depressive-Like Behavior through the Regulation of Autophagy and Apoptosis,"Chen F, Chen S, Liu J, Amin N, Jin W, Fang M.",Biomed Res Int. 2021 Mar 17;2021:6664591. doi: 10.1155/2021/6664591. eCollection 2021.,Chen F,Biomed Res Int,2021,2021-04-01,PMC7994102,10.1155/2021/6664591
252,31445977,Dietary of n-3 polyunsaturated fatty acids influence neurotransmitter systems of rats exposed to unpredictable chronic mild stress,"Yang R, Zhang MQ, Xue Y, Yang R, Tang MM.",Behav Brain Res. 2019 Dec 30;376:112172. doi: 10.1016/j.bbr.2019.112172. Epub 2019 Aug 22.,Yang R,Behav Brain Res,2019,2019-08-26,,10.1016/j.bbr.2019.112172
253,15796050,[Oxidative stress related diseases and biopyrrins],Shioji I.,Rinsho Byori. 2005 Feb;53(2):155-9.,Shioji I,Rinsho Byori,2005,2005-03-31,,
254,32734823,Investigating the potential of fish oil as a nutraceutical in an animal model of early life stress,"Egerton S, Donoso F, Fitzgerald P, Gite S, Fouhy F, Whooley J, Dinan TG, Cryan JF, Culloty SC, Ross RP, Stanton C.",Nutr Neurosci. 2022 Feb;25(2):356-378. doi: 10.1080/1028415X.2020.1753322. Epub 2020 Jul 31.,Egerton S,Nutr Neurosci,2022,2020-08-01,,10.1080/1028415X.2020.1753322
255,28073366,Oral treatment with Lactobacillus rhamnosus attenuates behavioural deficits and immune changes in chronic social stress,"Bharwani A, Mian MF, Surette MG, Bienenstock J, Forsythe P.",BMC Med. 2017 Jan 11;15(1):7. doi: 10.1186/s12916-016-0771-7.,Bharwani A,BMC Med,2017,2017-01-12,PMC5225647,10.1186/s12916-016-0771-7
256,1712115,"CSF monoamine metabolite concentrations vary according to age, rearing, and sex, and are influenced by the stressor of social separation in rhesus monkeys","Higley JD, Suomi SJ, Linnoila M.",Psychopharmacology (Berl). 1991;103(4):551-6. doi: 10.1007/BF02244258.,Higley JD,Psychopharmacology (Berl),1991,1991-01-01,,10.1007/BF02244258
257,3945655,Effects of preshock experience on enhancement of rat brain noradrenaline turnover induced by psychological stress,"Tsuda A, Tanaka M, Ida Y, Tsujimaru S, Ushijima I, Nagasaki N.",Pharmacol Biochem Behav. 1986 Jan;24(1):115-9. doi: 10.1016/0091-3057(86)90053-5.,Tsuda A,Pharmacol Biochem Behav,1986,1986-01-01,,10.1016/0091-3057(86)90053-5
258,24333542,Behavioral and neurochemical effects of dietary methyl donor deficiency combined with unpredictable chronic mild stress in rats,"Javelot H, Messaoudi M, Jacquelin C, Bisson JF, Rozan P, Nejdi A, Lazarus C, Cassel JC, Strazielle C, Lalonde R.",Behav Brain Res. 2014 Mar 15;261:8-16. doi: 10.1016/j.bbr.2013.11.047. Epub 2013 Dec 9.,Javelot H,Behav Brain Res,2014,2013-12-17,,10.1016/j.bbr.2013.11.047
259,23540599,Effect of traumatic imagery on cerebrospinal fluid dopamine and serotonin metabolites in posttraumatic stress disorder,"Geracioti TD Jr, Jefferson-Wilson L, Strawn JR, Baker DG, Dashevsky BA, Horn PS, Ekhator NN.",J Psychiatr Res. 2013 Jul;47(7):995-8. doi: 10.1016/j.jpsychires.2013.01.023. Epub 2013 Mar 27.,Geracioti TD Jr,J Psychiatr Res,2013,2013-04-02,,10.1016/j.jpsychires.2013.01.023
260,28104224,"(R)-Ketamine Shows Greater Potency and Longer Lasting Antidepressant Effects Than Its Metabolite (2R,6R)-Hydroxynorketamine","Yang C, Qu Y, Abe M, Nozawa D, Chaki S, Hashimoto K.",Biol Psychiatry. 2017 Sep 1;82(5):e43-e44. doi: 10.1016/j.biopsych.2016.12.020. Epub 2016 Dec 23.,Yang C,Biol Psychiatry,2017,2017-01-21,,10.1016/j.biopsych.2016.12.020
261,39546044,"Depression, stress, and tryptophan metabolism through the kynurenine pathway: treatment strategies from the perspective of Chinese herbal medicine","Li W, Yang L, Chen H, Miao J, Wang Y, Zhou C, Chen Y, Kong Z, Shen C, Wu J, Li J, Zhu L, Li Z, Bian Y.",Metab Brain Dis. 2024 Nov 15;40(1):5. doi: 10.1007/s11011-024-01461-1.,Li W,Metab Brain Dis,2024,2024-11-15,,10.1007/s11011-024-01461-1
262,27520750,Chronic psychosocial stress in mice leads to changes in brain functional connectivity and metabolite levels comparable to human depression,"Grandjean J, Azzinnari D, Seuwen A, Sigrist H, Seifritz E, Pryce CR, Rudin M.",Neuroimage. 2016 Nov 15;142:544-552. doi: 10.1016/j.neuroimage.2016.08.013. Epub 2016 Aug 9.,Grandjean J,Neuroimage,2016,2016-08-14,,10.1016/j.neuroimage.2016.08.013
263,18455305,Olanzapine counteracts stress-induced anxiety-like behavior in rats,"Locchi F, Dall'olio R, Gandolfi O, Rimondini R.",Neurosci Lett. 2008 Jun 20;438(2):146-9. doi: 10.1016/j.neulet.2008.04.017. Epub 2008 Apr 10.,Locchi F,Neurosci Lett,2008,2008-05-06,,10.1016/j.neulet.2008.04.017
264,36972851,Abnormal compositions of gut microbiota and metabolites are associated with susceptibility versus resilience in rats to inescapable electric stress,"Wang X, Eguchi A, Fujita Y, Wan X, Chang L, Yang Y, Shan J, Qu Y, Ma L, Shirayama Y, Mori C, Yang J, Hashimoto K.",J Affect Disord. 2023 Jun 15;331:369-379. doi: 10.1016/j.jad.2023.03.073. Epub 2023 Mar 25.,Wang X,J Affect Disord,2023,2023-03-27,,10.1016/j.jad.2023.03.073
265,9438680,Precipitating factors in spontaneous recurrence of methamphetamine psychosis,"Yui K, Ishiguro T, Goto K, Ikemoto S.",Psychopharmacology (Berl). 1997 Dec;134(3):303-8. doi: 10.1007/s002130050453.,Yui K,Psychopharmacology (Berl),1997,1998-01-23,,10.1007/s002130050453
266,31279049,Stressor during Early Adolescence in Hyperreactive Female Wistar Kyoto Rats Induces a 'Double Hit' Manifested by Variation in Neurobehaviors and Brain Monoamines,"D'Souza D, Sadananda M.",Neuroscience. 2019 Aug 21;414:200-209. doi: 10.1016/j.neuroscience.2019.06.035. Epub 2019 Jul 3.,D'Souza D,Neuroscience,2019,2019-07-07,,10.1016/j.neuroscience.2019.06.035
267,21502999,Reduced hippocampal glutamate-glutamine levels in irritable bowel syndrome: preliminary findings using magnetic resonance spectroscopy,"Niddam DM, Tsai SY, Lu CL, Ko CW, Hsieh JC.",Am J Gastroenterol. 2011 Aug;106(8):1503-11. doi: 10.1038/ajg.2011.120. Epub 2011 Apr 19.,Niddam DM,Am J Gastroenterol,2011,2011-04-20,,10.1038/ajg.2011.120
268,31611004,Hippocampal metabolic alteration in rat exhibited susceptibility to prenatal stress,"Zhang H, He W, Huang Y, Zeng Z, Yang X, Huang H, Wen J, Cao Y, Sun H.",J Affect Disord. 2019 Dec 1;259:458-467. doi: 10.1016/j.jad.2019.08.002. Epub 2019 Aug 3.,Zhang H,J Affect Disord,2019,2019-10-16,,10.1016/j.jad.2019.08.002
269,29945718,AMPA Receptor Activation-Independent Antidepressant Actions of Ketamine Metabolite (S)-Norketamine,"Yang C, Kobayashi S, Nakao K, Dong C, Han M, Qu Y, Ren Q, Zhang JC, Ma M, Toki H, Yamaguchi JI, Chaki S, Shirayama Y, Nakazawa K, Manabe T, Hashimoto K.",Biol Psychiatry. 2018 Oct 15;84(8):591-600. doi: 10.1016/j.biopsych.2018.05.007. Epub 2018 May 14.,Yang C,Biol Psychiatry,2018,2018-06-28,,10.1016/j.biopsych.2018.05.007
270,27806913,Is social dispersal stressful? A study in male crested macaques (Macaca nigra),"Marty PR, Hodges K, Heistermann M, Agil M, Engelhardt A.",Horm Behav. 2017 Jan;87:62-68. doi: 10.1016/j.yhbeh.2016.10.018. Epub 2016 Oct 30.,Marty PR,Horm Behav,2017,2016-11-04,,10.1016/j.yhbeh.2016.10.018
271,38852644,Adrenalectomy exacerbates stress-induced impairment in fear discrimination: A causal role for kynurenic acid?,"Klausing AD, Fukuwatari T, DeAngeli N, Bucci DJ, Schwarcz R.",Biochem Pharmacol. 2024 Oct;228:116350. doi: 10.1016/j.bcp.2024.116350. Epub 2024 Jun 7.,Klausing AD,Biochem Pharmacol,2024,2024-06-09,,10.1016/j.bcp.2024.116350
272,12399945,"Substance P receptor antagonist and clomipramine prevent stress-induced alterations in cerebral metabolites, cytogenesis in the dentate gyrus and hippocampal volume","van der Hart MG, Czéh B, de Biurrun G, Michaelis T, Watanabe T, Natt O, Frahm J, Fuchs E.",Mol Psychiatry. 2002;7(9):933-41. doi: 10.1038/sj.mp.4001130.,van der Hart MG,Mol Psychiatry,2002,2002-10-26,,10.1038/sj.mp.4001130
273,22540866,Urinary biopyrrins: potential biomarker for monitoring of the response to treatment with anxiolytics,"Novío S, Núñez MJ, Ponte CM, Freire-Garabal M.",Basic Clin Pharmacol Toxicol. 2012 Sep;111(3):206-10. doi: 10.1111/j.1742-7843.2012.00888.x. Epub 2012 Apr 28.,Novío S,Basic Clin Pharmacol Toxicol,2012,2012-05-01,,10.1111/j.1742-7843.2012.00888.x
274,24630003,[The relationship of occupational stress and the level of some hormone metabolites in urine],"Wu H, Jiang K, Gu G, Wu Y, Yu S.",Zhonghua Lao Dong Wei Sheng Zhi Ye Bing Za Zhi. 2014 Feb;32(2):83-6.,Wu H,Zhonghua Lao Dong Wei Sheng Zhi Ye Bing Za Zhi,2014,2014-03-18,,
275,35133451,Metabolomics changes in brain-gut axis after unpredictable chronic mild stress,"Xu Q, Jiang M, Gu S, Zhang X, Feng G, Ma X, Xu S, Wu E, Huang JH, Wang F.",Psychopharmacology (Berl). 2022 Mar;239(3):729-743. doi: 10.1007/s00213-021-05958-w. Epub 2022 Feb 8.,Xu Q,Psychopharmacology (Berl),2022,2022-02-08,PMC8891102,10.1007/s00213-021-05958-w
276,29237567,Integrated Metabolomics and Proteomics Analysis of Hippocampus in a Rat Model of Depression,"Zhang Y, Yuan S, Pu J, Yang L, Zhou X, Liu L, Jiang X, Zhang H, Teng T, Tian L, Xie P.",Neuroscience. 2018 Feb 10;371:207-220. doi: 10.1016/j.neuroscience.2017.12.001. Epub 2017 Dec 10.,Zhang Y,Neuroscience,2018,2017-12-15,,10.1016/j.neuroscience.2017.12.001
277,28712571,Hierarchical Status Predicts Behavioral Vulnerability and Nucleus Accumbens Metabolic Profile Following Chronic Social Defeat Stress,"Larrieu T, Cherix A, Duque A, Rodrigues J, Lei H, Gruetter R, Sandi C.",Curr Biol. 2017 Jul 24;27(14):2202-2210.e4. doi: 10.1016/j.cub.2017.06.027. Epub 2017 Jul 14.,Larrieu T,Curr Biol,2017,2017-07-18,,10.1016/j.cub.2017.06.027
278,20832122,"Relationships between stress, social adaptation, personality traits, brain-derived neurotrophic factor and 3-methoxy-4-hydroxyphenylglycol plasma concentrations in employees at a publishing company in Japan","Okuno K, Yoshimura R, Ueda N, Ikenouchi-Sugita A, Umene-Nakano W, Hori H, Hayashi K, Katsuki A, Chen HI, Nakamura J.",Psychiatry Res. 2011 Apr 30;186(2-3):326-32. doi: 10.1016/j.psychres.2010.07.023. Epub 2010 Sep 15.,Okuno K,Psychiatry Res,2011,2010-09-14,,10.1016/j.psychres.2010.07.023
279,11755688,"Inverse relationship of hippocampal serotonin to avoidance behavior, serotonergic activation by emotional stress differentiated by estrous cycle and surgical stress","Sfikakis A, Papadopoulou-Daifotis Z, Bikas N.",Behav Brain Res. 2002 Jan 7;128(1):41-52. doi: 10.1016/s0166-4328(01)00267-4.,Sfikakis A,Behav Brain Res,2002,2002-01-05,,10.1016/s0166-4328(01)00267-4
280,38401573,A role of gut-brain axis on prophylactic actions of arketamine in male mice exposed to chronic restrain stress,"Ma L, Eguchi A, Liu G, Qu Y, Wan X, Murayama R, Mori C, Hashimoto K.",Pharmacol Biochem Behav. 2024 May;238:173736. doi: 10.1016/j.pbb.2024.173736. Epub 2024 Feb 23.,Ma L,Pharmacol Biochem Behav,2024,2024-02-24,,10.1016/j.pbb.2024.173736
281,32956757,Water extract of Armillaria mellea (Vahl) P. Kumm. Alleviates the depression-like behaviors in acute- and chronic mild stress-induced rodent models via anti-inflammatory action,"Lin YE, Wang HL, Lu KH, Huang YJ, Panyod S, Liu WT, Yang SH, Chen MH, Lu YS, Sheen LY.",J Ethnopharmacol. 2021 Jan 30;265:113395. doi: 10.1016/j.jep.2020.113395. Epub 2020 Sep 19.,Lin YE,J Ethnopharmacol,2021,2020-09-21,,10.1016/j.jep.2020.113395
282,11809509,Opposite imbalances between mesocortical and mesoaccumbens dopamine responses to stress by the same genotype depending on living conditions,"Cabib S, Ventura R, Puglisi-Allegra S.",Behav Brain Res. 2002 Feb 1;129(1-2):179-85. doi: 10.1016/s0166-4328(01)00339-4.,Cabib S,Behav Brain Res,2002,2002-01-26,,10.1016/s0166-4328(01)00339-4
283,23219962,A ¹H-NMR plasma metabonomic study of acute and chronic stress models of depression in rats,"Shi B, Tian J, Xiang H, Guo X, Zhang L, Du G, Qin X.",Behav Brain Res. 2013 Mar 15;241:86-91. doi: 10.1016/j.bbr.2012.11.036. Epub 2012 Dec 3.,Shi B,Behav Brain Res,2013,2012-12-11,,10.1016/j.bbr.2012.11.036
284,34657991,Links Between Gut Dysbiosis and Neurotransmitter Disturbance in Chronic Restraint Stress-Induced Depressive Behaviours: the Role of Inflammation,"Yang HL, Li MM, Zhou MF, Xu HS, Huan F, Liu N, Gao R, Wang J, Zhang N, Jiang L.",Inflammation. 2021 Dec;44(6):2448-2462. doi: 10.1007/s10753-021-01514-y. Epub 2021 Oct 17.,Yang HL,Inflammation,2021,2021-10-18,,10.1007/s10753-021-01514-y
285,33190083,Metabolomic analysis of the hippocampus in a rat model of chronic mild unpredictable stress-induced depression based on a pathway crosstalk and network module approach,"Gao Y, Mu J, Xu T, Linghu T, Zhao H, Tian J, Qin X.",J Pharm Biomed Anal. 2021 Jan 30;193:113755. doi: 10.1016/j.jpba.2020.113755. Epub 2020 Nov 6.,Gao Y,J Pharm Biomed Anal,2021,2020-11-15,,10.1016/j.jpba.2020.113755
286,33548474,N-3 PUFA improved post-menopausal depression induced by maternal separation and chronic mild stress through serotonergic pathway in rats-effect associated with lipid mediators,"Choi JE, Borkowski K, Newman JW, Park Y.",J Nutr Biochem. 2021 May;91:108599. doi: 10.1016/j.jnutbio.2021.108599. Epub 2021 Feb 3.,Choi JE,J Nutr Biochem,2021,2021-02-06,,10.1016/j.jnutbio.2021.108599
287,24282141,The effect of energetic and psychosocial stressors on glucocorticoids in mantled howler monkeys (Alouatta palliata),"Gómez-Espinosa E, Rangel-Negrín A, Chavira R, Canales-Espinosa D, Dias PA.",Am J Primatol. 2014 Apr;76(4):362-73. doi: 10.1002/ajp.22240. Epub 2013 Nov 26.,Gómez-Espinosa E,Am J Primatol,2014,2013-11-28,,10.1002/ajp.22240
288,15257879,The effect of examination stress conditions on the cortisol content of saliva - a study of students from clinical semesters,"Krahwinkel T, Nastali S, Azrak B, Willershausen B.",Eur J Med Res. 2004 May 28;9(5):256-60.,Krahwinkel T,Eur J Med Res,2004,2004-07-20,,
289,27666163,Personality modulates proportions of CD4(+) regulatory and effector T cells in response to socially induced stress in a rodent of wild origin,"Rangassamy M, Khaleghparast Athari S, Monclús R, Boissier MC, Bessis N, Rödel HG.",Physiol Behav. 2016 Dec 1;167:255-264. doi: 10.1016/j.physbeh.2016.09.016. Epub 2016 Sep 22.,Rangassamy M,Physiol Behav,2016,2016-09-27,,10.1016/j.physbeh.2016.09.016
290,39068530,The improvement effect of exercise on rats with chronic stress-induced depression-like behavior: a discussion based on the kynurenine pathway,"Zhao L, Du M, Zhang R.",J Int Med Res. 2024 Jul;52(7):3000605241261986. doi: 10.1177/03000605241261986.,Zhao L,J Int Med Res,2024,2024-07-28,PMC11287729,10.1177/03000605241261986
291,18554600,Fecal glucocorticoid metabolites of experimentally stressed captive and free-living starlings: implications for conservation research,"Cyr NE, Romero LM.",Gen Comp Endocrinol. 2008 Aug;158(1):20-8. doi: 10.1016/j.ygcen.2008.05.001. Epub 2008 May 10.,Cyr NE,Gen Comp Endocrinol,2008,2008-06-17,,10.1016/j.ygcen.2008.05.001
292,27482843,Omics Studies of the Murine Intestinal Ecosystem Exposed to Subchronic and Mild Social Defeat Stress,"Aoki-Yoshida A, Aoki R, Moriya N, Goto T, Kubota Y, Toyoda A, Takayama Y, Suzuki C.",J Proteome Res. 2016 Sep 2;15(9):3126-38. doi: 10.1021/acs.jproteome.6b00262. Epub 2016 Aug 15.,Aoki-Yoshida A,J Proteome Res,2016,2016-08-03,,10.1021/acs.jproteome.6b00262
293,24713149,"Cotinine reduces depressive-like behavior, working memory deficits, and synaptic loss associated with chronic stress in mice","Grizzell JA, Iarkov A, Holmes R, Mori T, Echeverria V.",Behav Brain Res. 2014 Jul 15;268:55-65. doi: 10.1016/j.bbr.2014.03.047. Epub 2014 Apr 5.,Grizzell JA,Behav Brain Res,2014,2014-04-10,,10.1016/j.bbr.2014.03.047
294,25042703,Behavioral and physiological responses in felids to exhibit construction,"Chosy J, Wilson M, Santymire R.",Zoo Biol. 2014 Jul-Aug;33(4):267-74. doi: 10.1002/zoo.21142. Epub 2014 Jul 10.,Chosy J,Zoo Biol,2014,2014-07-22,,10.1002/zoo.21142
295,25844311,Multimodal MRI and cognitive function in patients with breast cancer prior to adjuvant treatment--the role of fatigue,"Menning S, de Ruiter MB, Veltman DJ, Koppelmans V, Kirschbaum C, Boogerd W, Reneman L, Schagen SB.",Neuroimage Clin. 2015 Feb 20;7:547-54. doi: 10.1016/j.nicl.2015.02.005. eCollection 2015.,Menning S,Neuroimage Clin,2015,2015-04-07,PMC4375788,10.1016/j.nicl.2015.02.005
296,27196416,Early Stress History Alters Serum Insulin-Like Growth Factor-1 and Impairs Muscle Mitochondrial Function in Adult Male Rats,"Ghosh S, Banerjee KK, Vaidya VA, Kolthur-Seetharam U.",J Neuroendocrinol. 2016 Sep;28(9). doi: 10.1111/jne.12397.,Ghosh S,J Neuroendocrinol,2016,2016-05-20,,10.1111/jne.12397
297,7591387,Effect of competition stress on tests used to assess testosterone administration in athletes,"Guezennec CY, Lafarge JP, Bricout VA, Merino D, Serrurier B.",Int J Sports Med. 1995 Aug;16(6):368-72. doi: 10.1055/s-2007-973022.,Guezennec CY,Int J Sports Med,1995,1995-08-01,,10.1055/s-2007-973022
298,15804722,"Effects of fluvoxamine on levels of dopamine, serotonin, and their metabolites in the hippocampus elicited by isolation housing and novelty stress in adult rats","Miura H, Qiao H, Kitagami T, Ohta T, Ozaki N.",Int J Neurosci. 2005 Mar;115(3):367-78. doi: 10.1080/00207450590520984.,Miura H,Int J Neurosci,2005,2005-04-05,,10.1080/00207450590520984
299,23110693,"Metabonomics approach to assessing the modulatory effects of St John's wort, ginsenosides, and clomipramine in experimental depression","Wang X, Zeng C, Lin J, Chen T, Zhao T, Jia Z, Xie X, Qiu Y, Su M, Jiang T, Zhou M, Zhao A, Jia W.",J Proteome Res. 2012 Dec 7;11(12):6223-30. doi: 10.1021/pr300891v. Epub 2012 Nov 13.,Wang X,J Proteome Res,2012,2012-11-01,,10.1021/pr300891v
300,7954904,Individual housing modulates daily rhythms of hypothalamic catecholaminergic system and circulating hormones in adult male rats,"Gambardella P, Greco AM, Sticchi R, Bellotti R, Di Renzo G.",Chronobiol Int. 1994 Aug;11(4):213-21. doi: 10.3109/07420529409067790.,Gambardella P,Chronobiol Int,1994,1994-08-01,,10.3109/07420529409067790
301,12938780,Effect of stress on pregnancy outcome among women undergoing assisted reproduction procedures,"Lovely LP, Meyer WR, Ekstrom RD, Golden RN.",South Med J. 2003 Jun;96(6):548-51. doi: 10.1097/01.SMJ.0000054567.79881.E9.,Lovely LP,South Med J,2003,2003-08-27,,10.1097/01.SMJ.0000054567.79881.E9
302,18565550,Effect of a cage divider permitting social stimuli on stress and food intake in rats,"Boggiano MM, Cavigelli SA, Dorsey JR, Kelley CE, Ragan CM, Chandler-Laney PC.",Physiol Behav. 2008 Sep 3;95(1-2):222-8. doi: 10.1016/j.physbeh.2008.04.025. Epub 2008 May 15.,Boggiano MM,Physiol Behav,2008,2008-06-21,PMC2562762,10.1016/j.physbeh.2008.04.025
303,31415764,Metabolic effects induced by chronic stress in the amygdala of diabetic rats: A study based on ex vivo (1)H NMR spectroscopy,"Xu W, Zang Y, Shen Q, Shan Y, Han B, Zhou H, Lai X.",Brain Res. 2019 Nov 15;1723:146377. doi: 10.1016/j.brainres.2019.146377. Epub 2019 Aug 12.,Xu W,Brain Res,2019,2019-08-16,,10.1016/j.brainres.2019.146377
304,34128243,Quantitation of six steroid hormones by ultra-performance liquid chromatography-tandem mass spectrometry in plasma and prefrontal cortex samples from rats with chronic unpredictable mild stress-induced depression,"Zhu Y, Han X, Li X, Qin Y, Rang Y, Zhai X, Lu Y.",Biomed Chromatogr. 2021 Nov;35(11):e5200. doi: 10.1002/bmc.5200. Epub 2021 Jul 4.,Zhu Y,Biomed Chromatogr,2021,2021-06-15,,10.1002/bmc.5200
305,17298851,Depressive behaviors and decreased expression of serotonin reuptake transporter in rats that experienced neonatal maternal separation,"Lee JH, Kim HJ, Kim JG, Ryu V, Kim BT, Kang DW, Jahng JW.",Neurosci Res. 2007 May;58(1):32-9. doi: 10.1016/j.neures.2007.01.008. Epub 2007 Jan 20.,Lee JH,Neurosci Res,2007,2007-02-15,,10.1016/j.neures.2007.01.008
306,27561227,"Seasonal programming, not competition or testosterone, drives stress-axis changes in a partially-semelparous mammal","Edwards PD, Palme R, Boonstra R.",Horm Behav. 2016 Sep;85:96-101. doi: 10.1016/j.yhbeh.2016.08.007. Epub 2016 Aug 22.,Edwards PD,Horm Behav,2016,2016-08-27,,10.1016/j.yhbeh.2016.08.007
307,37769886,The regulatory effect of Angelicae Sinensis Radix on neuroendocrine-immune network and sphingolipid metabolism in CUMS-induced model of depression,"Gong W, Chen J, Xu S, Li Y, Zhou Y, Qin X.",J Ethnopharmacol. 2024 Jan 30;319(Pt 2):117217. doi: 10.1016/j.jep.2023.117217. Epub 2023 Sep 27.,Gong W,J Ethnopharmacol,2024,2023-09-28,,10.1016/j.jep.2023.117217
308,19930822,The response of C57BL/6J and BALB/cJ mice to increased housing density,"Nicholson A, Malcolm RD, Russ PL, Cough K, Touma C, Palme R, Wiles MV.",J Am Assoc Lab Anim Sci. 2009 Nov;48(6):740-53.,Nicholson A,J Am Assoc Lab Anim Sci,2009,2009-11-26,PMC2786928,
309,23253112,Social stress and the polymorphic region of the serotonin reuptake transporter gene modify oestradiol-induced changes on central monoamine concentrations in female rhesus monkeys,"Asher J, Michopoulos V, Reding KM, Wilson ME, Toufexis D.",J Neuroendocrinol. 2013 Apr;25(4):321-8. doi: 10.1111/jne.12009.,Asher J,J Neuroendocrinol,2013,2012-12-21,PMC3605214,10.1111/jne.12009
310,28286082,Behavioural and hormonal effects of member replacement in captive groups of blue-fronted amazon parrots (Amazona aestiva),"Silva de Souza Matos L, Palme R, Silva Vasconcellos A.",Behav Processes. 2017 May;138:160-169. doi: 10.1016/j.beproc.2017.03.006. Epub 2017 Mar 9.,Silva de Souza Matos L,Behav Processes,2017,2017-03-14,,10.1016/j.beproc.2017.03.006
311,9720852,Chronic insomnia and activity of the stress system: a preliminary study,"Vgontzas AN, Tsigos C, Bixler EO, Stratakis CA, Zachman K, Kales A, Vela-Bueno A, Chrousos GP.",J Psychosom Res. 1998 Jul;45(1):21-31. doi: 10.1016/s0022-3999(97)00302-4.,Vgontzas AN,J Psychosom Res,1998,1998-08-28,,10.1016/s0022-3999(97)00302-4
312,39556261,AMP-Activated Protein Kinase Treatment Ameliorates Chronic Restraint Stress Induced Memory Impairment in Early Adolescent Rat by Restoring Metabolite Profile and Synaptic Proteins,"Rajan KE, Nishanthini B, Sowndharya S.",Neurochem Res. 2024 Nov 18;50(1):19. doi: 10.1007/s11064-024-04285-8.,Rajan KE,Neurochem Res,2024,2024-11-18,,10.1007/s11064-024-04285-8
313,36722921,Quercetin modulates the liver metabolic profile in a chronic unpredictable mild stress rat model based on metabolomics technology,"Jia S, Wang R, Zhang D, Guan Z, Ding T, Zhang J, Zhao X.",Food Funct. 2023 Feb 6;14(3):1726-1739. doi: 10.1039/d2fo03277e.,Jia S,Food Funct,2023,2023-02-01,,10.1039/d2fo03277e
314,33572176,Skeletal Muscle Metabolomic Responses to Endurance and Resistance Training in Rats under Chronic Unpredictable Mild Stress,"Liu X, Xue X, Tian J, Qin X, Zhou S, Chen A, Han Y.",Int J Environ Res Public Health. 2021 Feb 9;18(4):1645. doi: 10.3390/ijerph18041645.,Liu X,Int J Environ Res Public Health,2021,2021-02-12,PMC7914905,10.3390/ijerph18041645
315,27006086,Chronic unpredictive mild stress leads to altered hepatic metabolic profile and gene expression,"Jia HM, Li Q, Zhou C, Yu M, Yang Y, Zhang HW, Ding G, Shang H, Zou ZM.",Sci Rep. 2016 Mar 23;6:23441. doi: 10.1038/srep23441.,Jia HM,Sci Rep,2016,2016-03-24,PMC4804211,10.1038/srep23441
316,27619521,CD44 Deficiency Is Associated with Increased Susceptibility to Stress-Induced Anxiety-like Behavior in Mice,"Barzilay R, Ventorp F, Segal-Gavish H, Aharony I, Bieber A, Dar S, Vescan M, Globus R, Weizman A, Naor D, Lipton J, Janelidze S, Brundin L, Offen D.",J Mol Neurosci. 2016 Dec;60(4):548-558. doi: 10.1007/s12031-016-0835-3. Epub 2016 Sep 13.,Barzilay R,J Mol Neurosci,2016,2016-09-14,,10.1007/s12031-016-0835-3
317,22572387,Oral administration of Cimicifuga racemosa extract affects immobilization stress-induced changes in murine cerebral monoamine metabolism,"Nadaoka I, Yasue M, Sami M, Kitagawa Y.",Biomed Res. 2012 Apr;33(2):133-7. doi: 10.2220/biomedres.33.133.,Nadaoka I,Biomed Res,2012,2012-05-11,,10.2220/biomedres.33.133
318,22449862,Neurodegenerative evidences during early onset of depression in CMS rats as detected by proton magnetic resonance spectroscopy at 7 T,"Hemanth Kumar BS, Mishra SK, Rana P, Singh S, Khushu S.",Behav Brain Res. 2012 Jun 15;232(1):53-9. doi: 10.1016/j.bbr.2012.03.011. Epub 2012 Mar 16.,Hemanth Kumar BS,Behav Brain Res,2012,2012-03-28,,10.1016/j.bbr.2012.03.011
319,27774650,Chronic restraint stress increases angiotensin II potency in the rat carotid: role of cyclooxygenases and reactive oxygen species,"Côco H, Pernomian L, Pereira PC, Gomes MS, Marchi KC, Lopes AH, Cunha TM, Tirapelli CR, de Oliveira AM.",J Pharm Pharmacol. 2017 Jan;69(1):52-65. doi: 10.1111/jphp.12659. Epub 2016 Oct 24.,Côco H,J Pharm Pharmacol,2017,2016-10-25,,10.1111/jphp.12659
320,22051206,"Anger, hostility, and aggression as predictors of persistent smoking during pregnancy","Eiden RD, Leonard KE, Colder CR, Homish GG, Schuetze P, Gray TR, Huestis MA.",J Stud Alcohol Drugs. 2011 Nov;72(6):926-32. doi: 10.15288/jsad.2011.72.926.,Eiden RD,J Stud Alcohol Drugs,2011,2011-11-05,PMC3211963,10.15288/jsad.2011.72.926
321,24698789,Non-invasive assessment of reproductive status and stress in captive Asian elephants in three south Indian zoos,"Kumar V, Palugulla Reddy V, Kokkiligadda A, Shivaji S, Umapathy G.",Gen Comp Endocrinol. 2014 May 15;201:37-44. doi: 10.1016/j.ygcen.2014.03.024. Epub 2014 Apr 1.,Kumar V,Gen Comp Endocrinol,2014,2014-04-05,,10.1016/j.ygcen.2014.03.024
322,11675510,"Stress-induced changes in cerebral metabolites, hippocampal volume, and cell proliferation are prevented by antidepressant treatment with tianeptine","Czéh B, Michaelis T, Watanabe T, Frahm J, de Biurrun G, van Kampen M, Bartolomucci A, Fuchs E.",Proc Natl Acad Sci U S A. 2001 Oct 23;98(22):12796-801. doi: 10.1073/pnas.211427898. Epub 2001 Oct 2.,Czéh B,Proc Natl Acad Sci U S A,2001,2001-10-25,PMC60133,10.1073/pnas.211427898
323,32961399,Dietary supplementation with Lactobacillus rhamnosus JB-1 restores brain neurochemical balance and mitigates the progression of mood disorder in a rat model of chronic unpredictable mild stress,"Kochalska K, Oakden W, Słowik T, Chudzik A, Pankowska A, Łazorczyk A, Kozioł P, Andres-Mach M, Pietura R, Rola R, Stanisz GJ, Orzylowska A.",Nutr Res. 2020 Oct;82:44-57. doi: 10.1016/j.nutres.2020.06.019. Epub 2020 Jul 6.,Kochalska K,Nutr Res,2020,2020-09-22,,10.1016/j.nutres.2020.06.019
324,26631484,Loner or socializer? Ravens' adrenocortical response to individual separation depends on social integration,"Stocker M, Munteanu A, Stöwe M, Schwab C, Palme R, Bugnyar T.",Horm Behav. 2016 Feb;78:194-9. doi: 10.1016/j.yhbeh.2015.11.009. Epub 2015 Nov 26.,Stocker M,Horm Behav,2016,2015-12-04,PMC4754940,10.1016/j.yhbeh.2015.11.009
325,17675257,Modulation of stress-induced neurobehavioral changes and brain oxidative injury by nitric oxide (NO) mimetics in rats,"Gulati K, Chakraborti A, Ray A.",Behav Brain Res. 2007 Nov 2;183(2):226-30. doi: 10.1016/j.bbr.2007.06.018. Epub 2007 Jun 29.,Gulati K,Behav Brain Res,2007,2007-08-07,,10.1016/j.bbr.2007.06.018
326,27378509,Olfactory attractants and parity affect prenatal androgens and territoriality of coyote breeding pairs,"Schell CJ, Young JK, Lonsdorf EV, Mateo JM, Santymire RM.",Physiol Behav. 2016 Oct 15;165:43-54. doi: 10.1016/j.physbeh.2016.06.038. Epub 2016 Jul 2.,Schell CJ,Physiol Behav,2016,2016-07-06,,10.1016/j.physbeh.2016.06.038
327,35713215,Shugan granule contributes to the improvement of depression-like behaviors in chronic restraint stress-stimulated rats by altering gut microbiota,"Li J, Li Y, Duan W, Zhao Z, Yang L, Wei W, Li J, Li Y, Yu Y, Dai B, Guo R.",CNS Neurosci Ther. 2022 Sep;28(9):1409-1424. doi: 10.1111/cns.13881. Epub 2022 Jun 17.,Li J,CNS Neurosci Ther,2022,2022-06-17,PMC9344086,10.1111/cns.13881
328,28453574,Social defeat stress causes depression-like behavior with metabolite changes in the prefrontal cortex of rats,"Liu YY, Zhou XY, Yang LN, Wang HY, Zhang YQ, Pu JC, Liu LX, Gui SW, Zeng L, Chen JJ, Zhou CJ, Xie P.",PLoS One. 2017 Apr 28;12(4):e0176725. doi: 10.1371/journal.pone.0176725. eCollection 2017.,Liu YY,PLoS One,2017,2017-04-29,PMC5409051,10.1371/journal.pone.0176725
329,1703380,Biological correlates of mental stress related to anticipated caesarean section,"Scheinin M, Scheinin H, Ekblad U, Kanto J.",Acta Anaesthesiol Scand. 1990 Nov;34(8):640-4. doi: 10.1111/j.1399-6576.1990.tb03163.x.,Scheinin M,Acta Anaesthesiol Scand,1990,1990-11-01,,10.1111/j.1399-6576.1990.tb03163.x
330,30447240,Changes in brain metabolites related to stress resilience: Metabolomic analysis of the hippocampus in a rat model of depression,"Akimoto H, Oshima S, Sugiyama T, Negishi A, Nemoto T, Kobayashi D.",Behav Brain Res. 2019 Feb 1;359:342-352. doi: 10.1016/j.bbr.2018.11.017. Epub 2018 Nov 14.,Akimoto H,Behav Brain Res,2019,2018-11-18,,10.1016/j.bbr.2018.11.017
331,20051245,Assessing stress in animal populations: Do fecal and plasma glucocorticoids tell the same story?,"Sheriff MJ, Krebs CJ, Boonstra R.",Gen Comp Endocrinol. 2010 May 1;166(3):614-9. doi: 10.1016/j.ygcen.2009.12.017. Epub 2010 Jan 4.,Sheriff MJ,Gen Comp Endocrinol,2010,2010-01-07,,10.1016/j.ygcen.2009.12.017
332,22409976,"Prenatal exposure to chronic mild stress increases corticosterone levels in the amniotic fluid and induces cognitive deficits in female offspring, improved by treatment with the antidepressant drug amitriptyline","Abdul Aziz NH, Kendall DA, Pardon MC.",Behav Brain Res. 2012 May 16;231(1):29-39. doi: 10.1016/j.bbr.2012.02.040. Epub 2012 Mar 3.,Abdul Aziz NH,Behav Brain Res,2012,2012-03-14,,10.1016/j.bbr.2012.02.040
333,30193423,[THE INFLUENCE OF OPIOID PEPTIDES DSLET AND DAGO ON LIPID PEROXIDATION AND THE ACTIVITY OF ANTIOXIDANT ENZYMES IN THE LIVER TISSUE OF RATS IN THE STRESS OF DIFFERENT DURATION],"Solin AV, Lyashev YD.",Ross Fiziol Zh Im I M Sechenova. 2016 Sep;102(9):1066-73.,Solin AV,Ross Fiziol Zh Im I M Sechenova,2016,2018-09-08,,
334,29725904,Chronic Mild Stress Alters Kynurenine Pathways Changing the Glutamate Neurotransmission in Frontal Cortex of Rats,"Martín-Hernández D, Tendilla-Beltrán H, Madrigal JLM, García-Bueno B, Leza JC, Caso JR.",Mol Neurobiol. 2019 Jan;56(1):490-501. doi: 10.1007/s12035-018-1096-7. Epub 2018 May 3.,Martín-Hernández D,Mol Neurobiol,2019,2018-05-05,,10.1007/s12035-018-1096-7
335,39441118,Hypoxanthine Produces Rapid Antidepressant Effects by Suppressing Inflammation in Serum and Hippocampus,"Wu L, Chen J, Yu Q, Lu C, Shu Y.",ACS Chem Neurosci. 2024 Nov 6;15(21):3970-3980. doi: 10.1021/acschemneuro.4c00345. Epub 2024 Oct 23.,Wu L,ACS Chem Neurosci,2024,2024-10-23,,10.1021/acschemneuro.4c00345
336,28886020,Low plasma cortisol and fecal cortisol metabolite measures as indicators of compromised welfare in domestic horses (Equus caballus),"Pawluski J, Jego P, Henry S, Bruchet A, Palme R, Coste C, Hausberger M.",PLoS One. 2017 Sep 8;12(9):e0182257. doi: 10.1371/journal.pone.0182257. eCollection 2017.,Pawluski J,PLoS One,2017,2017-09-09,PMC5590897,10.1371/journal.pone.0182257
337,24021924,Are cats (Felis catus) from multi-cat households more stressed? Evidence from assessment of fecal glucocorticoid metabolite analysis,"Ramos D, Reche-Junior A, Fragoso PL, Palme R, Yanasse NK, Gouvêa VR, Beck A, Mills DS.",Physiol Behav. 2013 Oct 2;122:72-5. doi: 10.1016/j.physbeh.2013.08.028. Epub 2013 Sep 8.,Ramos D,Physiol Behav,2013,2013-09-12,,10.1016/j.physbeh.2013.08.028
338,2456280,Human urinary biogenic amines and some physiological responses during situation stress,"Helin P, Kuoppasalmi K, Laakso J, Härkönen M.",Int J Psychophysiol. 1988 Jun;6(2):125-32. doi: 10.1016/0167-8760(88)90043-8.,Helin P,Int J Psychophysiol,1988,1988-06-01,,10.1016/0167-8760(88)90043-8
339,19944105,Cortisol release and heart rate variability in horses during road transport,"Schmidt A, Möstl E, Wehnert C, Aurich J, Müller J, Aurich C.",Horm Behav. 2010 Feb;57(2):209-15. doi: 10.1016/j.yhbeh.2009.11.003. Epub 2009 Nov 26.,Schmidt A,Horm Behav,2010,2009-12-01,,10.1016/j.yhbeh.2009.11.003
340,28800105,Anti-Anxiety Effect of (-)-Syringaresnol-4-O-β-d-apiofuranosyl-(1→2)-β-d-glucopyranoside from Albizzia julibrissin Durazz (Leguminosae),"Liu J, Lv YW, Shi JL, Ma XJ, Chen Y, Zheng ZQ, Wang SN, Guo JY.",Molecules. 2017 Aug 11;22(8):1331. doi: 10.3390/molecules22081331.,Liu J,Molecules,2017,2017-08-12,PMC6152026,10.3390/molecules22081331
341,27043120,"Safety, Tolerance, and Enhanced Efficacy of a Bioavailable Formulation of Curcumin With Fenugreek Dietary Fiber on Occupational Stress: A Randomized, Double-Blind, Placebo-Controlled Pilot Study","Pandaran Sudheeran S, Jacob D, Natinga Mulakal J, Gopinathan Nair G, Maliakel A, Maliakel B, Kuttan R, Im K.",J Clin Psychopharmacol. 2016 Jun;36(3):236-43. doi: 10.1097/JCP.0000000000000508.,Pandaran Sudheeran S,J Clin Psychopharmacol,2016,2016-04-05,,10.1097/JCP.0000000000000508
342,38892694,A Cross Talking between the Gut Microbiota and Metabolites of Participants in a Confined Environment,"Song X, Wang Z, Xia Y, Chen Z, Wang G, Yang Y, Zhu B, Ai L, Xu H, Wang C.",Nutrients. 2024 Jun 4;16(11):1761. doi: 10.3390/nu16111761.,Song X,Nutrients,2024,2024-06-19,PMC11175105,10.3390/nu16111761
343,18457850,"An estrogenic effect of 5alpha-androstane-3beta, 17beta-diol on the behavioral response to stress and on CRH regulation","Huang Q, Zhu H, Fischer DF, Zhou JN.",Neuropharmacology. 2008 Jun;54(8):1233-8. doi: 10.1016/j.neuropharm.2008.03.016. Epub 2008 Apr 4.,Huang Q,Neuropharmacology,2008,2008-05-07,,10.1016/j.neuropharm.2008.03.016
344,25238022,Reactive nitrogen species contribute to the rapid onset of redox changes induced by acute immobilization stress in rats,"Chen HJ, Spiers JG, Sernia C, Anderson ST, Lavidis NA.",Stress. 2014 Dec;17(6):520-7. doi: 10.3109/10253890.2014.966264.,Chen HJ,Stress,2014,2014-09-20,,10.3109/10253890.2014.966264
345,29408572,"An integrated analysis of social stress in laying hens: The interaction between physiology, behaviour, and hierarchy","Carvalho RR, Palme R, da Silva Vasconcellos A.",Behav Processes. 2018 Apr;149:43-51. doi: 10.1016/j.beproc.2018.01.016. Epub 2018 Feb 13.,Carvalho RR,Behav Processes,2018,2018-02-07,,10.1016/j.beproc.2018.01.016
346,27374554,"Morinda citrifolia leaf enhanced performance by improving angiogenesis, mitochondrial biogenesis, antioxidant, anti-inflammatory & stress responses","Mohamad Shalan NA, Mustapha NM, Mohamed S.",Food Chem. 2016 Dec 1;212:443-52. doi: 10.1016/j.foodchem.2016.05.179. Epub 2016 Jun 2.,Mohamad Shalan NA,Food Chem,2016,2016-07-05,,10.1016/j.foodchem.2016.05.179
347,19162277,"Enduring effects of severe developmental adversity, including nutritional deprivation, on cortisol metabolism in aging Holocaust survivors","Yehuda R, Bierer LM, Andrew R, Schmeidler J, Seckl JR.",J Psychiatr Res. 2009 Jun;43(9):877-83. doi: 10.1016/j.jpsychires.2008.12.003. Epub 2009 Jan 21.,Yehuda R,J Psychiatr Res,2009,2009-01-24,PMC2749458,10.1016/j.jpsychires.2008.12.003
348,30735671,Investigation of the utility of feces and hair as non-invasive measures of glucocorticoids in wild black-tailed prairie dogs (Cynomys ludovicianus),"Crill C, Janz DM, Kusch JM, Santymire RM, Heyer GP, Shury TK, Lane JE.",Gen Comp Endocrinol. 2019 May 1;275:15-24. doi: 10.1016/j.ygcen.2019.02.003. Epub 2019 Feb 5.,Crill C,Gen Comp Endocrinol,2019,2019-02-09,,10.1016/j.ygcen.2019.02.003
349,23174668,Antidepressant-like effect of trans-resveratrol in chronic stress model: behavioral and neurochemical evidences,"Yu Y, Wang R, Chen C, Du X, Ruan L, Sun J, Li J, Zhang L, O'Donnell JM, Pan J, Xu Y.",J Psychiatr Res. 2013 Mar;47(3):315-22. doi: 10.1016/j.jpsychires.2012.10.018. Epub 2012 Nov 19.,Yu Y,J Psychiatr Res,2013,2012-11-24,,10.1016/j.jpsychires.2012.10.018
350,17321556,Variable neuroendocrine responses to ecologically-relevant challenges in sticklebacks,"Bell AM, Backström T, Huntingford FA, Pottinger TG, Winberg S.",Physiol Behav. 2007 May 16;91(1):15-25. doi: 10.1016/j.physbeh.2007.01.012. Epub 2007 Feb 2.,Bell AM,Physiol Behav,2007,2007-02-27,,10.1016/j.physbeh.2007.01.012
351,11292279,Central nervous system serotonin function and cardiovascular responses to stress,"Williams RB, Marchuk DA, Gadde KM, Barefoot JC, Grichnik K, Helms MJ, Kuhn CM, Lewis JG, Schanberg SM, Stafford-Smith M, Suarez EC, Clary GL, Svenson IK, Siegler IC.",Psychosom Med. 2001 Mar-Apr;63(2):300-5. doi: 10.1097/00006842-200103000-00016.,Williams RB,Psychosom Med,2001,2001-04-09,,10.1097/00006842-200103000-00016
352,1924502,"Psychological stress-induced increases in noradrenaline release in rat brain regions are attenuated by diazepam, but not by morphine","Tanaka M, Tsuda A, Yokoo H, Yoshida M, Mizoguchi K, Shimizu T.",Pharmacol Biochem Behav. 1991 May;39(1):191-5. doi: 10.1016/0091-3057(91)90420-7.,Tanaka M,Pharmacol Biochem Behav,1991,1991-05-01,,10.1016/0091-3057(91)90420-7
353,18418364,Norepinephrine transporter regulation mediates the long-term behavioral effects of the antidepressant desipramine,"Zhao Z, Baros AM, Zhang HT, Lapiz MD, Bondi CO, Morilak DA, O'Donnell JM.",Neuropsychopharmacology. 2008 Dec;33(13):3190-200. doi: 10.1038/npp.2008.45. Epub 2008 Apr 16.,Zhao Z,Neuropsychopharmacology,2008,2008-04-18,PMC2727688,10.1038/npp.2008.45
354,30708033,Brain metabonomics study of the antidepressant-like effect of Xiaoyaosan on the CUMS-depression rats by (1)H NMR analysis,"Liu X, Zheng X, Du G, Li Z, Qin X.",J Ethnopharmacol. 2019 May 10;235:141-154. doi: 10.1016/j.jep.2019.01.018. Epub 2019 Jan 29.,Liu X,J Ethnopharmacol,2019,2019-02-02,,10.1016/j.jep.2019.01.018
355,39128569,"Gestational administration of Bifidobacterium dentium results in intergenerational modulation of inflammatory, metabolic, and social behavior","Galley JD, King MK, Rajasekera TA, Batabyal A, Woodke ST, Gur TL.",Brain Behav Immun. 2024 Nov;122:44-57. doi: 10.1016/j.bbi.2024.08.006. Epub 2024 Aug 12.,Galley JD,Brain Behav Immun,2024,2024-08-11,,10.1016/j.bbi.2024.08.006
356,23485433,Asparagus racemosus modulates the hypothalamic-pituitary-adrenal axis and brain monoaminergic systems in rats,"Krishnamurthy S, Garabadu D, Reddy NR.",Nutr Neurosci. 2013 Nov;16(6):255-61. doi: 10.1179/1476830513Y.0000000053. Epub 2013 Mar 6.,Krishnamurthy S,Nutr Neurosci,2013,2013-03-15,,10.1179/1476830513Y.0000000053
357,16860921,The effects of depressive symptoms on cardiovascular and catecholamine responses to the induction of depressive mood,"Hamer M, Tanaka G, Okamura H, Tsuda A, Steptoe A.",Biol Psychol. 2007 Jan;74(1):20-5. doi: 10.1016/j.biopsycho.2006.06.003. Epub 2006 Jul 24.,Hamer M,Biol Psychol,2007,2006-07-25,,10.1016/j.biopsycho.2006.06.003
358,35092825,Bupleurum chinense DC improves CUMS-induced depressive symptoms in rats through upregulation of the cAMP/PKA/CREB signalling pathway,"Chang B, Liu Y, Hu J, Tang Z, Qiu Z, Song Z, Jia A, Zhang Y.",J Ethnopharmacol. 2022 May 10;289:115034. doi: 10.1016/j.jep.2022.115034. Epub 2022 Jan 26.,Chang B,J Ethnopharmacol,2022,2022-01-29,,10.1016/j.jep.2022.115034
359,27828964,Chronic Treatment with the IDO1 Inhibitor 1-Methyl-D-Tryptophan Minimizes the Behavioural and Biochemical Abnormalities Induced by Unpredictable Chronic Mild Stress in Mice - Comparison with Fluoxetine,"Laugeray A, Launay JM, Callebert J, Mutlu O, Guillemin GJ, Belzung C, Barone PR.",PLoS One. 2016 Nov 9;11(11):e0164337. doi: 10.1371/journal.pone.0164337. eCollection 2016.,Laugeray A,PLoS One,2016,2016-11-10,PMC5102430,10.1371/journal.pone.0164337
360,18308340,Antidepressant-like behavioral and neurochemical effects of the citrus-associated chemical apigenin,"Yi LT, Li JM, Li YC, Pan Y, Xu Q, Kong LD.",Life Sci. 2008 Mar 26;82(13-14):741-51. doi: 10.1016/j.lfs.2008.01.007. Epub 2008 Jan 30.,Yi LT,Life Sci,2008,2008-03-01,,10.1016/j.lfs.2008.01.007
361,32135241,Deciphering the compatibility rules of traditional Chinese medicine prescriptions based on NMR metabolomics: A case study of Xiaoyaosan,"Liu X, Lv M, Wang Y, Zhao D, Zhao S, Li S, Qin X.",J Ethnopharmacol. 2020 May 23;254:112726. doi: 10.1016/j.jep.2020.112726. Epub 2020 Mar 2.,Liu X,J Ethnopharmacol,2020,2020-03-06,,10.1016/j.jep.2020.112726
362,31464319,Impact of traditional Chinese medicine treatment on chronic unpredictable mild stress-induced depression-like behaviors: intestinal microbiota and gut microbiome function,"Qu W, Liu S, Zhang W, Zhu H, Tao Q, Wang H, Yan H.",Food Funct. 2019 Sep 1;10(9):5886-5897. doi: 10.1039/c9fo00399a. Epub 2019 Aug 29.,Qu W,Food Funct,2019,2019-08-30,,10.1039/c9fo00399a
363,16639949,"Quantification of cortisol, cortisol immunoreactive metabolites, and immunoglobulin A in serum, saliva, urine, and feces for noninvasive assessment of stress in reindeer","Rehbinder C, Hau J.",Can J Vet Res. 2006 Apr;70(2):151-4.,Rehbinder C,Can J Vet Res,2006,2006-04-28,PMC1410727,
364,17085867,Immobility stress induces depression-like behavior in the forced swim test in mice: effect of magnesium and imipramine,"Poleszak E, Wlaź P, Kedzierska E, Nieoczym D, Wyska E, Szymura-Oleksiak J, Fidecka S, Radziwoń-Zaleska M, Nowak G.",Pharmacol Rep. 2006 Sep-Oct;58(5):746-52.,Poleszak E,Pharmacol Rep,2006,2006-11-07,,
365,21371861,Effect of quercetin and glucuronide metabolites on the monoamine oxidase-A reaction in mouse brain mitochondria,"Yoshino S, Hara A, Sakakibara H, Kawabata K, Tokumura A, Ishisaka A, Kawai Y, Terao J.",Nutrition. 2011 Jul-Aug;27(7-8):847-52. doi: 10.1016/j.nut.2010.09.002. Epub 2011 Mar 3.,Yoshino S,Nutrition,2011,2011-03-05,,10.1016/j.nut.2010.09.002
366,31178969,Antistress Effects of San-Huang-Xie-Xin Decoction on Restraint-Stressed Mice Revealed by (1)H NMR-Based Metabolomics and Biochemistry Analysis,"Peng W, Du H, Liu G, Zhang Q, Kuang T, Wang Z, Fan G.",Oxid Med Cell Longev. 2019 Apr 16;2019:5897675. doi: 10.1155/2019/5897675. eCollection 2019.,Peng W,Oxid Med Cell Longev,2019,2019-06-11,PMC6501203,10.1155/2019/5897675
367,28251951,[Protective effects of a new glutamic acid derivative against stress after nNOS blockade],"Tyurenkov IN, Popova TA, Perfilova VN, Prokofiev II, Borisov AV, Kustova MV, Zaypullaev GI, Ostrovskij ОV.",Biomed Khim. 2017 Jan;63(1):47-55. doi: 10.18097/PBMC2017630147.,Tyurenkov IN,Biomed Khim,2017,2017-03-03,,10.18097/PBMC2017630147
368,16079480,"Social isolation stress-induced oxidative damage in mouse brain and its modulation by majonoside-R2, a Vietnamese ginseng saponin","Huong NT, Murakami Y, Tohda M, Watanabe H, Matsumoto K.",Biol Pharm Bull. 2005 Aug;28(8):1389-93. doi: 10.1248/bpb.28.1389.,Huong NT,Biol Pharm Bull,2005,2005-08-05,,10.1248/bpb.28.1389
369,3211986,Effect of acute ethanol administration on noradrenaline metabolism in brain regions of stressed and nonstressed rats,"Shirao I, Tsuda A, Ida Y, Tsujimaru S, Satoh H, Oguchi M, Tanaka M, Inanaga K.",Pharmacol Biochem Behav. 1988 Jul;30(3):769-73. doi: 10.1016/0091-3057(88)90097-4.,Shirao I,Pharmacol Biochem Behav,1988,1988-07-01,,10.1016/0091-3057(88)90097-4
370,33984458,A combination of cecum microbiome and metabolome in CUMS depressed rats reveals the antidepressant mechanism of traditional Chinese medicines: A case study of Xiaoyaosan,"Lv M, Wang Y, Qu P, Li S, Yu Z, Qin X, Liu X.",J Ethnopharmacol. 2021 Aug 10;276:114167. doi: 10.1016/j.jep.2021.114167. Epub 2021 May 10.,Lv M,J Ethnopharmacol,2021,2021-05-13,,10.1016/j.jep.2021.114167
371,17222517,Both long and brief maternal separation produces persistent changes in tissue levels of brain monoamines in middle-aged female rats,"Arborelius L, Eklund MB.",Neuroscience. 2007 Mar 16;145(2):738-50. doi: 10.1016/j.neuroscience.2006.12.007. Epub 2007 Jan 10.,Arborelius L,Neuroscience,2007,2007-01-16,,10.1016/j.neuroscience.2006.12.007
372,24143371,Immunological parameters of the blood and monoamine content in the brain of rats during long-term overcrowding,"Loseva EV, Loginova NA, Mezentseva MV, Klodt PM, Kudrin VS.",Bull Exp Biol Med. 2013 Aug;155(4):470-3. doi: 10.1007/s10517-013-2181-6.,Loseva EV,Bull Exp Biol Med,2013,2013-10-22,,10.1007/s10517-013-2181-6
373,19450655,Central l-proline attenuates stress-induced dopamine and serotonin metabolism in the chick forebrain,"Hamasu K, Shigemi K, Kabuki Y, Tomonaga S, Denbow DM, Furuse M.",Neurosci Lett. 2009 Aug 21;460(1):78-81. doi: 10.1016/j.neulet.2009.05.036. Epub 2009 May 18.,Hamasu K,Neurosci Lett,2009,2009-05-20,,10.1016/j.neulet.2009.05.036
374,29063330,Effects of Oxytocin on the Levels and Metabolism of Monoamines in the Brain of White Outbred Mice during Long-Term Social Isolation,"Karpova IV, Bychkov ER, Marysheva VV, Mikheev VV, Shabanov PD.",Bull Exp Biol Med. 2017 Oct;163(6):714-717. doi: 10.1007/s10517-017-3887-7. Epub 2017 Oct 24.,Karpova IV,Bull Exp Biol Med,2017,2017-10-25,,10.1007/s10517-017-3887-7
375,27599184,Targeted Metabolomic Pathway Analysis and Validation Revealed Glutamatergic Disorder in the Prefrontal Cortex among the Chronic Social Defeat Stress Mice Model of Depression,"Wang W, Guo H, Zhang SX, Li J, Cheng K, Bai SJ, Yang DY, Wang HY, Liang ZH, Liao L, Sun L, Xie P.",J Proteome Res. 2016 Oct 7;15(10):3784-3792. doi: 10.1021/acs.jproteome.6b00577. Epub 2016 Sep 21.,Wang W,J Proteome Res,2016,2016-09-07,,10.1021/acs.jproteome.6b00577
376,32387465,Metabolomics analysis of the antidepressant prescription Danzhi Xiaoyao Powder in a rat model of Chronic Unpredictable Mild Stress (CUMS),"Zhu YL, Li SL, Zhu CY, Wang W, Zuo WF, Qiu XJ.",J Ethnopharmacol. 2020 Oct 5;260:112832. doi: 10.1016/j.jep.2020.112832. Epub 2020 May 6.,Zhu YL,J Ethnopharmacol,2020,2020-05-11,,10.1016/j.jep.2020.112832
377,32081743,"The stress of being alone: Removal from the colony, but not social subordination, increases fecal cortisol metabolite levels in eusocial naked mole-rats","Edwards PD, Mooney SJ, Bosson CO, Toor I, Palme R, Holmes MM, Boonstra R.",Horm Behav. 2020 May;121:104720. doi: 10.1016/j.yhbeh.2020.104720. Epub 2020 Feb 25.,Edwards PD,Horm Behav,2020,2020-02-22,,10.1016/j.yhbeh.2020.104720
378,1556840,[Psychological stress and sexual behavior in male rats. II. Effect of psychological stress on dopamine and its metabolites in the critical brain areas mediating sexual behavior],"Sato Y, Kumamoto Y.",Nihon Hinyokika Gakkai Zasshi. 1992 Feb;83(2):212-9. doi: 10.5980/jpnjurol1989.83.212.,Sato Y,Nihon Hinyokika Gakkai Zasshi,1992,1992-02-01,,10.5980/jpnjurol1989.83.212
379,24861712,Amino acid metabolic dysfunction revealed in the prefrontal cortex of a rat model of depression,"Chen G, Yang D, Yang Y, Li J, Cheng K, Tang G, Zhang R, Zhou J, Li W, Liu Z, Fan S, Xie P.",Behav Brain Res. 2015 Feb 1;278:286-92. doi: 10.1016/j.bbr.2014.05.027. Epub 2014 May 23.,Chen G,Behav Brain Res,2015,2014-05-28,,10.1016/j.bbr.2014.05.027
380,33348553,Hop Bitter Acids Increase Hippocampal Dopaminergic Activity in a Mouse Model of Social Defeat Stress,"Ano Y, Kitaoka S, Ohya R, Kondo K, Furuyashiki T.",Int J Mol Sci. 2020 Dec 17;21(24):9612. doi: 10.3390/ijms21249612.,Ano Y,Int J Mol Sci,2020,2020-12-22,PMC7766517,10.3390/ijms21249612
381,39290524,Chronic Ultrasound Prenatal Stress Altered the Brain's Neurochemical Systems in Newborn Rats,"Abramova O, Zorkina Y, Pavlov K, Ushakova V, Morozova A, Zubkov E, Pavlova O, Storozheva Z, Gurina O, Chekhonin V.",Neural Plast. 2024 Feb 13;2024:3829941. doi: 10.1155/2024/3829941. eCollection 2024.,Abramova O,Neural Plast,2024,2024-09-18,PMC11407898,10.1155/2024/3829941
382,18022623,Corticosterone excretion patterns and affiliative behavior over development in ravens (Corvus corax),"Stöwe M, Bugnyar T, Schloegl C, Heinrich B, Kotrschal K, Möstl E.",Horm Behav. 2008 Jan;53(1):208-16. doi: 10.1016/j.yhbeh.2007.09.021. Epub 2007 Oct 11.,Stöwe M,Horm Behav,2008,2007-11-21,PMC4417709,10.1016/j.yhbeh.2007.09.021
383,15212832,Long-term treatment with the antioxidant drug EGb 761 at senescence restored some neurobehavioral effects of chronic ultramild stress exposure seen in young mice,"Pardon MC, Hanoun N, Perez-Diaz F, Joubert C, Launay JM, Christen Y, Hamon M, Cohen-Salmon C.",Neurobiol Aging. 2004 Sep;25(8):1067-83. doi: 10.1016/j.neurobiolaging.2003.10.013.,Pardon MC,Neurobiol Aging,2004,2004-06-24,,10.1016/j.neurobiolaging.2003.10.013
384,36909723,Tryptophan metabolism as bridge between gut microbiota and brain in chronic social defeat stress-induced depression mice,"Xie J, Wu WT, Chen JJ, Zhong Q, Wu D, Niu L, Wang S, Zeng Y, Wang Y.",Front Cell Infect Microbiol. 2023 Feb 24;13:1121445. doi: 10.3389/fcimb.2023.1121445. eCollection 2023.,Xie J,Front Cell Infect Microbiol,2023,2023-03-13,PMC9999000,10.3389/fcimb.2023.1121445
385,32450184,Peripheral and cerebral abnormalities of the tryptophan metabolism in the depression-like rats induced by chronic unpredicted mild stress,"Li CC, Jiang N, Gan L, Zhao MJ, Chang Q, Liu XM, Pan RL.",Neurochem Int. 2020 Sep;138:104771. doi: 10.1016/j.neuint.2020.104771. Epub 2020 May 22.,Li CC,Neurochem Int,2020,2020-05-26,,10.1016/j.neuint.2020.104771
386,33140524,An investigation of the antidepressant-like effect of Jiaotaiwan in rats by nontargeted metabolomics based on ultra-high-performance liquid chromatography quadrupole time-of-flight mass spectrometry,"Jiao Z, Zhao H, Huang W, Liang R, Liu Y, Li Z, Li L, Xu Y, Gao S, Gao S, Li Y, Yu C.",J Sep Sci. 2021 Jan;44(2):645-655. doi: 10.1002/jssc.202000576. Epub 2020 Nov 27.,Jiao Z,J Sep Sci,2021,2020-11-03,,10.1002/jssc.202000576
387,20153778,Peripheral and cerebral metabolic abnormalities of the tryptophan-kynurenine pathway in a murine model of major depression,"Laugeray A, Launay JM, Callebert J, Surget A, Belzung C, Barone PR.",Behav Brain Res. 2010 Jun 26;210(1):84-91. doi: 10.1016/j.bbr.2010.02.014. Epub 2010 Feb 12.,Laugeray A,Behav Brain Res,2010,2010-02-16,,10.1016/j.bbr.2010.02.014
388,10230711,Tyrosine improves cognitive performance and reduces blood pressure in cadets after one week of a combat training course,"Deijen JB, Wientjes CJ, Vullinghs HF, Cloin PA, Langefeld JJ.",Brain Res Bull. 1999 Jan 15;48(2):203-9. doi: 10.1016/s0361-9230(98)00163-4.,Deijen JB,Brain Res Bull,1999,1999-05-07,,10.1016/s0361-9230(98)00163-4
389,25749400,Metabolomic identification of biochemical changes induced by fluoxetine and imipramine in a chronic mild stress mouse model of depression,"Zhao J, Jung YH, Jang CG, Chun KH, Kwon SW, Lee J.",Sci Rep. 2015 Mar 9;5:8890. doi: 10.1038/srep08890.,Zhao J,Sci Rep,2015,2015-03-10,PMC4352870,10.1038/srep08890
390,18550133,Separation of pair housed roosters is associated with transient increased corticosteroid excretion,"Carlsson HE, Royo F, Faheem S, Tufvesson M, Hau J.",Res Vet Sci. 2009 Feb;86(1):183-7. doi: 10.1016/j.rvsc.2008.04.003. Epub 2008 Jun 11.,Carlsson HE,Res Vet Sci,2009,2008-06-14,,10.1016/j.rvsc.2008.04.003
391,30724800,Celecoxib potentiates the antianxiety and anticompulsive-like activity of fluoxetine against chronic unpredictable mild stress in experimental animals,"Garabadu D, Kumar V.",Behav Pharmacol. 2019 Apr;30(2 and 3-Spec Issue):251-259. doi: 10.1097/FBP.0000000000000468.,Garabadu D,Behav Pharmacol,2019,2019-02-07,,10.1097/FBP.0000000000000468
392,26204246,(1)H NMR-based metabolic profiling of liver in chronic unpredictable mild stress rats with genipin treatment,"Chen JL, Shi BY, Xiang H, Hou WJ, Qin XM, Tian JS, Du GH.",J Pharm Biomed Anal. 2015 Nov 10;115:150-8. doi: 10.1016/j.jpba.2015.07.002. Epub 2015 Jul 9.,Chen JL,J Pharm Biomed Anal,2015,2015-07-24,,10.1016/j.jpba.2015.07.002
393,38882046,Microbiome Metabolomic Analysis of the Anxiolytic Effect of Baihe Dihuang Decoction in a Rat Model of Chronic Restraint Stress,"Tang L, Liu J, Yang H, Zhao HQ, Hu C, Ma SJ, Qing YH, Yang L, Zhou RR, Zhang SH.",Drug Des Devel Ther. 2024 Jun 12;18:2227-2248. doi: 10.2147/DDDT.S458983. eCollection 2024.,Tang L,Drug Des Devel Ther,2024,2024-06-17,PMC11180446,10.2147/DDDT.S458983
394,19643002,The efficacy of a comprehensive lifestyle modification programme based on yoga in the management of bronchial asthma: a randomized controlled trial,"Vempati R, Bijlani RL, Deepak KK.",BMC Pulm Med. 2009 Jul 30;9:37. doi: 10.1186/1471-2466-9-37.,Vempati R,BMC Pulm Med,2009,2009-08-01,PMC2734746,10.1186/1471-2466-9-37
395,38240388,Determining the emotional regulation function of Bifidobacterium breve: the role of gut metabolite regulation over colonization capability,"Qian X, Tian P, Guo M, Yang H, Zhang H, Wang G, Chen W.",Food Funct. 2024 Feb 5;15(3):1598-1611. doi: 10.1039/d3fo02739b.,Qian X,Food Funct,2024,2024-01-19,,10.1039/d3fo02739b
396,35318439,Serum metabolomic responses to aerobic exercise in rats under chronic unpredictable mild stress,"Liu X, Han Y, Zhou S, Tian J, Qin X, Ji C, Zhao W, Chen A.",Sci Rep. 2022 Mar 22;12(1):4888. doi: 10.1038/s41598-022-09102-2.,Liu X,Sci Rep,2022,2022-03-23,PMC8941184,10.1038/s41598-022-09102-2
397,9205790,Monoamine neurotransmitter metabolites and spontaneous recurrence of methamphetamine psychosis,"Yui K, Goto K, Ikemoto S, Ishiguro T.",Brain Res Bull. 1997;43(1):25-33. doi: 10.1016/s0361-9230(96)00340-1.,Yui K,Brain Res Bull,1997,1997-01-01,,10.1016/s0361-9230(96)00340-1
398,9135059,Distinct activation of monoaminergic pathways in chick brain in relation to auditory imprinting and stressful situations: a microdialysis study,"Gruss M, Braun K.",Neuroscience. 1997 Feb;76(3):891-9. doi: 10.1016/s0306-4522(96)00385-5.,Gruss M,Neuroscience,1997,1997-02-01,,10.1016/s0306-4522(96)00385-5
399,21718771,Metabonomic study on chronic unpredictable mild stress and intervention effects of Xiaoyaosan in rats using gas chromatography coupled with mass spectrometry,"Gao X, Zheng X, Li Z, Zhou Y, Sun H, Zhang L, Guo X, Du G, Qin X.",J Ethnopharmacol. 2011 Sep 1;137(1):690-9. doi: 10.1016/j.jep.2011.06.024. Epub 2011 Jun 21.,Gao X,J Ethnopharmacol,2011,2011-07-02,,10.1016/j.jep.2011.06.024
400,8885433,"Seasonal cutaneous immune responses in an Antarctic wintering group: no association with testosterone, vitamin D metabolite or anxiety score","Pitson GA, Lugg DJ, Muller HK.",Arctic Med Res. 1996 Jul;55(3):118-22.,Pitson GA,Arctic Med Res,1996,1996-07-01,,
401,17826869,Effects of swim stress on mRNA and protein levels of steroid 5alpha-reductase isozymes in prefrontal cortex of adult male rats,"Sánchez P, Torres JM, Gavete P, Ortega E.",Neurochem Int. 2008 Feb;52(3):426-31. doi: 10.1016/j.neuint.2007.07.019. Epub 2007 Aug 3.,Sánchez P,Neurochem Int,2008,2007-09-11,,10.1016/j.neuint.2007.07.019
402,10204098,"Prenatal stress reduces the effectiveness of the neurosteroid 3 alpha,5 alpha-THP to block kainic-acid-induced seizures","Frye CA, Bayon LE.",Dev Psychobiol. 1999 Apr;34(3):227-34.,Frye CA,Dev Psychobiol,1999,1999-04-16,,
403,31323299,Cang-ai volatile oil improves depressive-like behaviors and regulates DA and 5-HT metabolism in the brains of CUMS-induced rats,"Chen B, Li J, Xie Y, Ming X, Li G, Wang J, Li M, Li X, Xiong L.",J Ethnopharmacol. 2019 Nov 15;244:112088. doi: 10.1016/j.jep.2019.112088. Epub 2019 Jul 16.,Chen B,J Ethnopharmacol,2019,2019-07-20,,10.1016/j.jep.2019.112088
404,11172776,Central monoamine activity in genetically distinct strains of mice following a psychogenic stressor: effects of predator exposure,"Hayley S, Borowski T, Merali Z, Anisman H.",Brain Res. 2001 Feb 23;892(2):293-300. doi: 10.1016/s0006-8993(00)03262-5.,Hayley S,Brain Res,2001,2001-02-15,,10.1016/s0006-8993(00)03262-5
405,32029791,Serum Metabolic Profiles of the Tryptophan-Kynurenine Pathway in the high risk subjects of major depressive disorder,"Sakurai M, Yamamoto Y, Kanayama N, Hasegawa M, Mouri A, Takemura M, Matsunami H, Miyauchi T, Tokura T, Kimura H, Ito M, Umemura E, Boku AS, Nagashima W, Tonoike T, Kurita K, Ozaki N, Nabeshima T, Saito K.",Sci Rep. 2020 Feb 6;10(1):1961. doi: 10.1038/s41598-020-58806-w.,Sakurai M,Sci Rep,2020,2020-02-08,PMC7005270,10.1038/s41598-020-58806-w
406,28617851,Severity classification of repeated isoflurane anesthesia in C57BL/6JRj mice-Assessing the degree of distress,"Hohlbaum K, Bert B, Dietze S, Palme R, Fink H, Thöne-Reineke C.",PLoS One. 2017 Jun 15;12(6):e0179588. doi: 10.1371/journal.pone.0179588. eCollection 2017.,Hohlbaum K,PLoS One,2017,2017-06-16,PMC5472303,10.1371/journal.pone.0179588
407,26035102,A 1H-NMR-Based Metabonomic Study on the Anti-Depressive Effect of the Total Alkaloid of Corydalis Rhizoma,"Wu H, Wang P, Liu M, Tang L, Fang J, Zhao Y, Zhang Y, Li D, Xu H, Yang H.",Molecules. 2015 May 29;20(6):10047-64. doi: 10.3390/molecules200610047.,Wu H,Molecules,2015,2015-06-03,PMC6272534,10.3390/molecules200610047
408,36804535,Beneficial effects of arketamine on the reduced bone mineral density in susceptible mice after chronic social defeat stress: Role of the gut-microbiota-bone-brain axis,"Wan X, Eguchi A, Chang L, Mori C, Hashimoto K.",Neuropharmacology. 2023 May 1;228:109466. doi: 10.1016/j.neuropharm.2023.109466. Epub 2023 Feb 16.,Wan X,Neuropharmacology,2023,2023-02-22,,10.1016/j.neuropharm.2023.109466
409,2727019,Stressor predictability and rat brain noradrenaline metabolism,"Tsuda A, Ida Y, Satoh H, Tsujimaru S, Tanaka M.",Pharmacol Biochem Behav. 1989 Feb;32(2):569-72. doi: 10.1016/0091-3057(89)90198-6.,Tsuda A,Pharmacol Biochem Behav,1989,1989-02-01,,10.1016/0091-3057(89)90198-6
410,18848947,Benefits of family reunions: social support in secondary greylag goose families,"Scheiber IB, Kotrschal K, Weiss BM.",Horm Behav. 2009 Jan;55(1):133-8. doi: 10.1016/j.yhbeh.2008.09.006. Epub 2008 Sep 24.,Scheiber IB,Horm Behav,2009,2008-10-14,PMC3182547,10.1016/j.yhbeh.2008.09.006
411,22150400,"Sympathetic nervous activity, depressive symptoms, and metabolic syndrome in black Africans: the sympathetic activity and ambulatory blood pressure in Africans study","Hamer M, Malan L.",Stress. 2012 Sep;15(5):562-8. doi: 10.3109/10253890.2011.648247. Epub 2012 Jan 10.,Hamer M,Stress,2012,2011-12-14,,10.3109/10253890.2011.648247
412,30215218,Lack of deuterium isotope effects in the antidepressant effects of (R)-ketamine in a chronic social defeat stress model,"Zhang K, Toki H, Fujita Y, Ma M, Chang L, Qu Y, Harada S, Nemoto T, Mizuno-Yasuhira A, Yamaguchi JI, Chaki S, Hashimoto K.",Psychopharmacology (Berl). 2018 Nov;235(11):3177-3185. doi: 10.1007/s00213-018-5017-2. Epub 2018 Sep 13.,Zhang K,Psychopharmacology (Berl),2018,2018-09-15,,10.1007/s00213-018-5017-2
413,36948469,A novel insight for high-rate and low-efficiency glucose metabolism in depression through stable isotope-resolved metabolomics in CUMS-induced rats,"Tian JS, Zhao YH, Ling-Hu T, Wu WZ, Wang XX, Ji C, Zhao WD, Han YM, Qin XM.",J Affect Disord. 2023 Jun 15;331:121-129. doi: 10.1016/j.jad.2023.03.061. Epub 2023 Mar 21.,Tian JS,J Affect Disord,2023,2023-03-22,,10.1016/j.jad.2023.03.061
414,17498492,[Metabonomic study of syndrome of liver qi stagnation and spleen deficiency in rats],"Luo HG, Ding J, Yue GX, Chen JX.",Zhong Xi Yi Jie He Xue Bao. 2007 May;5(3):307-13. doi: 10.3736/jcim20070315.,Luo HG,Zhong Xi Yi Jie He Xue Bao,2007,2007-05-15,,10.3736/jcim20070315
415,26540435,Role of Bai-Shao towards the antidepressant effect of Chaihu-Shu-Gan-San using metabonomics integrated with chemical fingerprinting,"Chang X, Jia H, Zhou C, Zhang H, Yu M, Yang J, Zou Z.",J Chromatogr B Analyt Technol Biomed Life Sci. 2015 Dec 1;1006:16-29. doi: 10.1016/j.jchromb.2015.10.007. Epub 2015 Oct 20.,Chang X,J Chromatogr B Analyt Technol Biomed Life Sci,2015,2015-11-06,,10.1016/j.jchromb.2015.10.007
416,30696813,Altered gut metabolome contributes to depression-like behaviors in rats exposed to chronic unpredictable mild stress,"Jianguo L, Xueyang J, Cui W, Changxin W, Xuemei Q.",Transl Psychiatry. 2019 Jan 29;9(1):40. doi: 10.1038/s41398-019-0391-z.,Jianguo L,Transl Psychiatry,2019,2019-01-31,PMC6351597,10.1038/s41398-019-0391-z
417,497311,Plasma glucose and lactic acid alterations in response to a stressful exam,"Hall JB, Brown DA.",Biol Psychol. 1979 May;8(3):179-88. doi: 10.1016/0301-0511(79)90046-2.,Hall JB,Biol Psychol,1979,1979-05-01,,10.1016/0301-0511(79)90046-2
418,18640158,Age related differences in stress-induced neurobehavioral responses in rats: modulation by antioxidants and nitrergic agents,"Chakraborti A, Gulati K, Ray A.",Behav Brain Res. 2008 Dec 1;194(1):86-91. doi: 10.1016/j.bbr.2008.06.027. Epub 2008 Jul 3.,Chakraborti A,Behav Brain Res,2008,2008-07-22,,10.1016/j.bbr.2008.06.027
419,10770454,Increased sensitivity to stress in spontaneous recurrence of methamphetamine psychosis: noradrenergic hyperactivity with contribution from dopaminergic hyperactivity,"Yui K, Goto K, Ikemoto S, Ishiguro T, Kamata Y.",J Clin Psychopharmacol. 2000 Apr;20(2):165-74. doi: 10.1097/00004714-200004000-00008.,Yui K,J Clin Psychopharmacol,2000,2000-04-19,,10.1097/00004714-200004000-00008
420,39501924,Metabolomic Analysis Reveals the Linkage between Sleep-Enhancing Effects and Metabolite Biomarkers and Pathways of Different Casein Hydrolysates in Chronic Unpredictable Mild Stressed Mice,"Qian J, Zheng L, Hong Z, Zhao M.",J Agric Food Chem. 2024 Nov 20;72(46):25675-25689. doi: 10.1021/acs.jafc.4c07140. Epub 2024 Nov 6.,Qian J,J Agric Food Chem,2024,2024-11-06,,10.1021/acs.jafc.4c07140
421,25957811,LC-MS/MS based studies on the anti-depressant effect of hypericin in the chronic unpredictable mild stress rat model,"Zhai XJ, Chen F, Chen C, Zhu CR, Lu YN.",J Ethnopharmacol. 2015 Jul 1;169:363-9. doi: 10.1016/j.jep.2015.04.053. Epub 2015 May 6.,Zhai XJ,J Ethnopharmacol,2015,2015-05-11,,10.1016/j.jep.2015.04.053
422,31926986,Poria cocos water extract ameliorates the behavioral deficits induced by unpredictable chronic mild stress in rats by down-regulating inflammation,"Huang YJ, Hsu NY, Lu KH, Lin YE, Lin SH, Lu YS, Liu WT, Chen MH, Sheen LY.",J Ethnopharmacol. 2020 Aug 10;258:112566. doi: 10.1016/j.jep.2020.112566. Epub 2020 Jan 9.,Huang YJ,J Ethnopharmacol,2020,2020-01-14,,10.1016/j.jep.2020.112566
423,35339110,Butyrate emerges as a crucial effector of Zhi-Zi-Chi decoctions to ameliorate depression via multiple pathways of brain-gut axis,"Liu J, Fang Y, Cui L, Wang Z, Luo Y, Gao C, Ge W, Huang T, Wen J, Zhou T.",Biomed Pharmacother. 2022 May;149:112861. doi: 10.1016/j.biopha.2022.112861. Epub 2022 Mar 23.,Liu J,Biomed Pharmacother,2022,2022-03-26,,10.1016/j.biopha.2022.112861
424,6161860,[Genetics and phenogenetics of the hormonal characteristics of animals. VII. Correlation between brain serotonin and the hypothalamo-pituitary-adrenal system in domesticated and undomesticated silver foxes during emotional stress],"Popova NK, Voĭtenko NN, Pavlova SI, Trut LN, Naumenko EV.",Genetika. 1980;16(10):1865-70.,Popova NK,Genetika,1980,1980-01-01,,
425,21640181,Antidepressant-like effects of the fractions of Xiaoyaosan on rat model of chronic unpredictable mild stress,"Zhou Y, Lu L, Li Z, Gao X, Tian J, Zhang L, Wu B, Qin X.",J Ethnopharmacol. 2011 Sep 1;137(1):236-44. doi: 10.1016/j.jep.2011.05.016. Epub 2011 May 26.,Zhou Y,J Ethnopharmacol,2011,2011-06-07,,10.1016/j.jep.2011.05.016
426,17961612,Ultrasonic calls of bank vole pups isolated and exposed to cold or to nest odor,"Szentgyörgyi H, Kapusta J, Marchlewska-Koj A.",Physiol Behav. 2008 Jan 28;93(1-2):296-303. doi: 10.1016/j.physbeh.2007.09.015. Epub 2007 Sep 29.,Szentgyörgyi H,Physiol Behav,2008,2007-10-27,,10.1016/j.physbeh.2007.09.015
427,37999885,Plasma metabolomics reveals the intervention mechanism of different types of exercise on chronic unpredictable mild stress-induced depression rat model,"Liu X, Zhang B, Tian J, Han Y.",Metab Brain Dis. 2024 Jan;39(1):1-13. doi: 10.1007/s11011-023-01310-7. Epub 2023 Nov 24.,Liu X,Metab Brain Dis,2024,2023-11-24,,10.1007/s11011-023-01310-7
428,33885788,Study on antidepressant mechanism of Radix Bupleuri-Radix Paeoniae Alba herb pair by metabonomics combined with 1H nuclear magnetic resonance and ultra-high-performance liquid chromatography-tandem mass spectrometry detection technology,"Zhou Y, Li T, Zhu S, Gong W, Qin X, Du G.",J Pharm Pharmacol. 2021 Aug 12;73(9):1262-1273. doi: 10.1093/jpp/rgab061.,Zhou Y,J Pharm Pharmacol,2021,2021-04-22,,10.1093/jpp/rgab061
429,17912046,Antidepressant-like effect of tramadol in the unpredictable chronic mild stress procedure: possible involvement of the noradrenergic system,"Yalcin I, Aksu F, Bodard S, Chalon S, Belzung C.",Behav Pharmacol. 2007 Nov;18(7):623-31. doi: 10.1097/FBP.0b013e3282eff109.,Yalcin I,Behav Pharmacol,2007,2007-10-04,,10.1097/FBP.0b013e3282eff109
430,37820491,Widely targeted metabolomics unveils baicalin-induced hippocampal metabolic alternations in a rat model of chronic unpredictable mild stress,"Ma J, Li X, Yang Z, Liu Q, Liu Y, Liu A.",J Pharm Biomed Anal. 2024 Jan 5;237:115766. doi: 10.1016/j.jpba.2023.115766. Epub 2023 Oct 4.,Ma J,J Pharm Biomed Anal,2024,2023-10-11,,10.1016/j.jpba.2023.115766
431,8808160,Effects of moclobemide on forced-swimming stress and brain monoamine levels in mice,"Miura H, Naoi M, Nakahara D, Ohta T, Nagatsu T.",Pharmacol Biochem Behav. 1996 Feb;53(2):469-75. doi: 10.1016/0091-3057(95)02019-5.,Miura H,Pharmacol Biochem Behav,1996,1996-02-01,,10.1016/0091-3057(95)02019-5
432,8090947,The effect of psychological stress on neutrophil superoxide release,"Kang DH, McCarthy DO.",Res Nurs Health. 1994 Oct;17(5):363-70. doi: 10.1002/nur.4770170507.,Kang DH,Res Nurs Health,1994,1994-10-01,,10.1002/nur.4770170507
433,27880890,Potential antidepressant and resilience mechanism revealed by metabolomic study on peripheral blood mononuclear cells of stress resilient rats,"Li J, Zhang SX, Wang W, Cheng K, Guo H, Rao CL, Yang DY, He Y, Zou DZ, Han Y, Zhao LB, Li PF, Xie P.",Behav Brain Res. 2017 Mar 1;320:12-20. doi: 10.1016/j.bbr.2016.11.035. Epub 2016 Nov 21.,Li J,Behav Brain Res,2017,2016-11-24,,10.1016/j.bbr.2016.11.035
434,26687936,Timosaponin derivative YY-23 acts as a non-competitive NMDA receptor antagonist and exerts a rapid antidepressant-like effect in mice,"Zhang Q, Guo F, Fu ZW, Zhang B, Huang CG, Li Y.",Acta Pharmacol Sin. 2016 Feb;37(2):166-76. doi: 10.1038/aps.2015.111. Epub 2015 Dec 21.,Zhang Q,Acta Pharmacol Sin,2016,2015-12-22,PMC4753364,10.1038/aps.2015.111
435,7195579,Regional responses of rat brain noradrenergic neurones to acute intense stress,"Nakagawa R, Tanaka M, Kohno Y, Noda Y, Nagasaki N.",Pharmacol Biochem Behav. 1981 May;14(5):729-32. doi: 10.1016/0091-3057(81)90139-8.,Nakagawa R,Pharmacol Biochem Behav,1981,1981-05-01,,10.1016/0091-3057(81)90139-8
436,37358784,Revealing the role of leucine in improving the social avoidance behavior of depression through a combination of untargeted and targeted metabolomics,"Wang Q, Wu Z, Xiang H, Zhou Y, Qin X, Tian J.",Food Funct. 2023 Jul 17;14(14):6397-6409. doi: 10.1039/d3fo01876h.,Wang Q,Food Funct,2023,2023-06-26,,10.1039/d3fo01876h
437,9042587,"Role of (+)-SKF-10,047-sensitive sub-population of sigma 1 receptors in amelioration of conditioned fear stress in rats: association with mesolimbic dopaminergic systems","Kamei H, Noda Y, Kameyama T, Nabeshima T.",Eur J Pharmacol. 1997 Jan 29;319(2-3):165-72. doi: 10.1016/s0014-2999(96)00851-5.,Kamei H,Eur J Pharmacol,1997,1997-01-29,,10.1016/s0014-2999(96)00851-5
438,25459103,Comparison of centrally injected tryptophan-related substances inducing sedation in acute isolation stress-induced neonatal chicks,"Yoshida J, Erwan E, Chowdhury VS, Ogino Y, Shigemura A, Denbow DM, Furuse M.",Pharmacol Biochem Behav. 2015 Feb;129:1-6. doi: 10.1016/j.pbb.2014.11.016. Epub 2014 Nov 29.,Yoshida J,Pharmacol Biochem Behav,2015,2014-12-03,,10.1016/j.pbb.2014.11.016
439,32419180,Serum metabolomics reveals the intervention mechanism and compatible regularity of Chaihu Shu Gan San on chronic unpredictable mild stress-induced depression rat model,"Zhang H, Huang H, Song H, Chin B, Zheng H, Ruan J, Wu F, Cheng B, Wu J, Liu X, Liang Y, Song F, Chen Z, Tang C, Lu S, Guo H, Zou Z, Su Z.",J Pharm Pharmacol. 2020 Aug;72(8):1133-1143. doi: 10.1111/jphp.13286. Epub 2020 May 17.,Zhang H,J Pharm Pharmacol,2020,2020-05-19,,10.1111/jphp.13286
440,39395763,Amino acid metabolites profiling in unpredictable chronic mild stress-induced depressive rats and the protective effects of Gastrodia elata Blume and gastrodin,"Zumbi CN, Choi HHT, Huang HS, Panyod S, Wang TW, Huang SJ, Tsou HH, Ho CT, Sheen LY.",J Ethnopharmacol. 2025 Jan 30;337(Pt 3):118906. doi: 10.1016/j.jep.2024.118906. Epub 2024 Oct 11.,Zumbi CN,J Ethnopharmacol,2025,2024-10-12,,10.1016/j.jep.2024.118906
441,23740556,Moderate physical exercise attenuates the alterations of feeding behaviour induced by social stress in female rats,"Benite-Ribeiro SA, Santos JM, Duarte JA.",Cell Biochem Funct. 2014 Mar;32(2):142-9. doi: 10.1002/cbf.2984. Epub 2013 Jun 5.,Benite-Ribeiro SA,Cell Biochem Funct,2014,2013-06-07,,10.1002/cbf.2984
442,10682697,Transport stress in cattle as reflected by an increase in faecal cortisol metabolite concentrations,"Palme R, Robia C, Baumgartner W, Möstl E.",Vet Rec. 2000 Jan 22;146(4):108-9. doi: 10.1136/vr.146.4.108.,Palme R,Vet Rec,2000,2000-02-22,,10.1136/vr.146.4.108
443,14733887,Analyzing corticosterone metabolites in fecal samples of mice: a noninvasive technique to monitor stress hormones,"Touma C, Palme R, Sachser N.",Horm Behav. 2004 Jan;45(1):10-22. doi: 10.1016/j.yhbeh.2003.07.002.,Touma C,Horm Behav,2004,2004-01-22,,10.1016/j.yhbeh.2003.07.002
444,38810330,NMR-based metabolomics approach to study the effect and related molecular mechanisms of Saffron essential oil against depression,"Zhou Y, Chen Z, Su F, Tao Y, Wang P, Gu J.",J Pharm Biomed Anal. 2024 Sep 1;247:116244. doi: 10.1016/j.jpba.2024.116244. Epub 2024 May 20.,Zhou Y,J Pharm Biomed Anal,2024,2024-05-29,,10.1016/j.jpba.2024.116244
445,16377960,Citalopram counteracts depressive-like symptoms evoked by chronic social stress in rats,"Rygula R, Abumaria N, Flügge G, Hiemke C, Fuchs E, Rüther E, Havemann-Reinecke U.",Behav Pharmacol. 2006 Feb;17(1):19-29. doi: 10.1097/01.fbp.0000186631.53851.71.,Rygula R,Behav Pharmacol,2006,2005-12-27,,10.1097/01.fbp.0000186631.53851.71
446,2274631,Combined effects of desipramine and stress on monoamine turnover in rat brain,"Naitoh H, Nomura S.",Psychopharmacol Bull. 1990;26(3):321-6.,Naitoh H,Psychopharmacol Bull,1990,1990-01-01,,
447,11803458,Early experience and serotonin transporter gene variation interact to influence primate CNS function,"Bennett AJ, Lesch KP, Heils A, Long JC, Lorenz JG, Shoaf SE, Champoux M, Suomi SJ, Linnoila MV, Higley JD.",Mol Psychiatry. 2002;7(1):118-22. doi: 10.1038/sj.mp.4000949.,Bennett AJ,Mol Psychiatry,2002,2002-01-23,,10.1038/sj.mp.4000949
448,20953642,Plasma homovanillic acid correlates inversely with history of childhood trauma in personality disordered and healthy control adults,"Lee R, Coccaro EF.",J Neural Transm (Vienna). 2010 Nov;117(11):1327-34. doi: 10.1007/s00702-010-0493-5. Epub 2010 Oct 16.,Lee R,J Neural Transm (Vienna),2010,2010-10-19,,10.1007/s00702-010-0493-5
449,11412837,Anxiolytic effects of aniracetam in three different mouse models of anxiety and the underlying mechanism,"Nakamura K, Kurasawa M.",Eur J Pharmacol. 2001 May 18;420(1):33-43. doi: 10.1016/s0014-2999(01)01005-6.,Nakamura K,Eur J Pharmacol,2001,2001-06-20,,10.1016/s0014-2999(01)01005-6
450,26812037,Nitric oxide in the prelimbic medial prefrontal cortex is involved in the anxiogenic-like effect induced by acute restraint stress in rats,"Vila-Verde C, Marinho AL, Lisboa SF, Guimarães FS.",Neuroscience. 2016 Apr 21;320:30-42. doi: 10.1016/j.neuroscience.2016.01.040. Epub 2016 Jan 23.,Vila-Verde C,Neuroscience,2016,2016-01-27,,10.1016/j.neuroscience.2016.01.040
451,22610956,Comparative study on effects of Xiaoyao Powder and its modified prescription on plasma metabolomics of rats with chronic immobilization stress,"Luo HG, Chen JX, Zhang Q, Yue GX, Ding J, Zhang HT, Yan XZ, Zhao X, Meng ZZ.",Chin J Integr Med. 2013 Aug;19(8):610-5. doi: 10.1007/s11655-012-1092-0. Epub 2012 May 19.,Luo HG,Chin J Integr Med,2013,2012-05-22,,10.1007/s11655-012-1092-0
452,14511986,Non-invasive assessment of adrenocortical function in the male African elephant (Loxodonta africana) and its relation to musth,"Ganswindt A, Palme R, Heistermann M, Borragan S, Hodges JK.",Gen Comp Endocrinol. 2003 Nov;134(2):156-66. doi: 10.1016/s0016-6480(03)00251-x.,Ganswindt A,Gen Comp Endocrinol,2003,2003-09-27,,10.1016/s0016-6480(03)00251-x
453,2510185,Blockade by diazepam of conditioned fear-induced activation of rat mesoprefrontal dopamine neurons,"Ida Y, Tsuda A, Sueyoshi K, Shirao I, Tanaka M.",Pharmacol Biochem Behav. 1989 Jun;33(2):477-9. doi: 10.1016/0091-3057(89)90533-9.,Ida Y,Pharmacol Biochem Behav,1989,1989-06-01,,10.1016/0091-3057(89)90533-9
454,10683496,Diazepam has no beneficial effects on stress-induced behavioural and endocrine changes in male tree shrews,"Van Kampen M, Schmitt U, Hiemke C, Fuchs E.",Pharmacol Biochem Behav. 2000 Mar;65(3):539-46. doi: 10.1016/s0091-3057(99)00190-2.,Van Kampen M,Pharmacol Biochem Behav,2000,2000-02-23,,10.1016/s0091-3057(99)00190-2
455,24064280,Icaritin opposes the development of social aversion after defeat stress via increases of GR mRNA and BDNF mRNA in mice,"Wu X, Wu J, Xia S, Li B, Dong J.",Behav Brain Res. 2013 Nov 1;256:602-8. doi: 10.1016/j.bbr.2013.09.034. Epub 2013 Sep 21.,Wu X,Behav Brain Res,2013,2013-09-26,,10.1016/j.bbr.2013.09.034
456,22771833,Sertraline behavioral response associates closer and dose-dependently with cortical rather than hippocampal serotonergic activity in the rat forced swim stress,"Mikail HG, Dalla C, Kokras N, Kafetzopoulos V, Papadopoulou-Daifoti Z.",Physiol Behav. 2012 Sep 10;107(2):201-6. doi: 10.1016/j.physbeh.2012.06.016. Epub 2012 Jul 3.,Mikail HG,Physiol Behav,2012,2012-07-10,,10.1016/j.physbeh.2012.06.016
457,23481217,"Antidepressant-like effects of paeoniflorin on the behavioural, biochemical, and neurochemical patterns of rats exposed to chronic unpredictable stress","Qiu FM, Zhong XM, Mao QQ, Huang Z.",Neurosci Lett. 2013 Apr 29;541:209-13. doi: 10.1016/j.neulet.2013.02.029. Epub 2013 Feb 26.,Qiu FM,Neurosci Lett,2013,2013-03-14,,10.1016/j.neulet.2013.02.029
458,3656920,[Stress-limiting systems and the problem of the prevention of arrhythmia],Meerson FZ.,Kardiologiia. 1987 Jul;27(7):5-12.,Meerson FZ,Kardiologiia,1987,1987-07-01,,
459,12799170,Fecal corticosteroids in a territorial bird selected for different personalities: daily rhythm and the response to social stress,"Carere C, Groothuis TG, Möstl E, Daan S, Koolhaas JM.",Horm Behav. 2003 May;43(5):540-8. doi: 10.1016/s0018-506x(03)00065-5.,Carere C,Horm Behav,2003,2003-06-12,,10.1016/s0018-506x(03)00065-5
460,2796872,Effect of momentary stress on brain energy metabolism in weanling mice: apparent use of lactate as cerebral metabolic fuel concomitant with a decrease in brain glucose utilization,"Thurston JH, Hauhart RE.",Metab Brain Dis. 1989 Sep;4(3):177-86. doi: 10.1007/BF01000294.,Thurston JH,Metab Brain Dis,1989,1989-09-01,,10.1007/BF01000294
461,17976602,The causes of physiological suppression among female meerkats: a role for subordinate restraint due to the threat of infanticide?,"Young AJ, Monfort SL, Clutton-Brock TH.",Horm Behav. 2008 Jan;53(1):131-9. doi: 10.1016/j.yhbeh.2007.09.005. Epub 2007 Sep 18.,Young AJ,Horm Behav,2008,2007-11-03,,10.1016/j.yhbeh.2007.09.005
462,24093582,Modeling of the hypothalamic-pituitary-adrenal axis-mediated interaction between the serotonin regulation pathway and the stress response using a Boolean approximation: a novel study of depression,"Moreno-Ramos OA, Lattig MC, González Barrios AF.",Theor Biol Med Model. 2013 Oct 5;10:59. doi: 10.1186/1742-4682-10-59.,Moreno-Ramos OA,Theor Biol Med Model,2013,2013-10-08,PMC3856587,10.1186/1742-4682-10-59
463,39562060,"Structural characteristics and potential antidepressant mechanism of a water-insoluble β-1,3-glucan from an edible fungus Wolfiporia cocos","Luo XY, Yu M, Li HJ, Kong XY, Zou ZM, Ye XC.",Carbohydr Polym. 2025 Jan 15;348(Pt A):122779. doi: 10.1016/j.carbpol.2024.122779. Epub 2024 Sep 25.,Luo XY,Carbohydr Polym,2025,2024-11-19,,10.1016/j.carbpol.2024.122779
464,2440371,Suppression of immune response in rats by stress and drugs interfering with metabolism of serotonin,"Boranić M, Pericić D, Poljak-Blazi M, Sverko V, Marotti T.",Ann N Y Acad Sci. 1987;496:485-91. doi: 10.1111/j.1749-6632.1987.tb35805.x.,Boranić M,Ann N Y Acad Sci,1987,1987-01-01,,10.1111/j.1749-6632.1987.tb35805.x
465,6109579,Mechanisms mediating the coronary vascular response to behavioral stress in the dog,"Billman GE, Randall DC.",Circ Res. 1981 Feb;48(2):214-23. doi: 10.1161/01.res.48.2.214.,Billman GE,Circ Res,1981,1981-02-01,,10.1161/01.res.48.2.214
466,6685313,Regional rat brain noradrenaline turnover in response to restraint stress,"Glavin GB, Tanaka M, Tsuda A, Kohno Y, Hoaki Y, Nagasaki N.",Pharmacol Biochem Behav. 1983 Aug;19(2):287-90. doi: 10.1016/0091-3057(83)90054-0.,Glavin GB,Pharmacol Biochem Behav,1983,1983-08-01,,10.1016/0091-3057(83)90054-0
467,15817193,Differences in affective behaviors and hippocampal allopregnanolone levels in adult rats of lines selectively bred for infantile vocalizations,"Zimmerberg B, Brunelli SA, Fluty AJ, Frye CA.",Behav Brain Res. 2005 Apr 30;159(2):301-11. doi: 10.1016/j.bbr.2004.11.009. Epub 2004 Dec 10.,Zimmerberg B,Behav Brain Res,2005,2005-04-09,,10.1016/j.bbr.2004.11.009
468,17606300,Variation of the choline signal intensity in the dorsolateral prefrontal cortex of rats exposed to the forced swimming test as detected by in vivo 1H MR spectroscopy,"Hong ST, Choi CB, Park C, Hong KS, Cheong C, Jeon YW, Choe BY.",J Neurosci Methods. 2007 Sep 15;165(1):89-94. doi: 10.1016/j.jneumeth.2007.05.022. Epub 2007 May 24.,Hong ST,J Neurosci Methods,2007,2007-07-04,,10.1016/j.jneumeth.2007.05.022
469,20022344,Effects of short-term stress-like cortisol on cerebral metabolism: a proton magnetic resonance spectroscopy study at 3.0 T,"Scheel M, Ströhle A, Bruhn H.",J Psychiatr Res. 2010 Jun;44(8):521-6. doi: 10.1016/j.jpsychires.2009.11.010. Epub 2009 Dec 21.,Scheel M,J Psychiatr Res,2010,2009-12-22,,10.1016/j.jpsychires.2009.11.010
470,12058537,"[Catecholamines, nitrogen oxide, and resistivity to stressor lesions: effect of adaptation to hypoxia]","Pshennikova MG, Popkova EV, Bondarenko NA, Malyshev IIu, Shimkovich MV, Smirin BV, Manukhina EB.",Ross Fiziol Zh Im I M Sechenova. 2002 Apr;88(4):485-95.,Pshennikova MG,Ross Fiziol Zh Im I M Sechenova,2002,2002-06-13,,
471,8793613,Biochemical and clinical assessment of histamine blockade,"Irjala J, Koskinen P, Scheinin M, Kanto J, Scheinin H.",Int J Clin Pharmacol Ther. 1996 Jun;34(6):269-73.,Irjala J,Int J Clin Pharmacol Ther,1996,1996-06-01,,
472,21398066,Urinary metabonomics study of anti-depressive effect of Chaihu-Shu-Gan-San on an experimental model of depression induced by chronic variable stress in rats,"Su ZH, Li SQ, Zou GA, Yu CY, Sun YG, Zhang HW, Gu Y, Zou ZM.",J Pharm Biomed Anal. 2011 Jun 1;55(3):533-9. doi: 10.1016/j.jpba.2011.02.013. Epub 2011 Feb 18.,Su ZH,J Pharm Biomed Anal,2011,2011-03-15,,10.1016/j.jpba.2011.02.013
473,25498416,"Elevation of brain allopregnanolone rather than 5-HT release by short term, low dose fluoxetine treatment prevents the estrous cycle-linked increase in stress sensitivity in female rats","Devall AJ, Santos JM, Fry JP, Honour JW, Brandão ML, Lovick TA.",Eur Neuropsychopharmacol. 2015 Jan;25(1):113-23. doi: 10.1016/j.euroneuro.2014.11.017. Epub 2014 Dec 3.,Devall AJ,Eur Neuropsychopharmacol,2015,2014-12-16,,10.1016/j.euroneuro.2014.11.017
474,16146187,[Assessment of mental condition by saliva level of 3-methoxy-4-hydroxyphenylglycol],Yamada S.,Seishin Shinkeigaku Zasshi. 2005;107(7):712-7.,Yamada S,Seishin Shinkeigaku Zasshi,2005,2005-09-09,,
475,108755,Adrenergic and dopaminergic response to chronic chair restraint in the rhesus monkey,"Perlow MJ, Karoum F, Braun D, Wyatt RJ.",Psychosom Med. 1979 Mar;41(2):139-45. doi: 10.1097/00006842-197903000-00007.,Perlow MJ,Psychosom Med,1979,1979-03-01,,10.1097/00006842-197903000-00007
476,20144684,"Characterization of the norepinephrine-activation of adenylate cyclase suggests a role in memory affirmation pathways. Overexposure to epinephrine inactivates adenylate cyclase, a causal pathway for stress-pathologies",Bennun A.,Biosystems. 2010 May;100(2):87-93. doi: 10.1016/j.biosystems.2010.02.001. Epub 2010 Feb 6.,Bennun A,Biosystems,2010,2010-02-11,,10.1016/j.biosystems.2010.02.001
477,6955811,"Influence of mental stress on plasma level of prostaglandins, thromboxane B2 and on circulating platelet aggregates in man","Mest HJ, Zehl U, Sziegoleit W, Taube C, Förster W.",Prostaglandins Leukot Med. 1982 Jun;8(6):553-63.,Mest HJ,Prostaglandins Leukot Med,1982,1982-06-01,,
478,39519391,"Gyrophoric Acid, a Secondary Metabolite of Lichens, Exhibits Antidepressant and Anxiolytic Activity In Vivo in Wistar Rats","Urbanska N, Karasova M, Jendzelovska Z, Majerník M, Kolesarova M, Kecsey D, Jendzelovsky R, Bohus P, Kiskova T.",Int J Mol Sci. 2024 Nov 4;25(21):11840. doi: 10.3390/ijms252111840.,Urbanska N,Int J Mol Sci,2024,2024-11-09,PMC11546396,10.3390/ijms252111840
479,2070285,The structured interview elicits a differential prostacyclin response in A and B behaviour types,"Gerrard JM, Dion PR, Dyck DG.",Can J Cardiol. 1991 May;7(4):170-4.,Gerrard JM,Can J Cardiol,1991,1991-05-01,,
480,2810934,Influence of electric foot shock on pharmacokinetics of isosorbide dinitrate subcutaneously administered to rats,"Gomita Y, Furuno K, Araki Y.",Jpn J Pharmacol. 1989 Sep;51(1):132-5. doi: 10.1254/jjp.51.132.,Gomita Y,Jpn J Pharmacol,1989,1989-09-01,,10.1254/jjp.51.132
481,2386829,[Effect of ethanol on the levels of dopamine and its metabolites in the brain of rats with different degree of sensitivity to stress],"Iukhananov RIu, Tennila TM, Miroshnichenko II, Kudrin VS, Raevskiĭ KS, Aĭraksinen MM, Maĭskiĭ AI.",Biull Eksp Biol Med. 1990 Apr;109(4):362-4.,Iukhananov RIu,Biull Eksp Biol Med,1990,1990-04-01,,
482,2330846,Influence of emotional stress on pharmacokinetics of isosorbide dinitrate intraperitoneally administered to rats,"Gomita Y, Furuno K, Araki Y.",Acta Med Okayama. 1990 Feb;44(1):51-3. doi: 10.18926/AMO/30468.,Gomita Y,Acta Med Okayama,1990,1990-02-01,,10.18926/AMO/30468
483,2905410,Factors modifying the effect of diazepam on plasma corticosterone levels in rats,"Pohorecky LA, Cotler S, Carbone JJ, Roberts P.",Life Sci. 1988;43(25):2159-67. doi: 10.1016/0024-3205(88)90367-0.,Pohorecky LA,Life Sci,1988,1988-01-01,,10.1016/0024-3205(88)90367-0
484,2733266,Influence of electric foot shock on pharmacokinetics of isosorbide dinitrate orally administered to rats,"Gomita Y, Furuno K, Araki Y.",Jpn J Pharmacol. 1989 Feb;49(2):297-9. doi: 10.1254/jjp.49.297.,Gomita Y,Jpn J Pharmacol,1989,1989-02-01,,10.1254/jjp.49.297
485,14294261,[STUDIES ON EXCRETION IN THE URINE OF CATECHOLAMINE METABOLITES 3-METHOXY-4-HYDROXY-MANDELIC ACID (VANILLIN MANDELIC ACID) IN DIFFERENT FORMS OF PHYSICAL AND EMOTIONAL STRESS],"SCHMID E, BACHMANN K, HAAS H, SCHMERWITZ K, SUESS W, WINTER P, ZICHA L.",Verh Dtsch Ges Inn Med. 1964;70:443-5.,SCHMID E,Verh Dtsch Ges Inn Med,1964,1964-01-01,,
486,1189395,"[Excretion of some metabolites of catecholamine, serotonin and steroid hormones following neurosensory loading]",Gutoranov G.,Vutr Boles. 1975;14(1):40-4.,Gutoranov G,Vutr Boles,1975,1975-01-01,,
487,6891358,[Brain monoamines and their metabolites in Vistar and Krushinskiĭ-Molodkina strain rats],"Gorozhanin VS, Galimov SD.",Genetika. 1982 Dec;18(12):1953-9.,Gorozhanin VS,Genetika,1982,1982-12-01,,
488,6538449,[Stress-protective properties of lithium nicotinate--a new derivative of nicotinic acid],Kresiun VI.,Biull Eksp Biol Med. 1984 Mar;97(3):312-5.,Kresiun VI,Biull Eksp Biol Med,1984,1984-03-01,,
489,9929914,[Biogenic amines in the brain nuclei of August and Wistar rats under repeated stress],Gorbunova AV.,Zh Vyssh Nerv Deiat Im I P Pavlova. 1998 Nov-Dec;48(6):1051-7.,Gorbunova AV,Zh Vyssh Nerv Deiat Im I P Pavlova,1998,1999-02-04,,
490,12555507,[Stress cardiomyopathy: report of 2 cases],"Aliouche A, Pop C, Chapoutot L, Tassan S, Vautrin E, Nazeyrollas P, Metz D.",Ann Cardiol Angeiol (Paris). 2001 Apr;50(3):155-9. doi: 10.1016/s0003-3928(01)00012-9.,Aliouche A,Ann Cardiol Angeiol (Paris),2001,2003-01-31,,10.1016/s0003-3928(01)00012-9
491,18710037,[Age-related peculiarities of glutathione content changes in the brain of rats during immobilization stress],"Rudenko VV, Goloborod'ko AV, Red'ko AV, Davydov VV.",Ukr Biokhim Zh (1999). 2008 Jan-Feb;80(1):119-22.,Rudenko VV,Ukr Biokhim Zh (1999),2008,2008-08-20,,
492,20821975,"[Delayed effect of 2-amino-4-acetylthiazolo[5, 4-b]indole hydrobromide on physical capability in mice]","Marysheva VV, Lukk MV, Iunusov IA, Shabanov PD.",Eksp Klin Farmakol. 2010 Jul;73(7):19-22.,Marysheva VV,Eksp Klin Farmakol,2010,2010-09-09,,
493,16929953,Age-related changes in activity of enzymes catalyzing oxidation-reduction of endogenous aldehydes in the liver of rats during immobilization stress,"Davydov VV, Fomina EV.",Bull Exp Biol Med. 2006 Jan;141(1):17-9. doi: 10.1007/s10517-006-0081-8.,Davydov VV,Bull Exp Biol Med,2006,2006-08-26,,10.1007/s10517-006-0081-8
494,1666710,[The role of activation of lipid peroxidation of the tissues in response of the body to nociceptive stimuli],Sutkovoĭ DA.,Zh Nevropatol Psikhiatr Im S S Korsakova. 1991;91(12):43-6.,Sutkovoĭ DA,Zh Nevropatol Psikhiatr Im S S Korsakova,1991,1991-01-01,,
495,22167838,[Nitric oxide synthesis during different stages of competition period in well-trained athletes],"Bohdanovs'ka NV, Kotsiuruba AV, Malikov MV.",Fiziol Zh (1994). 2011;57(4):82-9.,Bohdanovs'ka NV,Fiziol Zh (1994),2011,2011-12-15,,
496,8397312,[The participation of the hypothalamo-hypophyseal-adrenal system in the raising of the arterial pressure under the influence of emotional stress in arterial hypertension],Belova EV.,Kardiologiia. 1993;33(3):37-9.,Belova EV,Kardiologiia,1993,1993-01-01,,
497,7192581,[Prevention of disorders of cardiac muscle contractility developing after emotionally painful stress by gamma-hydroxybutyric acid and the antioxidant ionol],"Meerson FZ, Trikhpoeva AM.",Biull Eksp Biol Med. 1980 Nov;90(11):531-3.,Meerson FZ,Biull Eksp Biol Med,1980,1980-11-01,,
498,3801908,A role played by dopamine and opioid neuronal systems in stress-induced motor suppression (conditioned suppression of motility) in mice,"Nabeshima T, Katoh A, Hiramatsu M, Kameyama T.",Brain Res. 1986 Nov 29;398(2):354-60.,Nabeshima T,Brain Res,1986,1986-11-29,,
499,6548436,[Stress-induced decrease in body resistance to tumor growth and the prevention of this phenomenon by central inhibitory metabolites],"Sukhikh GT, Meerson FZ, Mikhaleva II.",Dokl Akad Nauk SSSR. 1984 Sep-Oct;278(1):253-6.,Sukhikh GT,Dokl Akad Nauk SSSR,1984,1984-09-01,,
500,18472574,[Nitric oxide metabolites in exhaled breath condensate in young people],Kuvshinov DIu.,Fiziol Cheloveka. 2008 Mar-Apr;34(2):66-70.,Kuvshinov DIu,Fiziol Cheloveka,2008,2008-05-14,,
501,20158297,Effects of acute progesterone administration upon responses to acute psychosocial stress in men,"Childs E, Van Dam NT, de Wit H.",Exp Clin Psychopharmacol. 2010 Feb;18(1):78-86. doi: 10.1037/a0018060.,Childs E,Exp Clin Psychopharmacol,2010,2010-02-18,PMC4351805,10.1037/a0018060
502,30193051,"[CHANGES OF THE OXIDATIVE STATUS, MITOCHONDRIAL FUNCTION, BLOOD PRESSURE AND INDICATORS OF HEMOSTASIS IN STRESSED ANIMALS AND IN THE CONDITIONS OF NO-SYNTHASE BLOCKADE]","Perfilova VN, Popova TA, Prokofiev II, Borisov AV, Zaypullaev GI, Muzyko EA, Kustova MV, Tuyrenkov IN.",Ross Fiziol Zh Im I M Sechenova. 2016 Jul;102(7):833-46.,Perfilova VN,Ross Fiziol Zh Im I M Sechenova,2016,2018-09-08,,
503,3961821,The effects of sulindac and its metabolites on acute stress-induced gastric ulcers in rats,"Glavin GB, Sitar DS.",Toxicol Appl Pharmacol. 1986 Apr;83(2):386-9. doi: 10.1016/0041-008x(86)90315-7.,Glavin GB,Toxicol Appl Pharmacol,1986,1986-04-01,,10.1016/0041-008x(86)90315-7
504,32320815,Quantitative meta-analysis of heart rate variability finds reduced parasympathetic cardiac tone in women compared to men during laboratory-based social stress,"Hamidovic A, Van Hedger K, Choi SH, Flowers S, Wardle M, Childs E.",Neurosci Biobehav Rev. 2020 Jul;114:194-200. doi: 10.1016/j.neubiorev.2020.04.005. Epub 2020 Apr 19.,Hamidovic A,Neurosci Biobehav Rev,2020,2020-04-23,PMC7422617,10.1016/j.neubiorev.2020.04.005
505,22555777,"Maternal depression and prenatal exposure to methamphetamine: neurodevelopmental findings from the infant development, environment, and lifestyle (ideal) study","Smith LM, Paz MS, LaGasse LL, Derauf C, Newman E, Shah R, Arria A, Huestis MA, Haning W, Strauss A, Della Grotta S, Dansereau LM, Neal C, Lester BM.",Depress Anxiety. 2012 Jun;29(6):515-22. doi: 10.1002/da.21956. Epub 2012 May 3.,Smith LM,Depress Anxiety,2012,2012-05-05,PMC3717341,10.1002/da.21956
506,19452518,Voluntary exercise induces anxiety-like behavior in adult C57BL/6J mice correlating with hippocampal neurogenesis,"Fuss J, Ben Abdallah NM, Vogt MA, Touma C, Pacifici PG, Palme R, Witzemann V, Hellweg R, Gass P.",Hippocampus. 2010 Mar;20(3):364-76. doi: 10.1002/hipo.20634.,Fuss J,Hippocampus,2010,2009-05-20,,10.1002/hipo.20634
507,17950541,Up-regulation of tryptophan hydroxylase-2 mRNA in the rat brain by chronic fluoxetine treatment correlates with its antidepressant effect,"Shishkina GT, Kalinina TS, Dygalo NN.",Neuroscience. 2007 Dec 5;150(2):404-12. doi: 10.1016/j.neuroscience.2007.09.017. Epub 2007 Sep 14.,Shishkina GT,Neuroscience,2007,2007-10-24,,10.1016/j.neuroscience.2007.09.017
508,31922486,Metabolic signature in nucleus accumbens for anti-depressant-like effects of acetyl-L-carnitine,"Cherix A, Larrieu T, Grosse J, Rodrigues J, McEwen B, Nasca C, Gruetter R, Sandi C.",Elife. 2020 Jan 10;9:e50631. doi: 10.7554/eLife.50631.,Cherix A,Elife,2020,2020-01-11,PMC6970538,10.7554/eLife.50631
509,16033244,[The influence of chronic neurotization on the monoaminergic systems of various brain structures in rats with various typological characteristics],"Chumakov VN, Livanova LM, Krylin VV, Dugin SF, Aĭrapetiants MG, Chazov EI.",Zh Vyssh Nerv Deiat Im I P Pavlova. 2005 May-Jun;55(3):410-7.,Chumakov VN,Zh Vyssh Nerv Deiat Im I P Pavlova,2005,2005-07-22,,
510,20109546,Brief review: glucocorticoid excretion in obesity,"Müssig K, Remer T, Maser-Gluth C.",J Steroid Biochem Mol Biol. 2010 Aug;121(3-5):589-93. doi: 10.1016/j.jsbmb.2010.01.008. Epub 2010 Jan 28.,Müssig K,J Steroid Biochem Mol Biol,2010,2010-01-30,,10.1016/j.jsbmb.2010.01.008
511,17319120,Fecal glucocorticoids and their metabolites as indicators of stress in various mammalian species: a literature review,"Keay JM, Singh J, Gaunt MC, Kaur T.",J Zoo Wildl Med. 2006 Sep;37(3):234-44. doi: 10.1638/05-050.1.,Keay JM,J Zoo Wildl Med,2006,2007-02-27,,10.1638/05-050.1
512,31047951,"Coping styles in European sea bass: The link between boldness, stress response and neurogenesis","Alfonso S, Sadoul B, Gesto M, Joassard L, Chatain B, Geffroy B, Bégout ML.",Physiol Behav. 2019 Aug 1;207:76-85. doi: 10.1016/j.physbeh.2019.04.020. Epub 2019 Apr 29.,Alfonso S,Physiol Behav,2019,2019-05-04,,10.1016/j.physbeh.2019.04.020
513,21682659,Glucocorticoid response to changes in enclosure size and human proximity in the Persian onager (Equus hemionus onager),"Vick MM, Wildt DE, Turner JB, Palme R, Wolfe BA, Pukazhenthi BS.",Stress. 2012 Jan;15(1):52-61. doi: 10.3109/10253890.2011.578267. Epub 2011 Jun 19.,Vick MM,Stress,2012,2011-06-21,,10.3109/10253890.2011.578267
514,4039384,Methionine-enkephalin inhibits stress-induced increases in noradrenaline turnover in brain regions of rats,"Tanaka M, Tsuda A, Ida Y, Ushijima I, Tsujimaru S, Nagasaki N.",Jpn J Pharmacol. 1985 Jan;37(1):117-9. doi: 10.1254/jjp.37.117.,Tanaka M,Jpn J Pharmacol,1985,1985-01-01,,10.1254/jjp.37.117
515,12650201,Effect of microgravity on plasma catecholamine responses to stressors during space flight,"Kvetnansky R, Macho L, Koska J, Pacak K, Hoff T, Ksinantova L, Noskov VB, Kobzev E, Grigoriev AI, Vigas M.",J Gravit Physiol. 2001 Jul;8(1):P129-30.,Kvetnansky R,J Gravit Physiol,2001,2003-03-26,,
516,26079804,Alterations in the Vaginal Microbiome by Maternal Stress Are Associated With Metabolic Reprogramming of the Offspring Gut and Brain,"Jašarević E, Howerton CL, Howard CD, Bale TL.",Endocrinology. 2015 Sep;156(9):3265-76. doi: 10.1210/en.2015-1177. Epub 2015 Jun 16.,Jašarević E,Endocrinology,2015,2015-06-17,PMC4541625,10.1210/en.2015-1177
517,32827659,Anti-depressant effect of Zhi-zi-chi decoction on CUMS mice and elucidation of its signaling pathway,"Chai C, Jin B, Yan Y, Yuan Q, Wen H, Tao W, Cui X, Shan C, Yu S.",J Ethnopharmacol. 2021 Feb 10;266:113283. doi: 10.1016/j.jep.2020.113283. Epub 2020 Aug 20.,Chai C,J Ethnopharmacol,2021,2020-08-23,,10.1016/j.jep.2020.113283
518,25098933,Effect of acute stresses on zebra fish (Danio rerio) metabolome measured by NMR-based metabolomics,"Mushtaq MY, Marçal RM, Champagne DL, van der Kooy F, Verpoorte R, Choi YH.",Planta Med. 2014 Sep;80(14):1227-33. doi: 10.1055/s-0034-1382878. Epub 2014 Aug 6.,Mushtaq MY,Planta Med,2014,2014-08-08,,10.1055/s-0034-1382878
519,22732505,Intracerebroventricular injection of kynurenic acid attenuates corticotrophin-releasing hormone-augmented stress responses in neonatal chicks,"Yoshida J, Tomonaga S, Ogino Y, Nagasawa M, Kurata K, Furuse M.",Neuroscience. 2012 Sep 18;220:142-8. doi: 10.1016/j.neuroscience.2012.06.041. Epub 2012 Jun 23.,Yoshida J,Neuroscience,2012,2012-06-27,,10.1016/j.neuroscience.2012.06.041
520,18067894,"An alternate pathway for androgen regulation of brain function: activation of estrogen receptor beta by the metabolite of dihydrotestosterone, 5alpha-androstane-3beta,17beta-diol","Handa RJ, Pak TR, Kudwa AE, Lund TD, Hinds L.",Horm Behav. 2008 May;53(5):741-52. doi: 10.1016/j.yhbeh.2007.09.012. Epub 2007 Dec 11.,Handa RJ,Horm Behav,2008,2007-12-11,PMC2430080,10.1016/j.yhbeh.2007.09.012
521,10535616,Psychobiological markers of stress in pregnancy: 6-sulfatoxymelatonin--a longitudinal study,"Katz VL, Warren M, Ekstrom RD, Mason G, Heine A, Golden R.",Am J Perinatol. 1999;16(5):233-8. doi: 10.1055/s-2007-993864.,Katz VL,Am J Perinatol,1999,1999-10-27,,10.1055/s-2007-993864
522,3214709,Expression of aggression attenuates stress-induced increases in rat brain noradrenaline turnover,"Tsuda A, Tanaka M, Ida Y, Shirao I, Gondoh Y, Oguchi M, Yoshida M.",Brain Res. 1988 Nov 22;474(1):174-80. doi: 10.1016/0006-8993(88)90680-4.,Tsuda A,Brain Res,1988,1988-11-22,,10.1016/0006-8993(88)90680-4
523,38945470,Study of the immune disorder and metabolic dysregulation underlying mental abnormalities caused by exposure to narrow confined spaces,"Zhang X, Qiao Y, Wang M, Liang X, Wei L, Zhang M, Bi H, Gao T.",Brain Res. 2024 Nov 1;1842:149101. doi: 10.1016/j.brainres.2024.149101. Epub 2024 Jun 28.,Zhang X,Brain Res,2024,2024-06-30,,10.1016/j.brainres.2024.149101
524,19324630,Stress and the costs of extra-territorial movement in a social carnivore,"Young AJ, Monfort SL.",Biol Lett. 2009 Aug 23;5(4):439-41. doi: 10.1098/rsbl.2009.0032. Epub 2009 Mar 4.,Young AJ,Biol Lett,2009,2009-03-28,PMC2781902,10.1098/rsbl.2009.0032
525,30472272,Neuro-metabolite profiles of rodent models of psychiatric dysfunctions characterised by MR spectroscopy,"Sekar S, Grandjean J, Garnell JF, Willems R, Duytschaever H, Seramani S, Su H, Ver Donck L, Bhakoo KK.",Neuropharmacology. 2019 Mar 1;146:109-116. doi: 10.1016/j.neuropharm.2018.11.021. Epub 2018 Nov 23.,Sekar S,Neuropharmacology,2019,2018-11-26,,10.1016/j.neuropharm.2018.11.021
526,8866949,The effects of two chronic intermittent stressors on brain monoamines,"Campmany L, Pol O, Armario A.",Pharmacol Biochem Behav. 1996 Mar;53(3):517-23. doi: 10.1016/0091-3057(95)02044-6.,Campmany L,Pharmacol Biochem Behav,1996,1996-03-01,,10.1016/0091-3057(95)02044-6
527,9817954,Psychoendocrine concomitants in patients following a new design of a geriatric day-care unit,Lökk J.,Psychother Psychosom. 1998;67(6):323-7. doi: 10.1159/000012298.,Lökk J,Psychother Psychosom,1998,1998-11-18,,10.1159/000012298
528,38704913,"Deciphering the therapeutic potential of SheXiangXinTongNing: Interplay between gut microbiota and brain metabolomics in a CUMS mice model, with a focus on tryptophan metabolism","Wang X, Zhou J, Jiang T, Xu J.",Phytomedicine. 2024 Jul;129:155584. doi: 10.1016/j.phymed.2024.155584. Epub 2024 Apr 20.,Wang X,Phytomedicine,2024,2024-05-05,,10.1016/j.phymed.2024.155584
529,36647544,Leonurine Regulates Hippocampal Nerve Regeneration in Rats with Chronic and Unpredictable Mild Stress by Activating SHH/GLI Signaling Pathway and Restoring Gut Microbiota and Microbial Metabolic Homeostasis,"Meng P, Zhang X, Li D, Yang H, Lin X, Zhao H, Li P, Wang Y, Wang X, Ge J.",Neural Plast. 2023 Jan 7;2023:1455634. doi: 10.1155/2023/1455634. eCollection 2023.,Meng P,Neural Plast,2023,2023-01-17,PMC9840550,10.1155/2023/1455634
530,3359228,Effects of immobilization stress on dopamine and its metabolites in different brain areas of the mouse: role of genotype and stress duration,"Cabib S, Kempf E, Schleef C, Oliverio A, Puglisi-Allegra S.",Brain Res. 1988 Feb 16;441(1-2):153-60. doi: 10.1016/0006-8993(88)91393-5.,Cabib S,Brain Res,1988,1988-02-16,,10.1016/0006-8993(88)91393-5
531,2410388,"Daytime noise stress and subsequent night sleep: interference with sleep patterns, endocrine and neurocrine functions","Fruhstorfer B, Fruhstorfer H, Grass P, Milerski HG, Sturm G, Wesemann W, Wiesel D.",Int J Neurosci. 1985 May;26(3-4):301-10. doi: 10.3109/00207458508985628.,Fruhstorfer B,Int J Neurosci,1985,1985-05-01,,10.3109/00207458508985628
532,32506680,Effects of a recurring late-night event on the behavior and welfare of a population of zoo-housed gorillas,"Bastian ML, Glendinning DR, Brown JL, Boisseau NP, Edwards KL.",Zoo Biol. 2020 Jul;39(4):217-229. doi: 10.1002/zoo.21553. Epub 2020 Jun 7.,Bastian ML,Zoo Biol,2020,2020-06-08,,10.1002/zoo.21553
533,18019011,Selank and its metabolites maintain homeostasis in the gastric mucosa,"Pavlov TS, Samonina GE, Bakaeva ZV, Zolotarev YA, Guseva AA.",Bull Exp Biol Med. 2007 Jan;143(1):51-3. doi: 10.1007/s10517-007-0014-1.,Pavlov TS,Bull Exp Biol Med,2007,2007-11-21,,10.1007/s10517-007-0014-1
534,4039215,Enhancement of some 5-HT-dependent behavioural responses following repeated immobilization in rats,"Kennett GA, Dickinson SL, Curzon G.",Brain Res. 1985 Mar 25;330(2):253-63. doi: 10.1016/0006-8993(85)90684-5.,Kennett GA,Brain Res,1985,1985-03-25,,10.1016/0006-8993(85)90684-5
535,20807535,"Selection for fast and slow exploration affects baseline and stress-induced corticosterone excretion in Great tit nestlings, Parus major","Stöwe M, Rosivall B, Drent PJ, Möstl E.",Horm Behav. 2010 Nov;58(5):864-71. doi: 10.1016/j.yhbeh.2010.08.011. Epub 2010 Aug 31.,Stöwe M,Horm Behav,2010,2010-09-03,,10.1016/j.yhbeh.2010.08.011
536,23416358,Analyses of fecal and hair glucocorticoids to evaluate short- and long-term stress and recovery of Asiatic black bears (Ursus thibetanus) removed from bile farms in China,"Malcolm KD, McShea WJ, Van Deelen TR, Bacon HJ, Liu F, Putman S, Zhu X, Brown JL.",Gen Comp Endocrinol. 2013 May 1;185:97-106. doi: 10.1016/j.ygcen.2013.01.014. Epub 2013 Feb 14.,Malcolm KD,Gen Comp Endocrinol,2013,2013-02-19,,10.1016/j.ygcen.2013.01.014
537,28739526,Chronic mild stress exacerbates severity of experimental autoimmune encephalomyelitis in association with altered non-coding RNA and metabolic biomarkers,"Gerrard B, Singh V, Babenko O, Gauthier I, Wee Yong V, Kovalchuk I, Luczak A, Metz GAS.",Neuroscience. 2017 Sep 17;359:299-307. doi: 10.1016/j.neuroscience.2017.07.033. Epub 2017 Jul 21.,Gerrard B,Neuroscience,2017,2017-07-26,,10.1016/j.neuroscience.2017.07.033
538,34626305,"Young Plasma Induces Antidepressant-Like Effects in Aged Rats Subjected to Chronic Mild Stress by Suppressing Indoleamine 2,3-Dioxygenase Enzyme and Kynurenine Pathway in the Prefrontal Cortex","Ghaffari-Nasab A, Badalzadeh R, Mohaddes G, Javani G, Ebrahimi-Kalan A, Alipour MR.",Neurochem Res. 2022 Feb;47(2):358-371. doi: 10.1007/s11064-021-03440-9. Epub 2021 Oct 9.,Ghaffari-Nasab A,Neurochem Res,2022,2021-10-09,,10.1007/s11064-021-03440-9
539,17719094,"Increased urinary excretion of biopyrrins, oxidative metabolites of bilirubin, in patients with schizophrenia","Yasukawa R, Miyaoka T, Yasuda H, Hayashida M, Inagaki T, Horiguch J.",Psychiatry Res. 2007 Oct 31;153(2):203-7. doi: 10.1016/j.psychres.2006.04.009. Epub 2007 Aug 24.,Yasukawa R,Psychiatry Res,2007,2007-08-28,,10.1016/j.psychres.2006.04.009
540,27167500,Influence of external factors on hair cortisol concentrations,"Salaberger T, Millard M, Makarem SE, Möstl E, Grünberger V, Krametter-Frötscher R, Wittek T, Palme R.",Gen Comp Endocrinol. 2016 Jul 1;233:73-78. doi: 10.1016/j.ygcen.2016.05.005. Epub 2016 May 7.,Salaberger T,Gen Comp Endocrinol,2016,2016-05-12,,10.1016/j.ygcen.2016.05.005
541,22873131,"Development of an osmotically-driven pellet coated with acrylic copolymers (Eudragit® RS 30 D) for the sustained release of oxymatrine, a freely water soluble drug used to treat stress ulcers (I): in vitro and in vivo evaluation in rabbits","Piao H, Liu S, Piao H, Li X, Cui F.",Drug Dev Ind Pharm. 2013 Aug;39(8):1230-7. doi: 10.3109/03639045.2012.707206. Epub 2012 Aug 9.,Piao H,Drug Dev Ind Pharm,2013,2012-08-10,,10.3109/03639045.2012.707206
542,21787775,Living in a dangerous world decreases maternal care: a study in serotonin transporter knockout mice,"Heiming RS, Bodden C, Jansen F, Lewejohann L, Kaiser S, Lesch KP, Palme R, Sachser N.",Horm Behav. 2011 Sep;60(4):397-407. doi: 10.1016/j.yhbeh.2011.07.006. Epub 2011 Jul 20.,Heiming RS,Horm Behav,2011,2011-07-27,,10.1016/j.yhbeh.2011.07.006
543,8430220,The effects of valproate in brain monoamines of juvenile rats after stress,"Mitsikostas D, Sfikakis A, Papadopoulou-Daifoti Z, Varonos D.",Prog Neuropsychopharmacol Biol Psychiatry. 1993 Mar;17(2):295-310. doi: 10.1016/0278-5846(93)90049-x.,Mitsikostas D,Prog Neuropsychopharmacol Biol Psychiatry,1993,1993-03-01,,10.1016/0278-5846(93)90049-x
544,39462137,Adaptations in hepatic glucose metabolism after chronic social defeat stress in mice,"Meijboom FS, Hasch A, Ruiz de Azua I, Cologna CT, Loopmans S, Lutz B, Müller MB, Ghesquière B, van der Kooij MA.",Sci Rep. 2024 Oct 26;14(1):25511. doi: 10.1038/s41598-024-76310-3.,Meijboom FS,Sci Rep,2024,2024-10-27,PMC11513145,10.1038/s41598-024-76310-3
545,18790573,Multifaceted strain-specific effects in a mouse model of depression and of antidepressant reversal,"Ibarguen-Vargas Y, Surget A, Touma C, Palme R, Belzung C.",Psychoneuroendocrinology. 2008 Nov;33(10):1357-68. doi: 10.1016/j.psyneuen.2008.07.010. Epub 2008 Sep 13.,Ibarguen-Vargas Y,Psychoneuroendocrinology,2008,2008-09-16,,10.1016/j.psyneuen.2008.07.010
546,24472498,"Inhibition of stress-induced hepatic tryptophan 2,3-dioxygenase exhibits antidepressant activity in an animal model of depressive behaviour","Gibney SM, Fagan EM, Waldron AM, O'Byrne J, Connor TJ, Harkin A.",Int J Neuropsychopharmacol. 2014 Jun;17(6):917-28. doi: 10.1017/S1461145713001673. Epub 2014 Jan 29.,Gibney SM,Int J Neuropsychopharmacol,2014,2014-01-30,,10.1017/S1461145713001673
547,15726334,"Examining SLV-323, a novel NK1 receptor antagonist, in a chronic psychosocial stress model for depression","Czéh B, Pudovkina O, van der Hart MG, Simon M, Heilbronner U, Michaelis T, Watanabe T, Frahm J, Fuchs E.",Psychopharmacology (Berl). 2005 Jul;180(3):548-57. doi: 10.1007/s00213-005-2184-8. Epub 2005 Feb 22.,Czéh B,Psychopharmacology (Berl),2005,2005-02-24,,10.1007/s00213-005-2184-8
548,1513927,Mechanisms of cocaine-induced sensitization,"Sorg BA, Steketee JD.",Prog Neuropsychopharmacol Biol Psychiatry. 1992;16(6):1003-12. doi: 10.1016/0278-5846(92)90117-w.,Sorg BA,Prog Neuropsychopharmacol Biol Psychiatry,1992,1992-01-01,,10.1016/0278-5846(92)90117-w
549,16214024,"Time-dependent behavioral, neurochemical, and immune consequences of repeated experiences of social defeat stress in male mice and the ameliorative effects of fluoxetine","Beitia G, Garmendia L, Azpiroz A, Vegas O, Brain PF, Arregi A.",Brain Behav Immun. 2005 Nov;19(6):530-9. doi: 10.1016/j.bbi.2004.11.002. Epub 2005 Jan 13.,Beitia G,Brain Behav Immun,2005,2005-10-11,,10.1016/j.bbi.2004.11.002
550,4063795,Reduced-5-hydroxytryptamine-dependent behavior in rats following chronic corticosterone treatment,"Dickinson SL, Kennett GA, Curzon G.",Brain Res. 1985 Oct 14;345(1):10-8. doi: 10.1016/0006-8993(85)90830-3.,Dickinson SL,Brain Res,1985,1985-10-14,,10.1016/0006-8993(85)90830-3
551,119635,Urinary cortisol and cortisol metabolites in women with idiopathic hirsutism,Pal SB.,Endokrinologie. 1979;74(2):158-62.,Pal SB,Endokrinologie,1979,1979-01-01,,
552,2446111,Neonatal administration of delta-9-tetrahydrocannabinol (THC) alters the neurochemical response to stress in the adult Fischer-344 rat,"Mokler DJ, Robinson SE, Johnson JH, Hong JS, Rosecrans JA.",Neurotoxicol Teratol. 1987 Jul-Aug;9(4):321-7. doi: 10.1016/0892-0362(87)90023-7.,Mokler DJ,Neurotoxicol Teratol,1987,1987-07-01,,10.1016/0892-0362(87)90023-7
553,20206628,Stress coping styles and singing behavior in the short-tailed singing mouse (Scotinomys teguina),"Crino OL, Larkin I, Phelps SM.",Horm Behav. 2010 Jul;58(2):334-40. doi: 10.1016/j.yhbeh.2010.02.011. Epub 2010 Mar 4.,Crino OL,Horm Behav,2010,2010-03-09,,10.1016/j.yhbeh.2010.02.011
554,34555412,Changes in maternal fecal corticosterone metabolites across lactation and in response to chronic stress,"Josefson CC, Skibiel AL.",Gen Comp Endocrinol. 2021 Dec 1;314:113916. doi: 10.1016/j.ygcen.2021.113916. Epub 2021 Sep 20.,Josefson CC,Gen Comp Endocrinol,2021,2021-09-23,,10.1016/j.ygcen.2021.113916
555,18655896,Keeping oxytocin neurons under control during stress in pregnancy,"Brunton PJ, Russell JA.",Prog Brain Res. 2008;170:365-77. doi: 10.1016/S0079-6123(08)00430-5.,Brunton PJ,Prog Brain Res,2008,2008-07-29,,10.1016/S0079-6123(08)00430-5
556,7667378,Effects of conditioned fear stress on 5-HT release in the rat prefrontal cortex,"Yoshioka M, Matsumoto M, Togashi H, Saito H.",Pharmacol Biochem Behav. 1995 Jun-Jul;51(2-3):515-9. doi: 10.1016/0091-3057(95)00045-x.,Yoshioka M,Pharmacol Biochem Behav,1995,1995-06-01,,10.1016/0091-3057(95)00045-x
557,28332841,Effects of Diet Quality and Psychosocial Stress on the Metabolic Profiles of Mice,"Goto T, Tomonaga S, Toyoda A.",J Proteome Res. 2017 May 5;16(5):1857-1867. doi: 10.1021/acs.jproteome.6b00859. Epub 2017 Apr 3.,Goto T,J Proteome Res,2017,2017-03-24,,10.1021/acs.jproteome.6b00859
558,28886478,Chaihu-Shu-Gan-San regulates phospholipids and bile acid metabolism against hepatic injury induced by chronic unpredictable stress in rat,"Jia HM, Yu M, Ma LY, Zhang HW, Zou ZM.",J Chromatogr B Analyt Technol Biomed Life Sci. 2017 Oct 1;1064:14-21. doi: 10.1016/j.jchromb.2017.08.003. Epub 2017 Aug 31.,Jia HM,J Chromatogr B Analyt Technol Biomed Life Sci,2017,2017-09-09,,10.1016/j.jchromb.2017.08.003
559,8029301,Blocking effects of ethanol on stress-induced activation of rat mesoprefrontal dopamine neurons,"Matsuguchi N, Ida Y, Shirao I, Tsujimaru S.",Pharmacol Biochem Behav. 1994 May;48(1):297-9. doi: 10.1016/0091-3057(94)90530-4.,Matsuguchi N,Pharmacol Biochem Behav,1994,1994-05-01,,10.1016/0091-3057(94)90530-4
560,33790369,Caffeine protects against stress-induced murine depression through activation of PPARγC1α-mediated restoration of the kynurenine pathway in the skeletal muscle,"Fang C, Hayashi S, Du X, Cai X, Deng B, Zheng H, Ishido S, Tsutsui H, Sheng J.",Sci Rep. 2021 Mar 31;11(1):7287. doi: 10.1038/s41598-021-86659-4.,Fang C,Sci Rep,2021,2021-04-01,PMC8012704,10.1038/s41598-021-86659-4
561,22728306,Do social statuses affect the startle reflex in male mice?,"Coudereau JP, Sreng L, Palme R, Touma C, Pratte M.",Behav Brain Res. 2012 Sep 1;234(1):117-20. doi: 10.1016/j.bbr.2012.06.009. Epub 2012 Jun 20.,Coudereau JP,Behav Brain Res,2012,2012-06-26,,10.1016/j.bbr.2012.06.009
562,14524009,[Prevention of altering effects of surgical stress in children with abdominal pathology],"Gvak GV, Eremenko VG.",Anesteziol Reanimatol. 2003 Jul-Aug;(4):11-3.,Gvak GV,Anesteziol Reanimatol,2003,2003-10-04,,
563,19617549,Glucocorticoid stress hormones and the effect of predation risk on elk reproduction,"Creel S, Winnie JA Jr, Christianson D.",Proc Natl Acad Sci U S A. 2009 Jul 28;106(30):12388-93. doi: 10.1073/pnas.0902235106. Epub 2009 Jul 14.,Creel S,Proc Natl Acad Sci U S A,2009,2009-07-21,PMC2718336,10.1073/pnas.0902235106
564,18674865,Chronic stress during paradoxical sleep deprivation increases paradoxical sleep rebound: association with prolactin plasma levels and brain serotonin content,"Machado RB, Tufik S, Suchecki D.",Psychoneuroendocrinology. 2008 Oct;33(9):1211-24. doi: 10.1016/j.psyneuen.2008.06.007.,Machado RB,Psychoneuroendocrinology,2008,2008-08-05,,10.1016/j.psyneuen.2008.06.007
565,32492693,Early life stress exposure associated with reduced polyunsaturated-containing lipids in low-income children,"LaBarre JL, Miller AL, Bauer KW, Burant CF, Lumeng JC.",Pediatr Res. 2021 Apr;89(5):1310-1315. doi: 10.1038/s41390-020-0989-0. Epub 2020 Jun 3.,LaBarre JL,Pediatr Res,2021,2020-06-04,PMC7710594,10.1038/s41390-020-0989-0
566,9882546,Fecal glucocorticoids document stress in female Barbary macaques (Macaca sylvanus),"Wallner B, Möstl E, Dittami J, Prossinger H.",Gen Comp Endocrinol. 1999 Jan;113(1):80-6. doi: 10.1006/gcen.1998.7183.,Wallner B,Gen Comp Endocrinol,1999,1999-01-12,,10.1006/gcen.1998.7183
567,1409819,Chronic stress induces strain-dependent sensitization to the behavioral effects of amphetamine in the mouse,"Badiani A, Cabib S, Puglisi-Allegra S.",Pharmacol Biochem Behav. 1992 Sep;43(1):53-60. doi: 10.1016/0091-3057(92)90638-v.,Badiani A,Pharmacol Biochem Behav,1992,1992-09-01,,10.1016/0091-3057(92)90638-v
568,11232420,[Effect of vaccination on fecal cortisol metabolites in cats and dogs],"Palme R, Schatz S, Möstl E.",Dtsch Tierarztl Wochenschr. 2001 Jan;108(1):23-5.,Palme R,Dtsch Tierarztl Wochenschr,2001,2001-03-10,,
569,21130784,Differential stress-induced alterations in tryptophan hydroxylase activity and serotonin turnover in two inbred mouse strains,"Browne CA, Clarke G, Dinan TG, Cryan JF.",Neuropharmacology. 2011 Mar;60(4):683-91. doi: 10.1016/j.neuropharm.2010.11.020. Epub 2010 Dec 3.,Browne CA,Neuropharmacology,2011,2010-12-07,,10.1016/j.neuropharm.2010.11.020
570,32569786,"Ketamine metabolite (2R,6R)-hydroxynorketamine reverses behavioral despair produced by adolescent trauma","Elmer GI, Tapocik JD, Mayo CL, Zanos P, Gould TD.",Pharmacol Biochem Behav. 2020 Sep;196:172973. doi: 10.1016/j.pbb.2020.172973. Epub 2020 Jun 20.,Elmer GI,Pharmacol Biochem Behav,2020,2020-06-23,PMC8386201,10.1016/j.pbb.2020.172973
571,22524234,Patterns of endogenous steroids in apathetic refugee children are compatible with long-term stress,"Söndergaard HP, Kushnir MM, Aronsson B, Sandstedt P, Bergquist J.",BMC Res Notes. 2012 Jun 19;5:186. doi: 10.1186/1756-0500-5-186.,Söndergaard HP,BMC Res Notes,2012,2012-04-25,PMC3392747,10.1186/1756-0500-5-186
572,1681555,Differences in the duration of sedative and anxiolytic effects of desmethyldiazepam in two outbred Wistar strains,"van der Laan JW, de Boer SF, van der Gugten J, de Groot G.",Pharmacol Biochem Behav. 1991 May;39(1):149-53. doi: 10.1016/0091-3057(91)90413-v.,van der Laan JW,Pharmacol Biochem Behav,1991,1991-05-01,,10.1016/0091-3057(91)90413-v
573,15142991,"Sexually dimorphic effects of prenatal stress on cognition, hormonal responses, and central neurotransmitters","Bowman RE, MacLusky NJ, Sarmiento Y, Frankfurt M, Gordon M, Luine VN.",Endocrinology. 2004 Aug;145(8):3778-87. doi: 10.1210/en.2003-1759. Epub 2004 May 13.,Bowman RE,Endocrinology,2004,2004-05-15,,10.1210/en.2003-1759
574,25747994,Anti-stress effects of 20(S)-protopanaxadiol and 20(S)-protopanaxatriol in immobilized mice,"Oh HA, Kim DE, Choi HJ, Kim NJ, Kim DH.",Biol Pharm Bull. 2015;38(2):331-5. doi: 10.1248/bpb.b14-00669.,Oh HA,Biol Pharm Bull,2015,2015-03-10,,10.1248/bpb.b14-00669
575,23104304,Evaluation of enalapril affecting the renin-angiotensin system in normal and stress-induced rats based on urinary metabolites of amines and cortisol,"Kumar KV, Satyanarayana S, Kumar KE.",J Renin Angiotensin Aldosterone Syst. 2013 Mar;14(1):34-40. doi: 10.1177/1470320312460069. Epub 2012 Oct 25.,Kumar KV,J Renin Angiotensin Aldosterone Syst,2013,2012-10-30,,10.1177/1470320312460069
576,2866883,Changes in blood metabolites following stress from capture and handling of the marine teleost Girella tricuspidata,"Ling N, Wells RM.",Comp Biochem Physiol A Comp Physiol. 1985;82(3):609-12. doi: 10.1016/0300-9629(85)90441-4.,Ling N,Comp Biochem Physiol A Comp Physiol,1985,1985-01-01,,10.1016/0300-9629(85)90441-4
577,27817108,Effects of Neonatal Methamphetamine and Stress on Brain Monoamines and Corticosterone in Preweanling Rats,"Jablonski SA, Graham DL, Vorhees CV, Williams MT.",Neurotox Res. 2017 Feb;31(2):269-282. doi: 10.1007/s12640-016-9680-y. Epub 2016 Nov 5.,Jablonski SA,Neurotox Res,2017,2016-11-07,PMC5551505,10.1007/s12640-016-9680-y
578,17014253,Early maternal rejection affects the development of monoaminergic systems and adult abusive parenting in rhesus macaques (Macaca mulatta),"Maestripieri D, Higley JD, Lindell SG, Newman TK, McCormack KM, Sanchez MM.",Behav Neurosci. 2006 Oct;120(5):1017-24. doi: 10.1037/0735-7044.120.5.1017.,Maestripieri D,Behav Neurosci,2006,2006-10-04,,10.1037/0735-7044.120.5.1017
579,9761216,Effect of prenatal stress on plasma corticosterone and catecholamines in response to footshock in rats,"Weinstock M, Poltyrev T, Schorer-Apelbaum D, Men D, McCarty R.",Physiol Behav. 1998 Jun 15;64(4):439-44. doi: 10.1016/s0031-9384(98)00056-0.,Weinstock M,Physiol Behav,1998,1998-10-07,,10.1016/s0031-9384(98)00056-0
580,32518327,Prophylactic effect of flavanol rich preparation metabolites in promoting resilience to a mouse model of social stress,"Wang J, Zhao D, Tiano S, Esteban-Fernández A, Yuan B, Smith C, Brathwaite J, Jlayer Z, Wu Q, Simon JE, Trageser KJ, Pasinetti GM.",Transl Psychiatry. 2020 Jun 9;10(1):183. doi: 10.1038/s41398-020-0859-x.,Wang J,Transl Psychiatry,2020,2020-06-11,PMC7283298,10.1038/s41398-020-0859-x
581,16426764,"Behavioral, central monoaminergic and hypothalamo-pituitary-adrenal axis correlates of fear-conditioned analgesia in rats","Finn DP, Jhaveri MD, Beckett SR, Madjd A, Kendall DA, Marsden CA, Chapman V.",Neuroscience. 2006;138(4):1309-17. doi: 10.1016/j.neuroscience.2005.11.063. Epub 2006 Jan 19.,Finn DP,Neuroscience,2006,2006-01-24,,10.1016/j.neuroscience.2005.11.063
582,32045413,"Short-term effects of GPS collars on the activity, behavior, and adrenal response of scimitar-horned oryx (Oryx dammah)","Stabach JA, Cunningham SA, Connette G, Mota JL, Reed D, Byron M, Songer M, Wacher T, Mertes K, Brown JL, Comizzoli P, Newby J, Monfort S, Leimgruber P.",PLoS One. 2020 Feb 11;15(2):e0221843. doi: 10.1371/journal.pone.0221843. eCollection 2020.,Stabach JA,PLoS One,2020,2020-02-12,PMC7012457,10.1371/journal.pone.0221843
583,32546197,"Ketamine and its metabolite, (2R,6R)-HNK, restore hippocampal LTP and long-term spatial memory in the Wistar-Kyoto rat model of depression","Aleksandrova LR, Wang YT, Phillips AG.",Mol Brain. 2020 Jun 16;13(1):92. doi: 10.1186/s13041-020-00627-z.,Aleksandrova LR,Mol Brain,2020,2020-06-18,PMC7296711,10.1186/s13041-020-00627-z
584,14625399,The neurological significance of abnormal natural killer cell activity in chronic toxigenic mold exposures,"Anyanwu E, Campbell AW, Jones J, Ehiri JE, Akpan AI.",ScientificWorldJournal. 2003 Nov 13;3:1128-37. doi: 10.1100/tsw.2003.98.,Anyanwu E,ScientificWorldJournal,2003,2003-11-20,PMC5974762,10.1100/tsw.2003.98
585,12736516,"Dynamic responses to acute heat stress between 34 degrees C and 38.5 degrees C, and characteristics of heat stress response in mice","Harikai N, Tomogane K, Miyamoto M, Shimada K, Onodera S, Tashiro S.",Biol Pharm Bull. 2003 May;26(5):701-8. doi: 10.1248/bpb.26.701.,Harikai N,Biol Pharm Bull,2003,2003-05-09,,10.1248/bpb.26.701
586,26398784,Environmental and Intrinsic Correlates of Stress in Free-Ranging Wolves,"Molnar B, Fattebert J, Palme R, Ciucci P, Betschart B, Smith DW, Diehl PA.",PLoS One. 2015 Sep 23;10(9):e0137378. doi: 10.1371/journal.pone.0137378. eCollection 2015.,Molnar B,PLoS One,2015,2015-09-24,PMC4580640,10.1371/journal.pone.0137378
587,34736493,Rifaximin-mediated gut microbiota regulation modulates the function of microglia and protects against CUMS-induced depression-like behaviors in adolescent rat,"Li H, Xiang Y, Zhu Z, Wang W, Jiang Z, Zhao M, Cheng S, Pan F, Liu D, Ho RCM, Ho CSH.",J Neuroinflammation. 2021 Nov 4;18(1):254. doi: 10.1186/s12974-021-02303-y.,Li H,J Neuroinflammation,2021,2021-11-05,PMC8567657,10.1186/s12974-021-02303-y
588,7886106,Differential changes in rat brain noradrenaline turnover produced by continuous and intermittent restraint stress,"Shimizu T, Tanaka M, Yokoo H, Gondoh Y, Mizoguchi K, Matsuguchi N, Tsuda A.",Pharmacol Biochem Behav. 1994 Dec;49(4):905-9. doi: 10.1016/0091-3057(94)90242-9.,Shimizu T,Pharmacol Biochem Behav,1994,1994-12-01,,10.1016/0091-3057(94)90242-9
589,19207807,"A role for the androgen metabolite, 5alpha-androstane-3beta,17beta-diol, in modulating oestrogen receptor beta-mediated regulation of hormonal stress reactivity","Handa RJ, Weiser MJ, Zuloaga DG.",J Neuroendocrinol. 2009 Mar;21(4):351-8. doi: 10.1111/j.1365-2826.2009.01840.x.,Handa RJ,J Neuroendocrinol,2009,2009-02-12,PMC2727750,10.1111/j.1365-2826.2009.01840.x
590,12020731,Sex differences in behavioral and neurochemical profiles after chronic stress: role of housing conditions,"Beck KD, Luine VN.",Physiol Behav. 2002 Apr 15;75(5):661-73. doi: 10.1016/s0031-9384(02)00670-4.,Beck KD,Physiol Behav,2002,2002-05-22,,10.1016/s0031-9384(02)00670-4
591,7193380,[Dynamics and physiological significance of GABA-system activation in brain and cardiac muscle during emotional-pain stress],"Meerson FZ, Lifshits RI, Pavlova VI.",Vopr Med Khim. 1981 Jan-Feb;27(1):35-9.,Meerson FZ,Vopr Med Khim,1981,1981-01-01,,
592,12652345,"Behavioral, neuroendocrine and neurochemical effects of the imidazoline I2 receptor selective ligand BU224 in naive rats and rats exposed to the stress of the forced swim test","Finn DP, Martí O, Harbuz MS, Vallès A, Belda X, Márquez C, Jessop DS, Lalies MD, Armario A, Nutt DJ, Hudson AL.",Psychopharmacology (Berl). 2003 May;167(2):195-202. doi: 10.1007/s00213-003-1392-3. Epub 2003 Mar 22.,Finn DP,Psychopharmacology (Berl),2003,2003-03-26,,10.1007/s00213-003-1392-3
593,34965441,Pigment epithelium-derived factor may induce antidepressant phenotypes in mice by the prefrontal cortex,"Bai M, Yu H, Chen C, Xu X, He Y, Wang Y, Tian Y, Wu Z, Lan T, Li Y, Chen X, Chen Z, Zhao L, Fang L, Yang D, Cheng K, Xie P.",Neurosci Lett. 2022 Feb 6;771:136423. doi: 10.1016/j.neulet.2021.136423. Epub 2021 Dec 26.,Bai M,Neurosci Lett,2022,2021-12-29,,10.1016/j.neulet.2021.136423
594,8783255,Different effects of repeated stressful experiences on mesocortical and mesolimbic dopamine metabolism,"Cabib S, Puglisi-Allegra S.",Neuroscience. 1996 Jul;73(2):375-80. doi: 10.1016/0306-4522(96)00750-6.,Cabib S,Neuroscience,1996,1996-07-01,,10.1016/0306-4522(96)00750-6
595,1933302,Acute stress induces time-dependent responses in dopamine mesolimbic system,"Puglisi-Allegra S, Imperato A, Angelucci L, Cabib S.",Brain Res. 1991 Jul 19;554(1-2):217-22. doi: 10.1016/0006-8993(91)90192-x.,Puglisi-Allegra S,Brain Res,1991,1991-07-19,,10.1016/0006-8993(91)90192-x
596,1884238,Side and region dependent changes in dopamine activation with various durations of restraint stress,"Carlson JN, Fitzgerald LW, Keller RW Jr, Glick SD.",Brain Res. 1991 Jun 7;550(2):313-8. doi: 10.1016/0006-8993(91)91333-v.,Carlson JN,Brain Res,1991,1991-06-17,,10.1016/0006-8993(91)91333-v
597,12211090,Influence of aging and social isolation on changes in brain monoamine turnover and biosynthesis of rats elicited by novelty stress,"Miura H, Qiao H, Ohta T.",Synapse. 2002 Nov;46(2):116-24. doi: 10.1002/syn.10133.,Miura H,Synapse,2002,2002-09-05,,10.1002/syn.10133
598,7194126,[Activation of GABA system metabolism in the cerebral hemispheres during exposure to different stress factors],"Meerson FZ, Pavlova VI, Iakushev VS, Sinitsyn SP.",Biull Eksp Biol Med. 1981;91(1):22-4.,Meerson FZ,Biull Eksp Biol Med,1981,1981-01-01,,
599,28704798,Experimental studies on possible regulatory role of nitric oxide on the differential effects of chronic predictable and unpredictable stress on adaptive immune responses,"Thakur T, Gulati K, Rai N, Ray A.",Int Immunopharmacol. 2017 Sep;50:236-242. doi: 10.1016/j.intimp.2017.07.002. Epub 2017 Jul 10.,Thakur T,Int Immunopharmacol,2017,2017-07-14,,10.1016/j.intimp.2017.07.002
600,2979245,The relationship between plasma cortisol and gastric mucosa prostaglandin levels in rats with stress ulcers,"Gitlin N, Ginn P, Kobayashi K, Arakawa T.",Aliment Pharmacol Ther. 1988 Jun;2(3):213-20. doi: 10.1111/j.1365-2036.1988.tb00690.x.,Gitlin N,Aliment Pharmacol Ther,1988,1988-06-01,,10.1111/j.1365-2036.1988.tb00690.x
601,563080,Fatty acid and tryptophan changes on disturbing groups of rats and caging them singly,"Knott PJ, Hutson PH, Curzon G.",Pharmacol Biochem Behav. 1977 Sep;7(3):245-52. doi: 10.1016/0091-3057(77)90141-1.,Knott PJ,Pharmacol Biochem Behav,1977,1977-09-01,,10.1016/0091-3057(77)90141-1
602,28260722,High-Resolution Magic-Angle Spinning-(1)H-NMR Spectroscopy-Based Metabolic Profiling of Hippocampal Tissue in Rats with Depression-Like Symptoms,"Akimoto H, Oshima S, Ohara K, Negishi A, Hiroyama H, Nemoto T, Kobayashi D.",Biol Pharm Bull. 2017 Jun 1;40(6):789-796. doi: 10.1248/bpb.b16-00783. Epub 2017 Mar 4.,Akimoto H,Biol Pharm Bull,2017,2017-03-07,,10.1248/bpb.b16-00783
603,29184161,Multiple-stressor effects in an apex predator: combined influence of pollutants and sea ice decline on lipid metabolism in polar bears,"Tartu S, Lille-Langøy R, Størseth TR, Bourgeon S, Brunsvik A, Aars J, Goksøyr A, Jenssen BM, Polder A, Thiemann GW, Torget V, Routti H.",Sci Rep. 2017 Nov 28;7(1):16487. doi: 10.1038/s41598-017-16820-5.,Tartu S,Sci Rep,2017,2017-11-30,PMC5705648,10.1038/s41598-017-16820-5
604,22202601,Effects of prenatal stress on hypothalamic-pituitary-adrenal (HPA) axis function over two generations of guinea pigs (Cavia aperea f. porcellus),"Schöpper H, Palme R, Ruf T, Huber S.",Gen Comp Endocrinol. 2012 Mar 1;176(1):18-27. doi: 10.1016/j.ygcen.2011.12.010. Epub 2011 Dec 19.,Schöpper H,Gen Comp Endocrinol,2012,2011-12-29,,10.1016/j.ygcen.2011.12.010
605,16049266,Interactions of chronic lead exposure and intermittent stress: consequences for brain catecholamine systems and associated behaviors and HPA axis function,"Virgolini MB, Chen K, Weston DD, Bauter MR, Cory-Slechta DA.",Toxicol Sci. 2005 Oct;87(2):469-82. doi: 10.1093/toxsci/kfi269. Epub 2005 Jul 27.,Virgolini MB,Toxicol Sci,2005,2005-07-29,,10.1093/toxsci/kfi269
606,22356252,An experimental study of behavioural coping strategies in free-ranging female Barbary macaques (Macaca sylvanus),"Gustison ML, MacLarnon A, Wiper S, Semple S.",Stress. 2012 Nov;15(6):608-17. doi: 10.3109/10253890.2012.668589. Epub 2012 Mar 27.,Gustison ML,Stress,2012,2012-02-24,,10.3109/10253890.2012.668589
607,25689973,Acute restraint stress induces endothelial dysfunction: role of vasoconstrictor prostanoids and oxidative stress,"Carda AP, Marchi KC, Rizzi E, Mecawi AS, Antunes-Rodrigues J, Padovan CM, Tirapelli CR.",Stress. 2015;18(2):233-43. doi: 10.3109/10253890.2015.1014790. Epub 2015 Feb 18.,Carda AP,Stress,2015,2015-02-19,,10.3109/10253890.2015.1014790
608,37987123,[Stress hyperglycemia and nutritional therapy],An Y.,Zhonghua Wei Zhong Bing Ji Jiu Yi Xue. 2023 Nov;35(11):1147-1149. doi: 10.3760/cma.j.cn121430-20230829-00709.,An Y,Zhonghua Wei Zhong Bing Ji Jiu Yi Xue,2023,2023-11-21,,10.3760/cma.j.cn121430-20230829-00709
609,25075957,Saponins: the phytochemical with an emerging potential for curing clinical depression,"Abbas G, Rauf K, Mahmood W.",Nat Prod Res. 2015;29(4):302-7. doi: 10.1080/14786419.2014.942661. Epub 2014 Jul 30.,Abbas G,Nat Prod Res,2015,2014-07-31,,10.1080/14786419.2014.942661
610,26232788,Low-Level Stress Induces Production of Neuroprotective Factors in Wild-Type but Not BDNF+/- Mice: Interleukin-10 and Kynurenic Acid,"Dugan AM, Parrott JM, Redus L, Hensler JG, O'Connor JC.",Int J Neuropsychopharmacol. 2015 Aug 1;19(3):pyv089. doi: 10.1093/ijnp/pyv089.,Dugan AM,Int J Neuropsychopharmacol,2015,2015-08-02,PMC4815464,10.1093/ijnp/pyv089
611,25716307,"Interaction of brain 5-HT synthesis deficiency, chronic stress and sex differentially impact emotional behavior in Tph2 knockout mice","Gutknecht L, Popp S, Waider J, Sommerlandt FM, Göppner C, Post A, Reif A, van den Hove D, Strekalova T, Schmitt A, Colaςo MB, Sommer C, Palme R, Lesch KP.",Psychopharmacology (Berl). 2015 Jul;232(14):2429-41. doi: 10.1007/s00213-015-3879-0. Epub 2015 Feb 27.,Gutknecht L,Psychopharmacology (Berl),2015,2015-02-27,PMC4480945,10.1007/s00213-015-3879-0
612,2861590,Stress and brain noradrenaline: a review,Glavin GB.,Neurosci Biobehav Rev. 1985 Summer;9(2):233-43. doi: 10.1016/0149-7634(85)90048-x.,Glavin GB,Neurosci Biobehav Rev,1985,1985-01-01,,10.1016/0149-7634(85)90048-x
613,31654986,Fecal microbiota and metabolites are distinct in a pilot study of pediatric Crohn's disease patients with higher levels of perceived stress,"Mackner LM, Hatzakis E, Allen JM, Davies RH, Kim SC, Maltz RM, Bailey MT.",Psychoneuroendocrinology. 2020 Jan;111:104469. doi: 10.1016/j.psyneuen.2019.104469. Epub 2019 Oct 3.,Mackner LM,Psychoneuroendocrinology,2020,2019-10-27,PMC6956257,10.1016/j.psyneuen.2019.104469
614,32170323,Prevention of Adrenal Crisis: Cortisol Responses to Major Stress Compared to Stress Dose Hydrocortisone Delivery,"Prete A, Taylor AE, Bancos I, Smith DJ, Foster MA, Kohler S, Fazal-Sanderson V, Komninos J, O'Neil DM, Vassiliadi DA, Mowatt CJ, Mihai R, Fallowfield JL, Annane D, Lord JM, Keevil BG, Wass JAH, Karavitaki N, Arlt W.",J Clin Endocrinol Metab. 2020 Jul 1;105(7):2262-74. doi: 10.1210/clinem/dgaa133.,Prete A,J Clin Endocrinol Metab,2020,2020-03-15,PMC7241266,10.1210/clinem/dgaa133
615,31369838,"Associations between socioeconomic status, psychosocial stress, and urinary levels of 8-iso-prostaglandin-F(2α) during pregnancy in Puerto Rico","Eick SM, Meeker JD, Brown P, Swartzendruber A, Rios-McConnell R, Shen Y, Milne GL, Vélez Vega C, Rosario Z, Alshawabkeh A, Cordero JF, Ferguson KK.",Free Radic Biol Med. 2019 Nov 1;143:95-100. doi: 10.1016/j.freeradbiomed.2019.07.032. Epub 2019 Jul 29.,Eick SM,Free Radic Biol Med,2019,2019-08-02,PMC6848779,10.1016/j.freeradbiomed.2019.07.032
616,38931307,Microbiome and Metabolite Analysis Insight into the Potential of Shrimp Head Hydrolysate to Alleviate Depression-like Behaviour in Growth-Period Mice Exposed to Chronic Stress,"Hu L, Ye W, Deng Q, Wang C, Luo J, Huang L, Fang Z, Sun L, Gooneratne R.",Nutrients. 2024 Jun 19;16(12):1953. doi: 10.3390/nu16121953.,Hu L,Nutrients,2024,2024-06-27,PMC11206410,10.3390/nu16121953
617,21636214,Stress-induced hyperalgesia is associated with a reduced and delayed GABA inhibitory control that enhances post-synaptic NMDA receptor activation in the spinal cord,"Quintero L, Cardenas R, Suarez-Roca H.",Pain. 2011 Aug;152(8):1909-1922. doi: 10.1016/j.pain.2011.04.017. Epub 2011 Jun 1.,Quintero L,Pain,2011,2011-06-04,,10.1016/j.pain.2011.04.017
618,36168765,Native species exhibit physiological habituation to invaders: a reason for hope,"Santicchia F, Wauters LA, Dantzer B, Palme R, Tranquillo C, Preatoni D, Martinoli A.",Proc Biol Sci. 2022 Sep 28;289(1983):20221022. doi: 10.1098/rspb.2022.1022. Epub 2022 Sep 28.,Santicchia F,Proc Biol Sci,2022,2022-09-28,PMC9515632,10.1098/rspb.2022.1022
619,22420663,Anti-depressant effects of Xiaoyaosan on rat model of chronic unpredictable mild stress: a plasma metabonomics study based on NMR spectroscopy,"Liu XJ, Zhou YZ, Li ZF, Cui J, Li ZY, Gao XX, Sun HF, Zhang LZ, Du GH, Qin XM.",J Pharm Pharmacol. 2012 Apr;64(4):578-88. doi: 10.1111/j.2042-7158.2011.01412.x. Epub 2011 Dec 29.,Liu XJ,J Pharm Pharmacol,2012,2012-03-17,,10.1111/j.2042-7158.2011.01412.x
620,34646421,Jie-Yu-He-Huan Capsule Ameliorates Anxiety-Like Behaviours in Rats Exposed to Chronic Restraint Stress via the cAMP/PKA/CREB/BDNF Signalling Pathway,"Geng X, Wu H, Li Z, Li C, Chen D, Zong J, Liu Z, Wei S, Peng W.",Oxid Med Cell Longev. 2021 Oct 4;2021:1703981. doi: 10.1155/2021/1703981. eCollection 2021.,Geng X,Oxid Med Cell Longev,2021,2021-10-14,PMC8505060,10.1155/2021/1703981
621,29953886,"(2R,6R)-hydroxynorketamine rescues chronic stress-induced depression-like behavior through its actions in the midbrain periaqueductal gray","Chou D, Peng HY, Lin TB, Lai CY, Hsieh MC, Wen YC, Lee AS, Wang HH, Yang PS, Chen GD, Ho YC.",Neuropharmacology. 2018 Sep 1;139:1-12. doi: 10.1016/j.neuropharm.2018.06.033. Epub 2018 Jun 25.,Chou D,Neuropharmacology,2018,2018-06-29,,10.1016/j.neuropharm.2018.06.033
622,7683777,Effects of cocaine and footshock stress on extracellular dopamine levels in the medial prefrontal cortex,"Sorg BA, Kalivas PW.",Neuroscience. 1993 Apr;53(3):695-703. doi: 10.1016/0306-4522(93)90617-o.,Sorg BA,Neuroscience,1993,1993-04-01,,10.1016/0306-4522(93)90617-o
623,33367360,Deoiled sunflower seeds ameliorate depression by promoting the production of monoamine neurotransmitters and inhibiting oxidative stress,"Lu X , Ce Q , Jin L , Zheng J , Sun M , Tang X , Li D , Sun J .",Food Funct. 2021 Jan 21;12(2):573-586. doi: 10.1039/d0fo01978j. Epub 2020 Dec 23.,Lu X,Food Funct,2021,2020-12-28,,10.1039/d0fo01978j
624,19795208,Delayed increase of brain noradrenaline after acute footshock stress in rats,"Shinba T, Ozawa N, Yoshii M, Yamamoto K.",Neurochem Res. 2010 Mar;35(3):412-7. doi: 10.1007/s11064-009-0070-1. Epub 2009 Oct 1.,Shinba T,Neurochem Res,2010,2009-10-02,,10.1007/s11064-009-0070-1
625,29282816,Methamphetamine binge administration dose-dependently enhanced negative affect and voluntary drug consumption in rats following prolonged withdrawal: role of hippocampal FADD,"García-Cabrerizo R, García-Fuster MJ.",Addict Biol. 2019 Mar;24(2):239-250. doi: 10.1111/adb.12593. Epub 2017 Dec 28.,García-Cabrerizo R,Addict Biol,2019,2017-12-29,,10.1111/adb.12593
626,20099004,The impact of taurine- and beta-alanine-supplemented diets on behavioral and neurochemical parameters in mice: antidepressant versus anxiolytic-like effects,"Murakami T, Furuse M.",Amino Acids. 2010 Jul;39(2):427-34. doi: 10.1007/s00726-009-0458-x. Epub 2010 Jan 23.,Murakami T,Amino Acids,2010,2010-01-26,,10.1007/s00726-009-0458-x
627,34051550,Parental cannabis and tobacco use during pregnancy and childhood hair cortisol concentrations,"Cajachagua-Torres KN, Jaddoe VWV, de Rijke YB, van den Akker ELT, Reiss IKM, van Rossum EFC, El Marroun H.",Drug Alcohol Depend. 2021 Aug 1;225:108751. doi: 10.1016/j.drugalcdep.2021.108751. Epub 2021 May 21.,Cajachagua-Torres KN,Drug Alcohol Depend,2021,2021-05-29,,10.1016/j.drugalcdep.2021.108751
628,2625975,[Effect of active metabolites of vitamin D 3 on the status of rat bone tissue in various experimental models of hypokinesia],"Belakovskiĭ MS, Khaĭdakov MS.",Kosm Biol Aviakosm Med. 1989 Nov-Dec;23(6):36-9.,Belakovskiĭ MS,Kosm Biol Aviakosm Med,1989,1989-11-01,,
629,29713785,Regulation of somatostatin receptor 2 in the context of antidepressant treatment response in chronic mild stress in rat,"Faron-Górecka A, Kuśmider M, Solich J, Kolasa M, Pabian P, Gruca P, Romańska I, Żurawek D, Szlachta M, Papp M, Antkiewicz-Michaluk L, Dziedzicka-Wasylewska M.",Psychopharmacology (Berl). 2018 Jul;235(7):2137-2149. doi: 10.1007/s00213-018-4912-x. Epub 2018 Apr 30.,Faron-Górecka A,Psychopharmacology (Berl),2018,2018-05-02,PMC6015609,10.1007/s00213-018-4912-x
630,28008793,Social isolation alters central nervous system monoamine content in prairie voles following acute restraint,"McNeal N, Anderson EM, Moenk D, Trahanas D, Matuszewich L, Grippo AJ.",Soc Neurosci. 2018 Apr;13(2):173-183. doi: 10.1080/17470919.2016.1276473. Epub 2017 Jan 9.,McNeal N,Soc Neurosci,2018,2016-12-24,PMC6092925,10.1080/17470919.2016.1276473
631,18160197,Stress at work alters serum brain-derived neurotrophic factor (BDNF) levels and plasma 3-methoxy-4-hydroxyphenylglycol (MHPG) levels in healthy volunteers: BDNF and MHPG as possible biological markers of mental stress?,"Mitoma M, Yoshimura R, Sugita A, Umene W, Hori H, Nakano H, Ueda N, Nakamura J.",Prog Neuropsychopharmacol Biol Psychiatry. 2008 Apr 1;32(3):679-85. doi: 10.1016/j.pnpbp.2007.11.011. Epub 2007 Nov 17.,Mitoma M,Prog Neuropsychopharmacol Biol Psychiatry,2008,2007-12-28,,10.1016/j.pnpbp.2007.11.011
632,35563564,Continuous Ingestion of Lacticaseibacillus rhamnosus JB-1 during Chronic Stress Ensures Neurometabolic and Behavioural Stability in Rats,"Chudzik A, Słowik T, Kochalska K, Pankowska A, Łazorczyk A, Andres-Mach M, Rola R, Stanisz GJ, Orzyłowska A.",Int J Mol Sci. 2022 May 5;23(9):5173. doi: 10.3390/ijms23095173.,Chudzik A,Int J Mol Sci,2022,2022-05-14,PMC9106030,10.3390/ijms23095173
633,8208798,Handling and/or saline injections alter basal and morphine-evoked changes in dopamine metabolites in the striatum and nucleus accumbens of rats,"Johnson DW, Glick SD.",Pharmacol Biochem Behav. 1994 Mar;47(3):765-8. doi: 10.1016/0091-3057(94)90188-0.,Johnson DW,Pharmacol Biochem Behav,1994,1994-03-01,,10.1016/0091-3057(94)90188-0
634,18718452,Maternal para-chlorophenylalanine exposure modifies central monoamines and behaviors in the adult offspring,"Vataeva LA, Kudrin VS, Vershinina EA, Mosin VM, Tiul'kova EI, Otellin VA.",Brain Res. 2008 Oct 9;1234:1-7. doi: 10.1016/j.brainres.2008.07.064. Epub 2008 Jul 28.,Vataeva LA,Brain Res,2008,2008-08-23,,10.1016/j.brainres.2008.07.064
635,36984893,Metabolic and Transcriptomic Signatures of the Acute Psychological Stress Response in the Mouse Brain,"Lee H, Park J, Kim S.",Metabolites. 2023 Mar 20;13(3):453. doi: 10.3390/metabo13030453.,Lee H,Metabolites,2023,2023-03-29,PMC10052811,10.3390/metabo13030453
636,15214501,Maternal separation in rats leads to anxiety-like behavior and a blunted ACTH response and altered neurotransmitter levels in response to a subsequent stressor,"Daniels WM, Pietersen CY, Carstens ME, Stein DJ.",Metab Brain Dis. 2004 Jun;19(1-2):3-14. doi: 10.1023/b:mebr.0000027412.19664.b3.,Daniels WM,Metab Brain Dis,2004,2004-06-25,,10.1023/b:mebr.0000027412.19664.b3
637,1668366,Stress selectively increases fos protein in dopamine neurons innervating the prefrontal cortex,"Deutch AY, Lee MC, Gillham MH, Cameron DA, Goldstein M, Iadarola MJ.",Cereb Cortex. 1991 Jul-Aug;1(4):273-92. doi: 10.1093/cercor/1.4.273.,Deutch AY,Cereb Cortex,1991,1991-07-01,,10.1093/cercor/1.4.273
638,35183563,Urine metabolomics reveals the effects of confined environment on mating choice in adult male giant pandas,"Zhang MY, Wang XY, Zhang XH, Hou R.",Physiol Behav. 2022 May 15;249:113744. doi: 10.1016/j.physbeh.2022.113744. Epub 2022 Feb 18.,Zhang MY,Physiol Behav,2022,2022-02-20,,10.1016/j.physbeh.2022.113744
639,20021365,Hormones in the mentally disturbed brain: steroids and peptides in the development and treatment of psychopathology,"Taylor GT, Maloney S, Dearborn J, Weiss J.",Cent Nerv Syst Agents Med Chem. 2009 Dec;9(4):331-60. doi: 10.2174/187152409789630398.,Taylor GT,Cent Nerv Syst Agents Med Chem,2009,2009-12-22,,10.2174/187152409789630398
640,25259918,Skeletal muscle PGC-1α1 modulates kynurenine metabolism and mediates resilience to stress-induced depression,"Agudelo LZ, Femenía T, Orhan F, Porsmyr-Palmertz M, Goiny M, Martinez-Redondo V, Correia JC, Izadi M, Bhat M, Schuppe-Koistinen I, Pettersson AT, Ferreira DMS, Krook A, Barres R, Zierath JR, Erhardt S, Lindskog M, Ruas JL.",Cell. 2014 Sep 25;159(1):33-45. doi: 10.1016/j.cell.2014.07.051.,Agudelo LZ,Cell,2014,2014-09-27,,10.1016/j.cell.2014.07.051
641,30153637,Abnormal metabolite concentrations and amygdala volume in patients with recent-onset posttraumatic stress disorder,"Su X, Xia C, Wang W, Sun H, Tan Q, Zhang S, Li L, Kemp GJ, Yue Q, Gong Q.",J Affect Disord. 2018 Dec 1;241:539-545. doi: 10.1016/j.jad.2018.08.018. Epub 2018 Aug 11.,Su X,J Affect Disord,2018,2018-08-29,,10.1016/j.jad.2018.08.018
642,21741625,Ethanol-induced effects on the dopamine and serotonin systems in adult Wistar rats are dependent on early-life experiences,"Oreland S, Raudkivi K, Oreland L, Harro J, Arborelius L, Nylander I.",Brain Res. 2011 Aug 8;1405:57-68. doi: 10.1016/j.brainres.2011.06.031. Epub 2011 Jul 8.,Oreland S,Brain Res,2011,2011-07-12,,10.1016/j.brainres.2011.06.031
643,7002149,Disturbances of metabolism and cardiac function under the action of emotional painful stress and their prophylaxis,Meerson FZ.,Basic Res Cardiol. 1980 Jul-Aug;75(4):479-500. doi: 10.1007/BF01907830.,Meerson FZ,Basic Res Cardiol,1980,1980-07-01,,10.1007/BF01907830
644,39510376,Adenosine regulates depressive behavior in mice with chronic social defeat stress through gut microbiota,"Huang Y, You Y, Wang W, Chen YH, Zhang H, Li QP, Liu L, Tong K, Sun N, Hao JR, Gao C.",Neuropharmacology. 2025 Jan 1;262:110209. doi: 10.1016/j.neuropharm.2024.110209. Epub 2024 Nov 6.,Huang Y,Neuropharmacology,2025,2024-11-07,,10.1016/j.neuropharm.2024.110209
645,23500822,Potential trends in Attention Deficit Hyperactivity Disorder (ADHD) drug use on a college campus: wastewater analysis of amphetamine and ritalinic acid,"Burgard DA, Fuller R, Becker B, Ferrell R, Dinglasan-Panlilio MJ.",Sci Total Environ. 2013 Apr 15;450-451:242-9. doi: 10.1016/j.scitotenv.2013.02.020.,Burgard DA,Sci Total Environ,2013,2013-03-19,,10.1016/j.scitotenv.2013.02.020
646,12421590,Effects of chronic variate stress on feeding behavior and on monoamine levels in different rat brain structures,"Gamaro GD, Manoli LP, Torres IL, Silveira R, Dalmaz C.",Neurochem Int. 2003 Jan;42(2):107-14. doi: 10.1016/s0197-0186(02)00080-3.,Gamaro GD,Neurochem Int,2003,2002-11-08,,10.1016/s0197-0186(02)00080-3
647,21995501,Environmental enrichment in male CD-1 mice promotes aggressive behaviors and elevated corticosterone and brain norepinephrine activity in response to a mild stressor,"McQuaid RJ, Audet MC, Anisman H.",Stress. 2012 May;15(3):354-60. doi: 10.3109/10253890.2011.623249. Epub 2011 Oct 13.,McQuaid RJ,Stress,2012,2011-10-15,,10.3109/10253890.2011.623249
648,34502505,Brain Metabolic Profile after Intranasal vs. Intraperitoneal Clomipramine Treatment in Rats with Ultrasound Model of Depression,"Abramova O, Zorkina Y, Syunyakov T, Zubkov E, Ushakova V, Silantyev A, Soloveva K, Gurina O, Majouga A, Morozova A, Chekhonin V.",Int J Mol Sci. 2021 Sep 4;22(17):9598. doi: 10.3390/ijms22179598.,Abramova O,Int J Mol Sci,2021,2021-09-10,PMC8431753,10.3390/ijms22179598
649,26576028,Prenatal Stress as a Modifier of Associations between Phthalate Exposure and Reproductive Development: results from a Multicentre Pregnancy Cohort Study,"Barrett ES, Parlett LE, Sathyanarayana S, Redmon JB, Nguyen RH, Swan SH.",Paediatr Perinat Epidemiol. 2016 Mar;30(2):105-14. doi: 10.1111/ppe.12264. Epub 2015 Nov 17.,Barrett ES,Paediatr Perinat Epidemiol,2016,2015-11-18,PMC4749428,10.1111/ppe.12264
650,26387448,Effects of acute handling stress on cerebral monoaminergic neurotransmitters in juvenile Senegalese sole Solea senegalensis,"Weber RA, Pérez Maceira JJ, Aldegunde MJ, Peleteiro JB, García Martín LO, Aldegunde M.",J Fish Biol. 2015 Nov;87(5):1165-75. doi: 10.1111/jfb.12774. Epub 2015 Sep 20.,Weber RA,J Fish Biol,2015,2015-09-22,,10.1111/jfb.12774
651,14666122,Physiological predictors of reproductive outcome and mother-infant behaviors in captive rhesus macaque females (Macaca mulatta),"Cleveland A, Westergaard GC, Trenkle MK, Higley JD.",Neuropsychopharmacology. 2004 May;29(5):901-10. doi: 10.1038/sj.npp.1300361.,Cleveland A,Neuropsychopharmacology,2004,2003-12-11,,10.1038/sj.npp.1300361
652,24612054,Stress abolishes the effect of previous chronic ethanol consumption on drug place preference and on the mesocorticolimbic brain pathway,"Moreira-Silva D, Morais-Silva G, Fernandes-Santos J, Planeta CS, Marin MT.",Alcohol Clin Exp Res. 2014 May;38(5):1227-36. doi: 10.1111/acer.12388. Epub 2014 Feb 25.,Moreira-Silva D,Alcohol Clin Exp Res,2014,2014-03-12,,10.1111/acer.12388
653,30597248,Heat-killed lactobacilli alter both microbiota composition and behaviour,"Warda AK, Rea K, Fitzgerald P, Hueston C, Gonzalez-Tortuero E, Dinan TG, Hill C.",Behav Brain Res. 2019 Apr 19;362:213-223. doi: 10.1016/j.bbr.2018.12.047. Epub 2018 Dec 28.,Warda AK,Behav Brain Res,2019,2019-01-01,,10.1016/j.bbr.2018.12.047
654,30194779,Sex-dependent changes in neuroactive steroid concentrations in the rat brain following acute swim stress,"Sze Y, Gill AC, Brunton PJ.",J Neuroendocrinol. 2018 Nov;30(11):e12644. doi: 10.1111/jne.12644. Epub 2018 Oct 7.,Sze Y,J Neuroendocrinol,2018,2018-09-09,PMC6221110,10.1111/jne.12644
655,38203209,Chronic Stress Blocks the Endometriosis Immune Response by Metabolic Reprogramming,"Lu C, Xu J, Li K, Wang J, Dai Y, Chen Y, Chai R, Xu C, Kang Y.",Int J Mol Sci. 2023 Dec 19;25(1):29. doi: 10.3390/ijms25010029.,Lu C,Int J Mol Sci,2023,2024-01-11,PMC10778859,10.3390/ijms25010029
656,3106018,Prolactin inhibition by p-tyramine in the male rat: site of action,"Becú-Villalobos D, Vacas MI, Libertun C.",Endocrinology. 1987 Jun;120(6):2297-301. doi: 10.1210/endo-120-6-2297.,Becú-Villalobos D,Endocrinology,1987,1987-06-01,,10.1210/endo-120-6-2297
657,22504323,Adrenal activity and anxiety-like behavior in fur-chewing chinchillas (Chinchilla lanigera),"Ponzio MF, Monfort SL, Busso JM, Carlini VP, Ruiz RD, Fiol de Cuneo M.",Horm Behav. 2012 May;61(5):758-62. doi: 10.1016/j.yhbeh.2012.03.017. Epub 2012 Apr 5.,Ponzio MF,Horm Behav,2012,2012-04-17,,10.1016/j.yhbeh.2012.03.017
658,7501651,Inhibition of catecholamine synthesis with alpha-methyl-p-tyrosine apparently increases brain serotoninergic activity in the rat: no influence of previous chronic immobilization stress,"Pol O, Campmany L, Armario A.",Pharmacol Biochem Behav. 1995 Sep;52(1):107-12. doi: 10.1016/0091-3057(95)00051-w.,Pol O,Pharmacol Biochem Behav,1995,1995-09-01,,10.1016/0091-3057(95)00051-w
659,2073594,Persistent elevations in dopamine and its metabolites in the nucleus accumbens after mild subchronic stress in rats with ibotenic acid lesions of the medial prefrontal cortex,"Jaskiw GE, Karoum FK, Weinberger DR.",Brain Res. 1990 Nov 26;534(1-2):321-3. doi: 10.1016/0006-8993(90)90149-6.,Jaskiw GE,Brain Res,1990,1990-11-26,,10.1016/0006-8993(90)90149-6
660,39298717,The impact of maternal vulnerability on stress biomarkers and first-trimester growth: the Rotterdam Periconceptional Cohort (Predict Study),"Van Zundert SKM, Van Rossem L, Mirzaian M, Willemsen SP, Voskamp LW, Bastiaansen WAP, Nikpayam D, Griffioen PH, Schilleman WF, Koning AHJ, Van Den Berg SAA, Rousian M, Van Schaik RHN, Steegers-Theunissen RPM.",Hum Reprod. 2024 Nov 1;39(11):2423-2433. doi: 10.1093/humrep/deae211.,Van Zundert SKM,Hum Reprod,2024,2024-09-19,PMC11532602,10.1093/humrep/deae211
661,38492791,Deciphering the antidepressant effects of Rosa damascena essential oil mediated through the serotonergic synapse signaling pathway,"Xia N, Wang J, Guo Q, Duan J, Wang X, Zhou P, Li J, Tang T, Li T, Li H, Wu Z, Yang M, Sun J, Guo D, Chang X, Zhang X.",J Ethnopharmacol. 2024 Jun 28;328:118007. doi: 10.1016/j.jep.2024.118007. Epub 2024 Mar 15.,Xia N,J Ethnopharmacol,2024,2024-03-16,,10.1016/j.jep.2024.118007
662,16677721,"Feeding, exploratory, anxiety- and depression-related behaviors are not altered in interleukin-6-deficient male mice","Swiergiel AH, Dunn AJ.",Behav Brain Res. 2006 Jul 15;171(1):94-108. doi: 10.1016/j.bbr.2006.03.024. Epub 2006 May 3.,Swiergiel AH,Behav Brain Res,2006,2006-05-09,PMC1975690,10.1016/j.bbr.2006.03.024
663,38026800,Assessing variation in faecal glucocorticoid concentrations in gray whales exposed to anthropogenic stressors,"Pirotta E, Fernandez Ajó A, Bierlich KC, Bird CN, Buck CL, Haver SM, Haxel JH, Hildebrand L, Hunt KE, Lemos LS, New L, Torres LG.",Conserv Physiol. 2023 Nov 11;11(1):coad082. doi: 10.1093/conphys/coad082. eCollection 2023.,Pirotta E,Conserv Physiol,2023,2023-11-29,PMC10660368,10.1093/conphys/coad082
664,22257065,Behavioral training and predisposed coping strategies interact to influence resilience in male Long-Evans rats: implications for depression,"Bardi M, Rhone AP, Franssen CL, Hampton JE, Shea EA, Hyer MM, Huber J, Lambert KG.",Stress. 2012 May;15(3):306-17. doi: 10.3109/10253890.2011.623739. Epub 2012 Jan 18.,Bardi M,Stress,2012,2012-01-20,,10.3109/10253890.2011.623739
665,33673157,Human Placenta Buffers the Fetus from Adverse Effects of Perceived Maternal Stress,"Vuppaladhadiam L, Lager J, Fiehn O, Weiss S, Chesney M, Hasdemir B, Bhargava A.",Cells. 2021 Feb 12;10(2):379. doi: 10.3390/cells10020379.,Vuppaladhadiam L,Cells,2021,2021-03-06,PMC7918582,10.3390/cells10020379
666,34375214,Evidence of the moderating role of hair cortisol and hair cortisone in the relationship between work stress and depression symptoms among Chinese fishermen,"Wu Y, Li S, Hu K, Yang J.",J Affect Disord. 2021 Nov 1;294:868-875. doi: 10.1016/j.jad.2021.06.023. Epub 2021 Jun 18.,Wu Y,J Affect Disord,2021,2021-08-10,,10.1016/j.jad.2021.06.023
667,15316792,Effort-reward imbalance and physical health among Japanese workers in a recently downsized corporation,"Irie M, Tsutsumi A, Shioji I, Kobayashi F.",Int Arch Occup Environ Health. 2004 Aug;77(6):409-17. doi: 10.1007/s00420-004-0533-2. Epub 2004 Aug 13.,Irie M,Int Arch Occup Environ Health,2004,2004-08-19,,10.1007/s00420-004-0533-2
668,25100022,Characterization of acute phase proteins and oxidative stress response to road transportation in the dog,"Fazio F, Casella S, Giannetto C, Giudice E, Piccione G.",Exp Anim. 2015;64(1):19-24. doi: 10.1538/expanim.14-0032. Epub 2014 Aug 5.,Fazio F,Exp Anim,2015,2014-08-08,PMC4329511,10.1538/expanim.14-0032
669,11331087,Allopregnanolone levels and reactivity to mental stress in premenstrual dysphoric disorder,"Girdler SS, Straneva PA, Light KC, Pedersen CA, Morrow AL.",Biol Psychiatry. 2001 May 1;49(9):788-97. doi: 10.1016/s0006-3223(00)01044-1.,Girdler SS,Biol Psychiatry,2001,2001-05-02,,10.1016/s0006-3223(00)01044-1
670,26812880,Model approach for stress induced steroidal hormone cascade changes in severe mental diseases,"Volko CD, Regidor PA, Rohr UD.",Horm Mol Biol Clin Investig. 2016 Mar;25(3):157-70. doi: 10.1515/hmbci-2015-0038.,Volko CD,Horm Mol Biol Clin Investig,2016,2016-01-27,,10.1515/hmbci-2015-0038
671,29218948,[Preliminary screening of biomarkers for curcumin's antidepressant effect based on metabonomics method],"Ma ZJ, Zhang W, Dong JM, Yu XH, Zhao XM, Pu SB.",Zhongguo Zhong Yao Za Zhi. 2017 Sep;42(18):3596-3601. doi: 10.19540/j.cnki.cjcmm.20170710.003.,Ma ZJ,Zhongguo Zhong Yao Za Zhi,2017,2017-12-09,,10.19540/j.cnki.cjcmm.20170710.003
672,1709566,Biochemical assessment of preoperative stress: a study with diazepam and measurement of monoamine metabolites and catecholamines in cerebrospinal fluid and plasma,"Kanto J, Scheinin M.",Br J Anaesth. 1991 May;66(5):587-90. doi: 10.1093/bja/66.5.587.,Kanto J,Br J Anaesth,1991,1991-05-01,,10.1093/bja/66.5.587
673,8457851,Effects of postnatal stress on dopamine mesolimbic system responses to aversive experiences in adult life,"Cabib S, Puglisi-Allegra S, D'Amato FR.",Brain Res. 1993 Feb 26;604(1-2):232-9. doi: 10.1016/0006-8993(93)90374-v.,Cabib S,Brain Res,1993,1993-02-26,,10.1016/0006-8993(93)90374-v
674,34081742,Effects of stress associated with academic examination on the kynurenine pathway profile in healthy students,"Myint K, Jacobs K, Myint AM, Lam SK, Henden L, Hoe SZ, Guillemin GJ.",PLoS One. 2021 Jun 3;16(6):e0252668. doi: 10.1371/journal.pone.0252668. eCollection 2021.,Myint K,PLoS One,2021,2021-06-03,PMC8174692,10.1371/journal.pone.0252668
675,9741675,Prenatal stress alters brain biogenic amine levels in primates,"Schneider ML, Clarke AS, Kraemer GW, Roughton EC, Lubach GR, Rimm-Kaufman S, Schmidt D, Ebert M.",Dev Psychopathol. 1998 Summer;10(3):427-40. doi: 10.1017/s0954579498001679.,Schneider ML,Dev Psychopathol,1998,1998-09-19,,10.1017/s0954579498001679
676,7892425,Hypothalamic GABAA receptor blockade modulates cerebral cortical systems sensitive to acute stressors,"Inglefield JR, Kellogg CK.",Psychopharmacology (Berl). 1994 Nov;116(3):339-45. doi: 10.1007/BF02245338.,Inglefield JR,Psychopharmacology (Berl),1994,1994-11-01,,10.1007/BF02245338
677,30540706,"Social Stress Affects Colonic Inflammation, the Gut Microbiome, and Short-chain Fatty Acid Levels and Receptors","Maltz RM, Keirsey J, Kim SC, Mackos AR, Gharaibeh RZ, Moore CC, Xu J, Somogyi A, Bailey MT.",J Pediatr Gastroenterol Nutr. 2019 Apr;68(4):533-540. doi: 10.1097/MPG.0000000000002226.,Maltz RM,J Pediatr Gastroenterol Nutr,2019,2018-12-13,PMC6428608,10.1097/MPG.0000000000002226
678,7805237,Effects of aging on the responsiveness of the human cardiac sympathetic nerves to stressors,"Esler MD, Thompson JM, Kaye DM, Turner AG, Jennings GL, Cox HS, Lambert GW, Seals DR.",Circulation. 1995 Jan 15;91(2):351-8. doi: 10.1161/01.cir.91.2.351.,Esler MD,Circulation,1995,1995-01-15,,10.1161/01.cir.91.2.351
679,1377587,In vivo measurement of hypothalamic serotonin release by intracerebral microdialysis: significant enhancement by immobilization stress in rats,"Shimizu N, Take S, Hori T, Oomura Y.",Brain Res Bull. 1992 May;28(5):727-34. doi: 10.1016/0361-9230(92)90252-s.,Shimizu N,Brain Res Bull,1992,1992-05-01,,10.1016/0361-9230(92)90252-s
680,39519577,"No Effects of Omega-3 Supplementation on Kynurenine Pathway, Inflammation, Depressive Symptoms, and Stress Response in Males: A Placebo-Controlled Trial","Bidzan-Wiącek M, Tomczyk M, Błażek M, Mika A, Antosiewicz J.",Nutrients. 2024 Oct 31;16(21):3744. doi: 10.3390/nu16213744.,Bidzan-Wiącek M,Nutrients,2024,2024-11-09,PMC11548146,10.3390/nu16213744
681,33350985,Decreased serotonin content and release in the ventral hippocampus of prenatally stressed male rats in response to forced swim test,"Jiménez Vásquez FJ, Méndez Guerrero D, Rubio Osornio M, Rubio Osornio MDC, Orozco Suárez S, Retana-Márquez S.",Acta Neurobiol Exp (Wars). 2020;80(4):331-343.,Jiménez Vásquez FJ,Acta Neurobiol Exp (Wars),2020,2020-12-22,,
682,22272920,A marketed fermented dairy product containing Bifidobacterium lactis CNCM I-2494 suppresses gut hypersensitivity and colonic barrier disruption induced by acute stress in rats,"Agostini S, Goubern M, Tondereau V, Salvador-Cartier C, Bezirard V, Lévèque M, Keränen H, Theodorou V, Bourdu-Naturel S, Goupil-Feuillerat N, Legrain-Raspaud S, Eutamene H.",Neurogastroenterol Motil. 2012 Apr;24(4):376-e172. doi: 10.1111/j.1365-2982.2011.01865.x. Epub 2012 Jan 25.,Agostini S,Neurogastroenterol Motil,2012,2012-01-26,,10.1111/j.1365-2982.2011.01865.x
683,25065719,Causes of epidermal filaggrin reduction and their role in the pathogenesis of atopic dermatitis,"Thyssen JP, Kezic S.",J Allergy Clin Immunol. 2014 Oct;134(4):792-9. doi: 10.1016/j.jaci.2014.06.014. Epub 2014 Jul 25.,Thyssen JP,J Allergy Clin Immunol,2014,2014-07-29,,10.1016/j.jaci.2014.06.014
684,24009756,Sight of a predator induces a corticosterone stress response and generates fear in an amphibian,"Narayan EJ, Cockrem JF, Hero JM.",PLoS One. 2013 Aug 29;8(8):e73564. doi: 10.1371/journal.pone.0073564. eCollection 2013.,Narayan EJ,PLoS One,2013,2013-09-07,PMC3757005,10.1371/journal.pone.0073564
685,30362038,Developing metabolomics-based bioassessment: crayfish metabolome sensitivity to food and dissolved oxygen stress,"Izral NM, Brua RB, Culp JM, Yates AG.",Environ Sci Pollut Res Int. 2018 Dec;25(36):36184-36193. doi: 10.1007/s11356-018-3518-5. Epub 2018 Oct 25.,Izral NM,Environ Sci Pollut Res Int,2018,2018-10-27,,10.1007/s11356-018-3518-5
686,36099982,A unique insight for Xiaoyao San exerts antidepressant effects by modulating hippocampal glucose catabolism using stable isotope-resolved metabolomics,"Wu WZ, Ling-Hu T, Zhao YH, Zhao WD, Ji C, Tian JS, Ren Y, Qin XM.",J Ethnopharmacol. 2023 Jan 10;300:115702. doi: 10.1016/j.jep.2022.115702. Epub 2022 Sep 12.,Wu WZ,J Ethnopharmacol,2023,2022-09-13,,10.1016/j.jep.2022.115702
687,38897363,Stress response to social isolation followed by exposure to a novel object in aged ewes born to undernourished mothers,"Corrales-Hlinka F, Pérez-Clariget R, Ungerfeld R, Freitas-de-Melo A.",Behav Processes. 2024 Aug;220:105069. doi: 10.1016/j.beproc.2024.105069. Epub 2024 Jun 17.,Corrales-Hlinka F,Behav Processes,2024,2024-06-19,,10.1016/j.beproc.2024.105069
688,15342269,A distinct neurochemical profile in WKY rats at baseline and in response to acute stress: implications for animal models of anxiety and depression,"De La Garza R 2nd, Mahoney JJ 3rd.",Brain Res. 2004 Sep 24;1021(2):209-18. doi: 10.1016/j.brainres.2004.06.052.,De La Garza R 2nd,Brain Res,2004,2004-09-03,,10.1016/j.brainres.2004.06.052
689,396071,"The effect of mental stress on catecholamines, their metabolites and plasma renin activity in patients with essential hypertension and in healthy subjects","Januszewicz W, Sznajderman M, Wocial B, Feltynowski T, Klonowicz T.",Clin Sci (Lond). 1979 Dec;57 Suppl 5:229s-231s. doi: 10.1042/cs057229s.,Januszewicz W,Clin Sci (Lond),1979,1979-12-01,,10.1042/cs057229s
690,31177559,UPLC-QTOF/MS-based metabolomics reveals the mechanism of chronic unpredictable mild stress-induced hypertension in rats,"Wu Q, Xia DM, Lan F, Wang YK, Tan X, Sun JC, Wang WZ, Wang R, Peng XD, Liu M.",Biomed Chromatogr. 2019 Oct;33(10):e4619. doi: 10.1002/bmc.4619. Epub 2019 Jul 30.,Wu Q,Biomed Chromatogr,2019,2019-06-10,,10.1002/bmc.4619
691,2464947,Peripheral and central consequences of immobilization stress in genetically obese Zucker rats,"Chaouloff F, Laude D, Merino D, Serrurier B, Elghozi JL.",Am J Physiol. 1989 Feb;256(2 Pt 2):R435-42. doi: 10.1152/ajpregu.1989.256.2.R435.,Chaouloff F,Am J Physiol,1989,1989-02-01,,10.1152/ajpregu.1989.256.2.R435
692,31896054,Fructo-oligosaccharides from Morinda officinalis remodeled gut microbiota and alleviated depression features in a stress rat model,"Chi L, Khan I, Lin Z, Zhang J, Lee MYS, Leong W, Hsiao WLW, Zheng Y.",Phytomedicine. 2020 Feb;67:153157. doi: 10.1016/j.phymed.2019.153157. Epub 2019 Dec 23.,Chi L,Phytomedicine,2020,2020-01-03,,10.1016/j.phymed.2019.153157
693,10369157,Spontaneous recurrence of methampetamine psychosis: increased sensitivity to stress associated with noradrenergic hyperactivity and dopaminergic change,"Yui K, Ishiguro T, Goto K, Ikemoto S, Kamata Y.",Eur Arch Psychiatry Clin Neurosci. 1999;249(2):103-11. doi: 10.1007/s004060050073.,Yui K,Eur Arch Psychiatry Clin Neurosci,1999,1999-06-16,,10.1007/s004060050073
694,21857076,Thymoquinone produced antianxiety-like effects in mice through modulation of GABA and NO levels,"Gilhotra N, Dhingra D.",Pharmacol Rep. 2011;63(3):660-9. doi: 10.1016/s1734-1140(11)70577-1.,Gilhotra N,Pharmacol Rep,2011,2011-08-23,,10.1016/s1734-1140(11)70577-1
695,25603304,Stress assessment in small ruminants kept on city farms in southern Germany,"Schilling AK, Reese S, Palme R, Erhard M, Wöhr AC.",J Appl Anim Welf Sci. 2015;18(2):119-32. doi: 10.1080/10888705.2014.1000457. Epub 2015 Jan 20.,Schilling AK,J Appl Anim Welf Sci,2015,2015-01-21,,10.1080/10888705.2014.1000457
696,29352386,Glucose homeostasis in major depression and schizophrenia: a comparison among drug-naïve first-episode patients,"Steiner J, Fernandes BS, Guest PC, Dobrowolny H, Meyer-Lotz G, Westphal S, Borucki K, Schiltz K, Sarnyai Z, Bernstein HG.",Eur Arch Psychiatry Clin Neurosci. 2019 Jun;269(4):373-377. doi: 10.1007/s00406-018-0865-7. Epub 2018 Jan 19.,Steiner J,Eur Arch Psychiatry Clin Neurosci,2019,2018-01-21,,10.1007/s00406-018-0865-7
697,29137071,A comparative study of biological and metabolic biomarkers between healthy individuals and patients with acne vulgaris: A cross-sectional study protocol,"Kim K, Ha I, Kim E, Kim K.",Medicine (Baltimore). 2017 Nov;96(45):e8554. doi: 10.1097/MD.0000000000008554.,Kim K,Medicine (Baltimore),2017,2017-11-16,PMC5690764,10.1097/MD.0000000000008554
698,25445220,Prenatal zinc reduces stress response in adult rat offspring exposed to lipopolysaccharide during gestation,"Galvão MC, Chaves-Kirsten GP, Queiroz-Hazarbassanov N, Carvalho VM, Bernardi MM, Kirsten TB.",Life Sci. 2015 Jan 1;120:54-60. doi: 10.1016/j.lfs.2014.10.019. Epub 2014 Nov 5.,Galvão MC,Life Sci,2015,2014-12-03,,10.1016/j.lfs.2014.10.019
699,18378013,Acute restriction impairs memory in the elevated T-maze (ETM) and modifies serotonergic activity in the dorsolateral striatum,"Cruz-Morales SE, García-Saldívar NL, González-López MR, Castillo-Roberto G, Monroy J, Domínguez R.",Behav Brain Res. 2008 Dec 16;195(1):187-91. doi: 10.1016/j.bbr.2008.02.022. Epub 2008 Feb 20.,Cruz-Morales SE,Behav Brain Res,2008,2008-04-02,,10.1016/j.bbr.2008.02.022
700,18415894,Effect of constant light on prolactin and corticosterone rhythms evaluated using a noninvasive urine sampling protocol in the rat,"Claustrat B, Valatx JL, Harthé C, Brun J.",Horm Metab Res. 2008 Jun;40(6):398-403. doi: 10.1055/s-2008-1065330. Epub 2008 Apr 14.,Claustrat B,Horm Metab Res,2008,2008-04-17,,10.1055/s-2008-1065330
701,35489661,Platycladus orientalis seed extract as a potential triple reuptake MAO inhibitor rescue depression phenotype through restoring monoamine neurotransmitters,"Yan L, Wang J, He X, Jin Y, Chen P, Bai Y, Li P, Su W.",J Ethnopharmacol. 2022 Sep 15;295:115302. doi: 10.1016/j.jep.2022.115302. Epub 2022 Apr 28.,Yan L,J Ethnopharmacol,2022,2022-04-30,,10.1016/j.jep.2022.115302
702,20132650,"Central L-ornithine, but not polyamines, induces a hypnotic effect in neonatal chicks under acute stress","Kurauchi I, Shigemi K, Kabuki Y, Hamasu K, Yamane H, Aoki M, Kawada Y, Morishita K, Denbow DM, Furuse M.",Nutr Neurosci. 2010 Feb;13(1):17-20. doi: 10.1179/147683010X12611460763481.,Kurauchi I,Nutr Neurosci,2010,2010-02-06,,10.1179/147683010X12611460763481
703,19782704,Modulation of behavioural profile and stress response by 5-HTT genotype and social experience in adulthood,"Jansen F, Heiming RS, Lewejohann L, Touma C, Palme R, Schmitt A, Lesch KP, Sachser N.",Behav Brain Res. 2010 Feb 11;207(1):21-9. doi: 10.1016/j.bbr.2009.09.033. Epub 2009 Sep 25.,Jansen F,Behav Brain Res,2010,2009-09-29,,10.1016/j.bbr.2009.09.033
704,33636477,Total glycosides from stems of Cistanche tubulosa alleviate depression-like behaviors: bidirectional interaction of the phytochemicals and gut microbiota,"Fan L, Peng Y, Wang J, Ma P, Zhao L, Li X.",Phytomedicine. 2021 Mar;83:153471. doi: 10.1016/j.phymed.2021.153471. Epub 2021 Jan 22.,Fan L,Phytomedicine,2021,2021-02-26,,10.1016/j.phymed.2021.153471
705,9491251,The effect of microgravity on testicular androgen secretion,"Strollo F, Riondino G, Harris B, Strollo G, Casarosa E, Mangrossa N, Ferretti C, Luisi M.",Aviat Space Environ Med. 1998 Feb;69(2):133-6.,Strollo F,Aviat Space Environ Med,1998,1998-03-10,,
706,11300710,Rapid changes in monoamine levels following administration of corticotropin-releasing factor or corticosterone are localized in the dorsomedial hypothalamus,"Lowry CA, Burke KA, Renner KJ, Moore FL, Orchinik M.",Horm Behav. 2001 May;39(3):195-205. doi: 10.1006/hbeh.2001.1646.,Lowry CA,Horm Behav,2001,2001-04-13,,10.1006/hbeh.2001.1646
707,32361171,High and low anxiety phenotypes in a rat model of complex post-traumatic stress disorder are associated with different alterations in regional brain monoamine neurotransmission,"Tseilikman V, Komelkova M, Lapshin M, Alliluev A, Tseilikman O, Karpenko M, Pestereva N, Manukhina E, Downey HF, Kondashevskaya M, Sarapultsev A, Dremencov E.",Psychoneuroendocrinology. 2020 Jul;117:104691. doi: 10.1016/j.psyneuen.2020.104691. Epub 2020 Apr 23.,Tseilikman V,Psychoneuroendocrinology,2020,2020-05-04,,10.1016/j.psyneuen.2020.104691
708,1511287,"Regulation of the prefrontal cortical dopamine system by the neuroactive steroid 3a,21-dihydroxy-5a-pregnane-20-one","Grobin AC, Roth RH, Deutch AY.",Brain Res. 1992 Apr 24;578(1-2):351-6. doi: 10.1016/0006-8993(92)90270-j.,Grobin AC,Brain Res,1992,1992-04-24,,10.1016/0006-8993(92)90270-j
709,23977039,Neurobehavioral toxicity of a repeated exposure (14 days) to the airborne polycyclic aromatic hydrocarbon fluorene in adult Wistar male rats,"Peiffer J, Cosnier F, Grova N, Nunge H, Salquèbre G, Decret MJ, Cossec B, Rychen G, Appenzeller BM, Schroeder H.",PLoS One. 2013 Aug 20;8(8):e71413. doi: 10.1371/journal.pone.0071413. eCollection 2013.,Peiffer J,PLoS One,2013,2013-08-27,PMC3748071,10.1371/journal.pone.0071413
710,36842645,Rifaximin ameliorates depression-like behaviour in chronic unpredictable mild stress rats by regulating intestinal microbiota and hippocampal tryptophan metabolism,"Cheng S, Zhu Z, Li H, Wang W, Jiang Z, Pan F, Liu D, Ho RCM, Ho CSH.",J Affect Disord. 2023 May 15;329:30-41. doi: 10.1016/j.jad.2023.02.086. Epub 2023 Feb 24.,Cheng S,J Affect Disord,2023,2023-02-26,,10.1016/j.jad.2023.02.086
711,35419979,Human adaptative behavior to Antarctic conditions: A review of physiological aspects,"Spinelli E, Werner Junior J.",WIREs Mech Dis. 2022 Sep;14(5):e1556. doi: 10.1002/wsbm.1556. Epub 2022 Apr 13.,Spinelli E,WIREs Mech Dis,2022,2022-04-14,,10.1002/wsbm.1556
712,11785923,Reversal of stress-induced memory changes by moclobemide: the role of neurotransmitters,"Nowakowska E, Chodera A, Kus K, Nowak P, Szkilnik R.",Pol J Pharmacol. 2001 May-Jun;53(3):227-33.,Nowakowska E,Pol J Pharmacol,2001,2002-01-12,,
713,1448465,Ethanol and delta-sleep-inducing peptide: effects on brain monoamines,"Yukhananov RY, Tennilä TM, Miroshnicenko TI, Kudrin VS, Ushakov AN, Melnik EI, Michaleva II, Rayevsky KS, Airaksinen MM, Maisky AI.",Pharmacol Biochem Behav. 1992 Nov;43(3):683-7. doi: 10.1016/0091-3057(92)90396-w.,Yukhananov RY,Pharmacol Biochem Behav,1992,1992-11-01,,10.1016/0091-3057(92)90396-w
714,1350665,Pharmacological characterization of dopamine systems in the nucleus accumbens core and shell,"Deutch AY, Cameron DS.",Neuroscience. 1992;46(1):49-56. doi: 10.1016/0306-4522(92)90007-o.,Deutch AY,Neuroscience,1992,1992-01-01,,10.1016/0306-4522(92)90007-o
715,38832915,Evaluation of harmful drinking among professional drivers by direct ethanol biomarkers and its relation with psychological distress,"do Carmo Artmann A, Tegner M, de Souza Guterres F, Frank Bastiani M, Linden R, Venzon Antunes M.",Traffic Inj Prev. 2024;25(6):774-780. doi: 10.1080/15389588.2024.2349282. Epub 2024 Jun 4.,do Carmo Artmann A,Traffic Inj Prev,2024,2024-06-04,,10.1080/15389588.2024.2349282
716,38428310,Gynura procumbens and selected metabolites: Amelioration of depressive-like behaviors in mice and risperidone-induced hyperprolactinemia in rats,"Zhai SY, Gu HW, Wang C, Li YS, Tang HB.",Biomed Pharmacother. 2024 Apr;173:116361. doi: 10.1016/j.biopha.2024.116361. Epub 2024 Feb 29.,Zhai SY,Biomed Pharmacother,2024,2024-03-01,,10.1016/j.biopha.2024.116361
717,27602226,Validating faecal glucocorticoid metabolite analysis in the Virunga mountain gorilla using a natural biological stressor,"Eckardt W, Stoinski TS, Rosenbaum S, Umuhoza MR, Santymire R.",Conserv Physiol. 2016 Aug 30;4(1):cow029. doi: 10.1093/conphys/cow029. eCollection 2016.,Eckardt W,Conserv Physiol,2016,2016-09-08,PMC5006093,10.1093/conphys/cow029
718,30468832,Anxiolytic effects of γ-oryzanol in chronically- stressed mice are related to monoamine levels in the brain,"Akter S, Sasaki H, Uddin KR, Ikeda Y, Miyakawa H, Shibata S.",Life Sci. 2019 Jan 1;216:119-128. doi: 10.1016/j.lfs.2018.11.042. Epub 2018 Nov 20.,Akter S,Life Sci,2019,2018-11-24,,10.1016/j.lfs.2018.11.042
719,20878749,Contrasting fecal corticosterone metabolite levels in captive and free-living colonial tuco-tucos (Ctenomys sociabilis),"Woodruff JA, Lacey EA, Bentley G.",J Exp Zool A Ecol Genet Physiol. 2010 Oct 1;313(8):498-507. doi: 10.1002/jez.621.,Woodruff JA,J Exp Zool A Ecol Genet Physiol,2010,2010-09-30,,10.1002/jez.621
720,2541803,Similar effects of daily cocaine and stress on mesocorticolimbic dopamine neurotransmission in the rat,"Kalivas PW, Duffy P.",Biol Psychiatry. 1989 Apr 1;25(7):913-28. doi: 10.1016/0006-3223(89)90271-0.,Kalivas PW,Biol Psychiatry,1989,1989-04-01,,10.1016/0006-3223(89)90271-0
721,19484708,"Validation of a radioimmunoassay for measuring fecal cortisol metabolites in the hystricomorph rodent, Octodon degus","Soto-Gamboa M, Gonzalez S, Hayes LD, Ebensperger LA.",J Exp Zool A Ecol Genet Physiol. 2009 Aug 1;311(7):496-503. doi: 10.1002/jez.546.,Soto-Gamboa M,J Exp Zool A Ecol Genet Physiol,2009,2009-06-02,,10.1002/jez.546
722,8046462,"The NMDA glycine site antagonist (+)-HA-966 selectively regulates conditioned stress-induced metabolic activation of the mesoprefrontal cortical dopamine but not serotonin systems: a behavioral, neuroendocrine, and neurochemical study in the rat","Goldstein LE, Rasmusson AM, Bunney BS, Roth RH.",J Neurosci. 1994 Aug;14(8):4937-50. doi: 10.1523/JNEUROSCI.14-08-04937.1994.,Goldstein LE,J Neurosci,1994,1994-08-01,PMC6577203,10.1523/JNEUROSCI.14-08-04937.1994
723,11869169,Effects of ornithine 2-oxoglutarate on neutrophils in stressed rats: evidence for the involvement of nitric oxide and polyamines,"Moinard C, Caldefie F, Walrand S, Tridon A, Chassagne J, Vasson MP, Cynober L.",Clin Sci (Lond). 2002 Mar;102(3):287-95.,Moinard C,Clin Sci (Lond),2002,2002-03-01,,
724,23047053,Are baseline and short-term corticosterone stress responses in free-living amphibians repeatable?,"Narayan EJ, Cockrem JF, Hero JM.",Comp Biochem Physiol A Mol Integr Physiol. 2013 Jan;164(1):21-8. doi: 10.1016/j.cbpa.2012.10.001. Epub 2012 Oct 7.,Narayan EJ,Comp Biochem Physiol A Mol Integr Physiol,2013,2012-10-11,,10.1016/j.cbpa.2012.10.001
725,14969429,Anxiety levels and neurosteroid synthesis in the brains of prenatally stressed male rats,"Ordyan NE, Pivina SG.",Neurosci Behav Physiol. 2003 Nov;33(9):899-903. doi: 10.1023/a:1025952906715.,Ordyan NE,Neurosci Behav Physiol,2003,2004-02-19,,10.1023/a:1025952906715
726,11868897,Factors of skin ageing share common mechanisms,"Giacomoni PU, Rein G.",Biogerontology. 2001;2(4):219-29. doi: 10.1023/a:1013222629919.,Giacomoni PU,Biogerontology,2001,2002-03-01,,10.1023/a:1013222629919
727,25035059,Protective effects of Andrographis paniculata extract and pure andrographolide against chronic stress-triggered pathologies in rats,"Thakur AK, Soni UK, Rai G, Chatterjee SS, Kumar V.",Cell Mol Neurobiol. 2014 Nov;34(8):1111-21. doi: 10.1007/s10571-014-0086-1. Epub 2014 Jul 18.,Thakur AK,Cell Mol Neurobiol,2014,2014-07-19,PMC11488858,10.1007/s10571-014-0086-1
728,31553582,Reproduction Stage Differentiates the Time-Course Regulation of Metabolites in Daphnia magna,"Jeong TY, Simpson MJ.",Environ Sci Technol. 2019 Nov 5;53(21):12764-12773. doi: 10.1021/acs.est.9b03762. Epub 2019 Oct 15.,Jeong TY,Environ Sci Technol,2019,2019-09-26,,10.1021/acs.est.9b03762
729,18624910,"Neuroactive steroids and GABAA receptor plasticity in the brain of the WAG/Rij rat, a model of absence epilepsy","Pisu MG, Mostallino MC, Dore R, Mura ML, Maciocco E, Russo E, De Sarro G, Serra M.",J Neurochem. 2008 Sep;106(6):2502-14. doi: 10.1111/j.1471-4159.2008.05538.x. Epub 2008 Jul 4.,Pisu MG,J Neurochem,2008,2008-07-16,,10.1111/j.1471-4159.2008.05538.x
730,31554088,"Cell line-dependent increase in cellular quercetin accumulation upon stress induced by valinomycin and lipopolysaccharide, but not by TNF-α","Vissenaekens H, Grootaert C, Rajkovic A, De Schutter K, Raes K, Smagghe G, Van de Wiele T, Van Camp J.",Food Res Int. 2019 Nov;125:108596. doi: 10.1016/j.foodres.2019.108596. Epub 2019 Jul 30.,Vissenaekens H,Food Res Int,2019,2019-09-27,,10.1016/j.foodres.2019.108596
731,35064225,Oxidative stress and motion sickness in one crew during competitive offshore sailing,"Giacon TA, Bosco G, Vezzoli A, Dellanoce C, Cialoni D, Paganini M, Mrakic-Sposta S.",Sci Rep. 2022 Jan 21;12(1):1142. doi: 10.1038/s41598-022-05219-6.,Giacon TA,Sci Rep,2022,2022-01-22,PMC8782845,10.1038/s41598-022-05219-6
732,39241486,Biopsychosocial factors intersecting with weekly sleep difficulties in the menopause transition,"Chenji S, Sander B, Grummisch JA, Gordon JL.",Maturitas. 2024 Nov;189:108111. doi: 10.1016/j.maturitas.2024.108111. Epub 2024 Sep 1.,Chenji S,Maturitas,2024,2024-09-06,,10.1016/j.maturitas.2024.108111
733,37213506,Implications of gut microbiota dysbiosis and fecal metabolite changes in psychologically stressed mice,"Zhang Y, Zhang J, Wu J, Zhu Q, Chen C, Li Y.",Front Microbiol. 2023 May 5;14:1124454. doi: 10.3389/fmicb.2023.1124454. eCollection 2023.,Zhang Y,Front Microbiol,2023,2023-05-22,PMC10196128,10.3389/fmicb.2023.1124454
734,31288060,Chronic unpredictable mild stress-induced behavioral changes are coupled with dopaminergic hyperfunction and serotonergic hypofunction in mouse models of depression,"Lu Q, Mouri A, Yang Y, Kunisawa K, Teshigawara T, Hirakawa M, Mori Y, Yamamoto Y, Libo Z, Nabeshima T, Saito K.",Behav Brain Res. 2019 Oct 17;372:112053. doi: 10.1016/j.bbr.2019.112053. Epub 2019 Jul 6.,Lu Q,Behav Brain Res,2019,2019-07-10,,10.1016/j.bbr.2019.112053
735,34026212,Temporal vs. spatial variation in stress-associated metabolites within a population of climate-sensitive small mammals,"Whipple AL, Ray C, Wasser M, Kitchens JN, Hove AA, Varner J, Wilkening JL.",Conserv Physiol. 2021 May 3;9(1):coab024. doi: 10.1093/conphys/coab024. eCollection 2021.,Whipple AL,Conserv Physiol,2021,2021-05-24,PMC8127223,10.1093/conphys/coab024
736,30647450,Lactate is an antidepressant that mediates resilience to stress by modulating the hippocampal levels and activity of histone deacetylases,"Karnib N, El-Ghandour R, El Hayek L, Nasrallah P, Khalifeh M, Barmo N, Jabre V, Ibrahim P, Bilen M, Stephan JS, Holson EB, Ratan RR, Sleiman SF.",Neuropsychopharmacology. 2019 May;44(6):1152-1162. doi: 10.1038/s41386-019-0313-z. Epub 2019 Jan 8.,Karnib N,Neuropsychopharmacology,2019,2019-01-17,PMC6461925,10.1038/s41386-019-0313-z
737,34679883,Physiological Stress in Rescued Wild Koalas (Phascolarctos cinereus) Being Held in a Rehabilitation Sanctuary: A Pilot Study,"Charalambous R, Simonato T, Peel M, Narayan EJ.",Animals (Basel). 2021 Sep 30;11(10):2864. doi: 10.3390/ani11102864.,Charalambous R,Animals (Basel),2021,2021-10-23,PMC8532651,10.3390/ani11102864
738,22072624,Physiological and behavioural stress responses in cynomolgus macaques (Macaca fascicularis) to noise associated with construction work,"Westlund K, Fernström AL, Wergård EM, Fredlund H, Hau J, Spångberg M.",Lab Anim. 2012 Jan;46(1):51-8. doi: 10.1258/la.2011.011040. Epub 2011 Nov 9.,Westlund K,Lab Anim,2012,2011-11-11,,10.1258/la.2011.011040
739,9526031,"Effect of reserpine on 3-methoxy-4-hydroxyphenylethyleneglycol and 3,4-dihydroxyphenylacetic acid in the hippocampus of depression-model rats: an in vivo microdialysis study","Yamashita K, Kitayama I, Hamanaka K, Nomura J.",Brain Res. 1998 Feb 23;785(1):10-7. doi: 10.1016/s0006-8993(97)01339-5.,Yamashita K,Brain Res,1998,1998-06-06,,10.1016/s0006-8993(97)01339-5
740,19100810,Sex differences in corticolimbic dopamine and serotonin systems in the rat and the effect of postnatal handling,"Duchesne A, Dufresne MM, Sullivan RM.",Prog Neuropsychopharmacol Biol Psychiatry. 2009 Mar 17;33(2):251-61. doi: 10.1016/j.pnpbp.2008.11.012. Epub 2008 Dec 3.,Duchesne A,Prog Neuropsychopharmacol Biol Psychiatry,2009,2008-12-23,,10.1016/j.pnpbp.2008.11.012
741,26068516,Allopregnanolone and social stress: regulation of the stress response in early pregnancy in pigs,"Rault JL, Plush K, Yawno T, Langendijk P.",Stress. 2015;18(5):569-77. doi: 10.3109/10253890.2015.1047340. Epub 2015 Jun 11.,Rault JL,Stress,2015,2015-06-13,,10.3109/10253890.2015.1047340
742,15177087,Synaptic plasticity and tianeptine: structural regulation,"Fuchs E, Czéh B, Michaelis T, de Biurrun G, Watanabe T, Frahm J.",Eur Psychiatry. 2002 Jul;17 Suppl 3:311-7. doi: 10.1016/s0924-9338(02)00652-1.,Fuchs E,Eur Psychiatry,2002,2004-06-05,,10.1016/s0924-9338(02)00652-1
743,7825889,Steroid effects on central neurons and implications for psychiatric and neurological disorders,"Holsboer F, Grasser A, Friess E, Wiedemann K.",Ann N Y Acad Sci. 1994 Nov 30;746:345-59; discussion 359-61. doi: 10.1111/j.1749-6632.1994.tb39255.x.,Holsboer F,Ann N Y Acad Sci,1994,1994-11-30,,10.1111/j.1749-6632.1994.tb39255.x
744,34681433,Lactobacillus rhamnosus Probio-M9 Improves the Quality of Life in Stressed Adults by Gut Microbiota,"Zheng Y, Yu Z, Zhang W, Sun T.",Foods. 2021 Oct 8;10(10):2384. doi: 10.3390/foods10102384.,Zheng Y,Foods,2021,2021-10-23,PMC8535744,10.3390/foods10102384
745,23010934,Region-specific changes in activities of cell death-related proteases and nitric oxide metabolism in rat brain in a chronic unpredictable stress model,"Tishkina A, Rukhlenko A, Stepanichev M, Levshina I, Pasikova N, Onufriev M, Moiseeva Y, Piskunov A, Gulyaeva N.",Metab Brain Dis. 2012 Dec;27(4):431-41. doi: 10.1007/s11011-012-9328-4. Epub 2012 Jul 27.,Tishkina A,Metab Brain Dis,2012,2012-09-27,,10.1007/s11011-012-9328-4
746,15465533,Acute progesterone can recruit sex-specific neurochemical mechanisms mediating swim stress-induced and kappa-opioid analgesia in mice,"Sternberg WF, Chesler EJ, Wilson SG, Mogil JS.",Horm Behav. 2004 Nov;46(4):467-73. doi: 10.1016/j.yhbeh.2004.05.007.,Sternberg WF,Horm Behav,2004,2004-10-07,,10.1016/j.yhbeh.2004.05.007
747,38685283,Sodium propionate oral supplementation ameliorates depressive-like behavior through gut microbiome and histone 3 epigenetic regulation,"Behrens LMP, Gasparotto J, Rampelotto PH, Escalona MAR, da Silva LDS, Carazza-Kessler FG, Barbosa CP, Campos MS, Dorn M, Gelain DP, Moreira JCF.",J Nutr Biochem. 2024 Aug;130:109660. doi: 10.1016/j.jnutbio.2024.109660. Epub 2024 Apr 27.,Behrens LMP,J Nutr Biochem,2024,2024-04-30,,10.1016/j.jnutbio.2024.109660
748,16018584,Peripheral ChE inhibition modulates brain monoamines levels and c-fos oncogene in mice subjected to a stress situation,"Taysse L, Christin D, Delamanche S, Bellier B, Breton P.",Neurochem Res. 2005 Mar;30(3):391-402. doi: 10.1007/s11064-005-2614-3.,Taysse L,Neurochem Res,2005,2005-07-16,,10.1007/s11064-005-2614-3
749,2096212,Effects of nisoldipine on stress-induced changes in haemodynamics and plasma catecholamines in normotensives and hypertensives,"Ludwig J, Gerhardt T, Halbrügge T, Walter J, Heidbreder E, Graefe KH.",J Hum Hypertens. 1990 Dec;4(6):693-701.,Ludwig J,J Hum Hypertens,1990,1990-12-01,,
750,39065198,Magnesium Oxide Reduces Anxiety-like Behavior in Mice by Inhibiting Sulfate-Reducing Bacteria,"Coffman CN, Carroll-Portillo A, Alcock J, Singh SB, Rumsey K, Braun CA, Xue B, Lin HC.",Microorganisms. 2024 Jul 14;12(7):1429. doi: 10.3390/microorganisms12071429.,Coffman CN,Microorganisms,2024,2024-07-27,PMC11279233,10.3390/microorganisms12071429
751,16055849,Sampling effort/frequency necessary to infer individual acute stress responses from fecal analysis in Greylag geese (Anser anser),"Scheiber IB, Kralj S, Kotrschal K.",Ann N Y Acad Sci. 2005 Jun;1046:154-67. doi: 10.1196/annals.1343.012.,Scheiber IB,Ann N Y Acad Sci,2005,2005-08-02,PMC3182528,10.1196/annals.1343.012
752,19304728,Normal responses to restraint stress in mice lacking the gene for neuronal nitric oxide synthase,"Weissman BA, Sottas CM, Holmes M, Zhou P, Iadecola C, Hardy DO, Ge RS, Hardy MP.",J Androl. 2009 Sep-Oct;30(5):614-20. doi: 10.2164/jandrol.108.007443. Epub 2009 Mar 19.,Weissman BA,J Androl,2009,2009-03-24,PMC2771686,10.2164/jandrol.108.007443
753,25900604,Cohort Profile: Swedish Twin Study on Prediction and Prevention of Asthma (STOPPA),"Almqvist C, Örtqvist AK, Ullemar V, Lundholm C, Lichtenstein P, Magnusson PK.",Twin Res Hum Genet. 2015 Jun;18(3):273-80. doi: 10.1017/thg.2015.17. Epub 2015 Apr 22.,Almqvist C,Twin Res Hum Genet,2015,2015-04-23,,10.1017/thg.2015.17
754,29416078,Support vector machines for explaining physiological stress response in Wood mice (Apodemus sylvaticus),"Sánchez-González B, Barja I, Piñeiro A, Hernández-González MC, Silván G, Illera JC, Latorre R.",Sci Rep. 2018 Feb 7;8(1):2562. doi: 10.1038/s41598-018-20646-0.,Sánchez-González B,Sci Rep,2018,2018-02-09,PMC5803235,10.1038/s41598-018-20646-0
755,26673871,Non-invasive monitoring of stress hormones in the bat Eptesicus isabellinus - Do fecal glucocorticoid metabolite concentrations correlate with survival?,"Kelm DH, Popa-Lisseanu AG, Dehnhard M, Ibáñez C.",Gen Comp Endocrinol. 2016 Jan 15;226:27-35. doi: 10.1016/j.ygcen.2015.12.003. Epub 2015 Dec 8.,Kelm DH,Gen Comp Endocrinol,2016,2015-12-18,,10.1016/j.ygcen.2015.12.003
756,30116482,Cellular Stresses and Stress Responses in the Pathogenesis of Insulin Resistance,Onyango AN.,Oxid Med Cell Longev. 2018 Jul 9;2018:4321714. doi: 10.1155/2018/4321714. eCollection 2018.,Onyango AN,Oxid Med Cell Longev,2018,2018-08-18,PMC6079365,10.1155/2018/4321714
757,22133808,Orally administered L-ornithine reduces restraint stress-induced activation of the hypothalamic-pituitary-adrenal axis in mice,"Kurata K, Nagasawa M, Tomonaga S, Aoki M, Akiduki S, Morishita K, Denbow DM, Furuse M.",Neurosci Lett. 2012 Jan 11;506(2):287-91. doi: 10.1016/j.neulet.2011.11.024. Epub 2011 Nov 23.,Kurata K,Neurosci Lett,2012,2011-12-03,,10.1016/j.neulet.2011.11.024
758,11080082,Bacterial translocation can increase plasma corticosterone and brain catecholamine and indoleamine metabolism,"Ando T, Brown RF, Berg RD, Dunn AJ.",Am J Physiol Regul Integr Comp Physiol. 2000 Dec;279(6):R2164-72. doi: 10.1152/ajpregu.2000.279.6.R2164.,Ando T,Am J Physiol Regul Integr Comp Physiol,2000,2000-11-18,,10.1152/ajpregu.2000.279.6.R2164
759,25870391,Social instability and immunity in rhesus monkeys: the role of the sympathetic nervous system,"Capitanio JP, Cole SW.",Philos Trans R Soc Lond B Biol Sci. 2015 May 26;370(1669):20140104. doi: 10.1098/rstb.2014.0104.,Capitanio JP,Philos Trans R Soc Lond B Biol Sci,2015,2015-04-15,PMC4410371,10.1098/rstb.2014.0104
760,31445955,Co-treatment of piracetam with risperidone rescued extinction deficits in experimental paradigms of post-traumatic stress disorder by restoring the physiological alterations in cortex and hippocampus,"Uniyal A, Singh R, Akhtar A, Bansal Y, Kuhad A, Sah SP.",Pharmacol Biochem Behav. 2019 Oct;185:172763. doi: 10.1016/j.pbb.2019.172763. Epub 2019 Aug 22.,Uniyal A,Pharmacol Biochem Behav,2019,2019-08-26,,10.1016/j.pbb.2019.172763
761,19651796,"Monitoring antioxidant defenses and free radical production in space-flight, aviation and railway engine operators, for the prevention and treatment of oxidative stress, immunological impairment, and pre-mature cell aging","De Luca C, Deeva I, Mariani S, Maiani G, Stancato A, Korkina L.",Toxicol Ind Health. 2009 May-Jun;25(4-5):259-67. doi: 10.1177/0748233709103032.,De Luca C,Toxicol Ind Health,2009,2009-08-05,,10.1177/0748233709103032
762,25314662,Cotinine reduces depressive-like behavior and hippocampal vascular endothelial growth factor downregulation after forced swim stress in mice,"Grizzell JA, Mullins M, Iarkov A, Rohani A, Charry LC, Echeverria V.",Behav Neurosci. 2014 Dec;128(6):713-21. doi: 10.1037/bne0000021. Epub 2014 Oct 13.,Grizzell JA,Behav Neurosci,2014,2014-10-15,,10.1037/bne0000021
763,39404643,Behavioral Responses of Chironomus aprilinus Larvae as Proxies for Cyanobacterial Metabolite Interactions: Insights from Ternary Combinations,"Bownik A, Wlodkowic D, Pawlik-Skowrońska B, Mieczan T.",Environ Sci Technol. 2024 Oct 29;58(43):19199-19210. doi: 10.1021/acs.est.4c07823. Epub 2024 Oct 15.,Bownik A,Environ Sci Technol,2024,2024-10-15,PMC11526367,10.1021/acs.est.4c07823
764,8389649,Importance of hypothalamic function to stressor-induced responsiveness of the GABAA receptor in the cerebral cortex: a non-corticosterone influence,"Kellogg CK, Inglefield JR, Taylor MK, Pleger GL.",Brain Res. 1993 Apr 23;609(1-2):244-52. doi: 10.1016/0006-8993(93)90879-r.,Kellogg CK,Brain Res,1993,1993-04-23,,10.1016/0006-8993(93)90879-r
765,37139402,Season-dependent impact of forage quality on stress in alpine chamois,"Corlatti L, Palme R, Valencak TG, Gomez KM.",Ecol Evol. 2023 May 1;13(5):e10045. doi: 10.1002/ece3.10045. eCollection 2023 May.,Corlatti L,Ecol Evol,2023,2023-05-04,PMC10150231,10.1002/ece3.10045
766,27864043,Maternal trans fat intake during pregnancy or lactation impairs memory and alters BDNF and TrkB levels in the hippocampus of adult offspring exposed to chronic mild stress,"Pase CS, Roversi K, Roversi K, Vey LT, Dias VT, Veit JC, Maurer LH, Duarte T, Emanuelli T, Duarte M, Bürger ME.",Physiol Behav. 2017 Feb 1;169:114-123. doi: 10.1016/j.physbeh.2016.11.009. Epub 2016 Nov 15.,Pase CS,Physiol Behav,2017,2016-11-20,,10.1016/j.physbeh.2016.11.009
767,39421253,A pilot case-control study on the fecal microbiota of pediatric functional abdominal pain-not otherwise specified and the role of early life stress,"Otaru N, Pugin B, Plüss S, Hojsak I, Braegger C, Lacroix C.",Microbiome Res Rep. 2024 Jun 4;3(3):32. doi: 10.20517/mrr.2023.75. eCollection 2024.,Otaru N,Microbiome Res Rep,2024,2024-10-18,PMC11485736,10.20517/mrr.2023.75
768,4672450,"Interaction of kynurenine and its metabolites with tryptamine, serotonin and its precursors and oxotremorine",Lapin IP.,Psychopharmacologia. 1972;26(3):237-47. doi: 10.1007/BF00422699.,Lapin IP,Psychopharmacologia,1972,1972-01-01,,10.1007/BF00422699
769,15234470,Dihydrotestosterone may inhibit hypothalamo-pituitary-adrenal activity by acting through estrogen receptor in the male mouse,"Lund TD, Munson DJ, Haldy ME, Handa RJ.",Neurosci Lett. 2004 Jul 15;365(1):43-7. doi: 10.1016/j.neulet.2004.04.035.,Lund TD,Neurosci Lett,2004,2004-07-06,,10.1016/j.neulet.2004.04.035
770,33071978,Differential Responses of Urinary Epinephrine and Norepinephrine to 24-h Shift-Work Stressor in Physicians,"Boettcher C, Sommer G, Peitzsch M, Zimmer KP, Eisenhofer G, Wudy SA.",Front Endocrinol (Lausanne). 2020 Sep 23;11:572461. doi: 10.3389/fendo.2020.572461. eCollection 2020.,Boettcher C,Front Endocrinol (Lausanne),2020,2020-10-19,PMC7538665,10.3389/fendo.2020.572461
771,23954408,Delay discounting task in pigs reveals response strategies related to dopamine metabolite,"Melotti L, Thomsen LR, Toscano MJ, Mendl M, Held S.",Physiol Behav. 2013 Aug 15;120:182-92. doi: 10.1016/j.physbeh.2013.08.009. Epub 2013 Aug 15.,Melotti L,Physiol Behav,2013,2013-08-20,,10.1016/j.physbeh.2013.08.009
772,22465051,Creatine metabolism and psychiatric disorders: Does creatine supplementation have therapeutic value?,Allen PJ.,Neurosci Biobehav Rev. 2012 May;36(5):1442-62. doi: 10.1016/j.neubiorev.2012.03.005. Epub 2012 Mar 24.,Allen PJ,Neurosci Biobehav Rev,2012,2012-04-03,PMC3340488,10.1016/j.neubiorev.2012.03.005
773,33050201,"Offensive Behavior, Striatal Glutamate Metabolites, and Limbic-Hypothalamic-Pituitary-Adrenal Responses to Stress in Chronic Anxiety","Ullmann E, Chrousos G, Perry SW, Wong ML, Licinio J, Bornstein SR, Tseilikman O, Komelkova M, Lapshin MS, Vasilyeva M, Zavjalov E, Shevelev O, Khotskin N, Koncevaya G, Khotskina AS, Moshkin M, Cherkasova O, Sarapultsev A, Ibragimov R, Kritsky I, Fegert JM, Tseilikman V, Yehuda R.",Int J Mol Sci. 2020 Oct 9;21(20):7440. doi: 10.3390/ijms21207440.,Ullmann E,Int J Mol Sci,2020,2020-10-14,PMC7589759,10.3390/ijms21207440
774,26627253,"Mitochondrial functions modulate neuroendocrine, metabolic, inflammatory, and transcriptional responses to acute psychological stress","Picard M, McManus MJ, Gray JD, Nasca C, Moffat C, Kopinski PK, Seifert EL, McEwen BS, Wallace DC.",Proc Natl Acad Sci U S A. 2015 Dec 1;112(48):E6614-23. doi: 10.1073/pnas.1515733112. Epub 2015 Nov 16.,Picard M,Proc Natl Acad Sci U S A,2015,2015-12-03,PMC4672794,10.1073/pnas.1515733112
775,31352203,In vitro and in vivo metabolism of Cistanche tubulosa extract in normal and chronic unpredictable stress-induced depressive rats,"Li Y, Peng Y, Ma P, Wang M, Peng C, Tu P, Li X.",J Chromatogr B Analyt Technol Biomed Life Sci. 2019 Sep 1;1125:121728. doi: 10.1016/j.jchromb.2019.121728. Epub 2019 Jul 19.,Li Y,J Chromatogr B Analyt Technol Biomed Life Sci,2019,2019-07-29,,10.1016/j.jchromb.2019.121728
776,4399029,Fatigue from the point of view of urinary metabolites,Dukes-Dobos FN.,Ergonomics. 1971 Jan;14(1):31-4. doi: 10.1080/00140137108931220.,Dukes-Dobos FN,Ergonomics,1971,1971-01-01,,10.1080/00140137108931220
777,21660590,Risperidone in ultra low dose protects against stress in the rodent cold restraint model by modulating stress pathways,"Krishnamurthy S, Garabadu D, Reddy NR, Joy KP.",Neurochem Res. 2011 Oct;36(10):1750-8. doi: 10.1007/s11064-011-0490-6. Epub 2011 Jun 10.,Krishnamurthy S,Neurochem Res,2011,2011-06-11,,10.1007/s11064-011-0490-6
778,38104805,Impacts of neonicotinoid insecticides on bumble bee energy metabolism are revealed under nectar starvation,"Fischer N, Costa CP, Hur M, Kirkwood JS, Woodard SH.",Sci Total Environ. 2024 Feb 20;912:169388. doi: 10.1016/j.scitotenv.2023.169388. Epub 2023 Dec 16.,Fischer N,Sci Total Environ,2024,2023-12-17,,10.1016/j.scitotenv.2023.169388
779,33713646,Effects of ectoparasite infestation during pregnancy on physiological stress and reproductive output in a rodent-flea system,"Warburton EM, Khokhlova IS, Palme R, Surkova EN, Krasnov BR.",Int J Parasitol. 2021 Jul;51(8):659-666. doi: 10.1016/j.ijpara.2020.12.005. Epub 2021 Mar 11.,Warburton EM,Int J Parasitol,2021,2021-03-13,,10.1016/j.ijpara.2020.12.005
780,8381801,Adrenergic regulation of human adipose tissue metabolism in situ during mental stress,"Hagström-Toft E, Arner P, Wahrenberg H, Wennlund A, Ungerstedt U, Bolinder J.",J Clin Endocrinol Metab. 1993 Feb;76(2):392-8. doi: 10.1210/jcem.76.2.8381801.,Hagström-Toft E,J Clin Endocrinol Metab,1993,1993-02-01,,10.1210/jcem.76.2.8381801
781,30746150,Faecal glucocorticoid metabolite profiles in diademed sifakas increase during seasonal fruit scarcity with interactive effects of age/sex class and habitat degradation,"Tecot SR, Irwin MT, Raharison JL.",Conserv Physiol. 2019 Feb 6;7(1):coz001. doi: 10.1093/conphys/coz001. eCollection 2019.,Tecot SR,Conserv Physiol,2019,2019-02-13,PMC6364291,10.1093/conphys/coz001
782,31241312,Understanding the Role of Systemic Inflammation in Alzheimer's Disease,"Walker KA, Ficek BN, Westbrook R.",ACS Chem Neurosci. 2019 Aug 21;10(8):3340-3342. doi: 10.1021/acschemneuro.9b00333. Epub 2019 Jun 26.,Walker KA,ACS Chem Neurosci,2019,2019-06-27,,10.1021/acschemneuro.9b00333
783,1717650,Stress- and endotoxin-induced increases in brain tryptophan and serotonin metabolism depend on sympathetic nervous system activity,"Dunn AJ, Welch J.",J Neurochem. 1991 Nov;57(5):1615-22. doi: 10.1111/j.1471-4159.1991.tb06359.x.,Dunn AJ,J Neurochem,1991,1991-11-01,,10.1111/j.1471-4159.1991.tb06359.x
784,20007481,Altered sleep homeostasis after restraint stress in 5-HTT knock-out male mice: a role for hypocretins,"Rachalski A, Alexandre C, Bernard JF, Saurini F, Lesch KP, Hamon M, Adrien J, Fabre V.",J Neurosci. 2009 Dec 9;29(49):15575-85. doi: 10.1523/JNEUROSCI.3138-09.2009.,Rachalski A,J Neurosci,2009,2009-12-17,PMC6666112,10.1523/JNEUROSCI.3138-09.2009
785,35783227,"Comparative Severity Assessment of Genetic, Stress-Based, and Pharmacological Mouse Models of Depression","Mallien AS, Pfeiffer N, Brandwein C, Inta D, Sprengel R, Palme R, Talbot SR, Gass P.",Front Behav Neurosci. 2022 Jun 16;16:908366. doi: 10.3389/fnbeh.2022.908366. eCollection 2022.,Mallien AS,Front Behav Neurosci,2022,2022-07-05,PMC9245036,10.3389/fnbeh.2022.908366
786,24343532,Evaluation of potential antidepressant-like activity of chalcone-1203 in various murine experimental depressant models,"Guan LP, Tang LM, Pan CY, Zhao SL, Wang SH.",Neurochem Res. 2014 Feb;39(2):313-20. doi: 10.1007/s11064-013-1224-8. Epub 2013 Dec 17.,Guan LP,Neurochem Res,2014,2013-12-18,,10.1007/s11064-013-1224-8
787,32543724,Application of tail vein serial microsampling for plasma or dried plasma spots in toxicokinetic assessment in rats using acetaminophen as the model compound,"Li W, Dugyala R, Devine PJ, Jardel M, Doherty J, Kubek K, Lapadula D, Flarakos J.",Biomed Chromatogr. 2020 Oct;34(10):e4917. doi: 10.1002/bmc.4917. Epub 2020 Aug 6.,Li W,Biomed Chromatogr,2020,2020-06-17,,10.1002/bmc.4917
788,16258643,Quantification of fecal estradiol and progesterone metabolites in Syrian hamsters (Mesocricetus auratus),"Chelini MO, Souza NL, Rocha AM, Felippe EC, Oliveira CA.",Braz J Med Biol Res. 2005 Nov;38(11):1711-7. doi: 10.1590/s0100-879x2005001100021. Epub 2005 Oct 26.,Chelini MO,Braz J Med Biol Res,2005,2005-11-01,,10.1590/s0100-879x2005001100021
789,15841707,Androgen status in healthy premenopausal women with loss of libido,"Nyunt A, Stephen G, Gibbin J, Durgan L, Fielding AM, Wheeler M, Price DE.",J Sex Marital Ther. 2005 Jan-Feb;31(1):73-80. doi: 10.1080/00926230590475314.,Nyunt A,J Sex Marital Ther,2005,2005-04-22,,10.1080/00926230590475314
790,26907834,Stress Markers During a Rally Car Competition,"Del Rosso S, Abreu L, Webb HE, Zouhal H, Boullosa DA.",J Strength Cond Res. 2016 Mar;30(3):605-14. doi: 10.1519/JSC.0000000000001131.,Del Rosso S,J Strength Cond Res,2016,2016-02-25,,10.1519/JSC.0000000000001131
791,38826077,"Association between whole-grain consumption, tryptophan metabolism and psychological distress: a secondary analysis of a randomised controlled trial","Liikonen V, Näätänen M, Kårlund A, Hanhineva K, Karhunen L, Kolehmainen M.",Br J Nutr. 2024 Aug 14;132(3):330-340. doi: 10.1017/S0007114524001077. Epub 2024 Jun 3.,Liikonen V,Br J Nutr,2024,2024-06-03,PMC11473202,10.1017/S0007114524001077
792,34843740,Metabolomics reveals changes in metabolite profiles due to growth and metamorphosis during the ontogeny of the northern damselfly,"Späth J, Brodin T, McCallum E, Cerveny D, Fick J, Nording ML.",J Insect Physiol. 2022 Jan;136:104341. doi: 10.1016/j.jinsphys.2021.104341. Epub 2021 Nov 27.,Späth J,J Insect Physiol,2022,2021-11-29,,10.1016/j.jinsphys.2021.104341
793,29906815,Review: Endoplasmic Reticulum-Associated Degradation (ERAD)-Dependent Control of (Tri)terpenoid Metabolism in Plants,"Erffelinck ML, Goossens A.",Planta Med. 2018 Aug;84(12-13):874-880. doi: 10.1055/a-0635-8369. Epub 2018 Jun 15.,Erffelinck ML,Planta Med,2018,2018-06-16,,10.1055/a-0635-8369
794,36169685,Detection of the role of intestinal flora and tryptophan metabolism involved in antidepressant-like actions of crocetin based on a multi-omics approach,"Lin S, Li Q, Xu Z, Chen Z, Tao Y, Tong Y, Wang T, Chen S, Wang P.",Psychopharmacology (Berl). 2022 Nov;239(11):3657-3677. doi: 10.1007/s00213-022-06239-w. Epub 2022 Sep 28.,Lin S,Psychopharmacology (Berl),2022,2022-09-28,,10.1007/s00213-022-06239-w
795,34954024,Neurometabolite correlates with personality and stress in healthy emerging adults: A focus on sex differences,"Tuovinen N, Yalcin-Siedentopf N, Welte AS, Siedentopf CM, Steiger R, Gizewski ER, Hofer A.",Neuroimage. 2022 Feb 15;247:118847. doi: 10.1016/j.neuroimage.2021.118847. Epub 2021 Dec 22.,Tuovinen N,Neuroimage,2022,2021-12-26,,10.1016/j.neuroimage.2021.118847
796,30151195,Seasonal changes of faecal cortisol metabolite levels in Gracilinanus agilis (Didelphimorphia: Didelphidae) and its association to life histories variables and parasite loads,"Hernandez SE, Strona ALS, Leiner NO, Suzán G, Romano MC.",Conserv Physiol. 2018 Jul 18;6(1):coy021. doi: 10.1093/conphys/coy021. eCollection 2018.,Hernandez SE,Conserv Physiol,2018,2018-08-29,PMC6101548,10.1093/conphys/coy021
797,39154610,Measuring urofecal glucocorticoid metabolites in broiler chicken: a noninvasive tool for assessing stress as a marker of welfare,"Wolf TE, Toppel K, Jacobsen L, Andersson R, Touma C.",Poult Sci. 2024 Nov;103(11):104162. doi: 10.1016/j.psj.2024.104162. Epub 2024 Aug 3.,Wolf TE,Poult Sci,2024,2024-08-18,PMC11381796,10.1016/j.psj.2024.104162
798,36323746,Saliva metabolome alterations after acute stress,"Morgan L, Birkler RID, Shaham-Niv S, Dong Y, Wachsman T, Carmi L, Yakobson B, Adler-Abramovich L, Cohen H, Zohar J, Bateson M, Gazit E.",Sci Rep. 2022 Nov 2;12(1):18470. doi: 10.1038/s41598-022-23136-6.,Morgan L,Sci Rep,2022,2022-11-03,PMC9630385,10.1038/s41598-022-23136-6
799,12105105,Factors for susceptibility to episode recurrence in spontaneous recurrence of methamphetamine psychosis,"Yui K, Ikemoto S, Goto K.",Ann N Y Acad Sci. 2002 Jun;965:292-304. doi: 10.1111/j.1749-6632.2002.tb04171.x.,Yui K,Ann N Y Acad Sci,2002,2002-07-10,,10.1111/j.1749-6632.2002.tb04171.x
800,24279175,"Correlations between social context and fecal glucocorticoid metabolite concentrations in free-ranging female gray-cheeked mangabeys (Lophocebus albigena) in Kibale National Park, Uganda","Arlet ME, Molleman F, Isbell LA, Chancellor RL, Carey JR, Mänd R.",Folia Biol (Krakow). 2013;61(3-4):239-46. doi: 10.3409/fb61_3-4.239.,Arlet ME,Folia Biol (Krakow),2013,2013-11-28,,10.3409/fb61_3-4.239
801,9351749,Progesterone metabolite allopregnanolone in women with premenstrual syndrome,"Rapkin AJ, Morgan M, Goldman L, Brann DW, Simone D, Mahesh VB.",Obstet Gynecol. 1997 Nov;90(5):709-14. doi: 10.1016/S0029-7844(97)00417-1.,Rapkin AJ,Obstet Gynecol,1997,1997-11-14,,10.1016/S0029-7844(97)00417-1
802,33974945,Antidepressant-like effects of water extract of Cordyceps militaris (Linn.) Link by modulation of ROCK2/PTEN/Akt signaling in an unpredictable chronic mild stress-induced animal model,"Lin YE, Chen YC, Lu KH, Huang YJ, Panyod S, Liu WT, Yang SH, Lu YS, Chen MH, Sheen LY.",J Ethnopharmacol. 2021 Aug 10;276:114194. doi: 10.1016/j.jep.2021.114194. Epub 2021 May 8.,Lin YE,J Ethnopharmacol,2021,2021-05-11,,10.1016/j.jep.2021.114194
803,27283029,"The recovery trajectory of adolescent social defeat stress-induced behavioral, (1)H-MRS metabolites and myelin changes in Balb/c mice","Zhang H, Yan G, Xu H, Fang Z, Zhang J, Zhang J, Wu R, Kong J, Huang Q.",Sci Rep. 2016 Jun 10;6:27906. doi: 10.1038/srep27906.,Zhang H,Sci Rep,2016,2016-06-11,PMC4901266,10.1038/srep27906
804,35446234,Integrated fecal microbiome-metabolome signatures reflect stress and serotonin metabolism in irritable bowel syndrome,"Mujagic Z, Kasapi M, Jonkers DM, Garcia-Perez I, Vork L, Weerts ZZRM, Serrano-Contreras JI, Zhernakova A, Kurilshikov A, Scotcher J, Holmes E, Wijmenga C, Keszthelyi D, Nicholson JK, Posma JM, Masclee AA.",Gut Microbes. 2022 Jan-Dec;14(1):2063016. doi: 10.1080/19490976.2022.2063016.,Mujagic Z,Gut Microbes,2022,2022-04-21,PMC9037519,10.1080/19490976.2022.2063016
805,12553867,Enhanced 11beta-hydroxysteroid dehydrogenase type 1 activity in stress adaptation in the guinea pig,"Quinkler M, Troeger H, Eigendorff E, Maser-Gluth C, Stiglic A, Oelkers W, Bähr V, Diederich S.",J Endocrinol. 2003 Feb;176(2):185-92. doi: 10.1677/joe.0.1760185.,Quinkler M,J Endocrinol,2003,2003-01-30,,10.1677/joe.0.1760185
806,15283991,Infant rats with chronic neonatal isolation experience show decreased extracellular serotonin levels in ventral striatum at baseline and in response to cocaine,"Kosten TA, Zhang XY, Kehoe P.",Brain Res Dev Brain Res. 2004 Aug 18;152(1):19-24. doi: 10.1016/j.devbrainres.2004.05.005.,Kosten TA,Brain Res Dev Brain Res,2004,2004-07-31,,10.1016/j.devbrainres.2004.05.005
807,25444720,Repeated forced swim stress has additive effects in anxiety behavior and in cathecolamine levels of adult rats exposed to deltamethrin,"Habr SF, Macrini DJ, Florio JC, Bernardi MM.",Neurotoxicol Teratol. 2014 Nov-Dec;46:57-61. doi: 10.1016/j.ntt.2014.10.001.,Habr SF,Neurotoxicol Teratol,2014,2014-12-03,,10.1016/j.ntt.2014.10.001
808,30180197,Alterations in postmenopausal plasmatic lipidome,"Nogueira IAL, da Cruz ÉJSN, Fontenele AMM, Figueiredo Neto JA.",PLoS One. 2018 Sep 4;13(9):e0203027. doi: 10.1371/journal.pone.0203027. eCollection 2018.,Nogueira IAL,PLoS One,2018,2018-09-05,PMC6122933,10.1371/journal.pone.0203027
809,561984,Influence of progesterone on serotonin metabolism: a possible causal factor for mood changes,Ladisich W.,Psychoneuroendocrinology. 1977;2(3):257-66. doi: 10.1016/0306-4530(77)90042-7.,Ladisich W,Psychoneuroendocrinology,1977,1977-01-01,,10.1016/0306-4530(77)90042-7
810,34284023,Repeatability of daily profiles of baseline glucocorticoid metabolites measured in the urine and faeces of eastern rock sengis (Elephantulus myurus),"Medger K, Prins A, Lutermann H, Ganswindt A, Ganswindt SB, Bennett NC.",Gen Comp Endocrinol. 2021 Oct 1;312:113857. doi: 10.1016/j.ygcen.2021.113857. Epub 2021 Jul 17.,Medger K,Gen Comp Endocrinol,2021,2021-07-20,,10.1016/j.ygcen.2021.113857
811,3883705,"Borderline hypertension. Circulatory, sympatho-adrenal and psychological reactions to stress",Eliasson K.,Acta Med Scand Suppl. 1985;692:1-90.,Eliasson K,Acta Med Scand Suppl,1985,1985-01-01,,
812,32129637,Validating a non-invasive technique for monitoring physiological stress in the samango monkey,"Scheun J, Tordiffe ASW, Wimberger K, Ganswindt A.",Onderstepoort J Vet Res. 2020 Feb 27;87(1):e1-e8. doi: 10.4102/ojvr.v87i1.1720.,Scheun J,Onderstepoort J Vet Res,2020,2020-03-05,PMC7059245,10.4102/ojvr.v87i1.1720
813,16949032,"Social stress increases biopyrrins, oxidative metabolites of bilirubin, in mouse urine","Miyashita T, Yamaguchi T, Motoyama K, Unno K, Nakano Y, Shimoi K.",Biochem Biophys Res Commun. 2006 Oct 20;349(2):775-80. doi: 10.1016/j.bbrc.2006.08.098. Epub 2006 Aug 24.,Miyashita T,Biochem Biophys Res Commun,2006,2006-09-05,,10.1016/j.bbrc.2006.08.098
814,8708120,Changes in urinary excretion of catecholamines and their metabolites in pediatric dental patients,"Sakuma N, Nagasaka N.",ASDC J Dent Child. 1996 Mar-Apr;63(2):118-22.,Sakuma N,ASDC J Dent Child,1996,1996-03-01,,
815,32333913,Low rank and primiparity increase fecal glucocorticoid metabolites across gestation in wild geladas,"Carrera SC, Sen S, Heistermann M, Lu A, Beehner JC.",Gen Comp Endocrinol. 2020 Jul 1;293:113494. doi: 10.1016/j.ygcen.2020.113494. Epub 2020 Apr 22.,Carrera SC,Gen Comp Endocrinol,2020,2020-04-26,,10.1016/j.ygcen.2020.113494
816,20626335,Is elevated norepinephrine an etiological factor in some cases of Alzheimer's disease?,Fitzgerald PJ.,Curr Alzheimer Res. 2010 Sep;7(6):506-16. doi: 10.2174/156720510792231775.,Fitzgerald PJ,Curr Alzheimer Res,2010,2010-07-15,,10.2174/156720510792231775
817,20883478,Tolerance to allopregnanolone with focus on the GABA-A receptor,"Turkmen S, Backstrom T, Wahlstrom G, Andreen L, Johansson IM.",Br J Pharmacol. 2011 Jan;162(2):311-27. doi: 10.1111/j.1476-5381.2010.01059.x.,Turkmen S,Br J Pharmacol,2011,2010-10-02,PMC3031054,10.1111/j.1476-5381.2010.01059.x
818,25589761,5α-Reduced neurosteroids sex-dependently reverse central prenatal programming of neuroendocrine stress responses in rats,"Brunton PJ, Donadio MV, Yao ST, Greenwood M, Seckl JR, Murphy D, Russell JA.",J Neurosci. 2015 Jan 14;35(2):666-77. doi: 10.1523/JNEUROSCI.5104-13.2015.,Brunton PJ,J Neurosci,2015,2015-01-16,PMC4293416,10.1523/JNEUROSCI.5104-13.2015
819,26074181,Stress-Induced Glucocorticoid Release Upregulates Uncoupling Protein-2 Expression and Enhances Resistance to Endotoxin-Induced Lethality,"Kasahara E, Sekiyama A, Hori M, Kuratsune D, Fujisawa N, Chida D, Hiramoto K, Li J, Okamura H, Inoue M, Kitagawa S.",Neuroimmunomodulation. 2015;22(5):279-92. doi: 10.1159/000368802. Epub 2015 Jan 28.,Kasahara E,Neuroimmunomodulation,2015,2015-06-16,,10.1159/000368802
820,16392030,Enhanced BDNF signaling is associated with an antidepressant-like behavioral response and changes in brain monoamines,"Koponen E, Rantamäki T, Voikar V, Saarelainen T, MacDonald E, Castrén E.",Cell Mol Neurobiol. 2005 Sep;25(6):973-80. doi: 10.1007/s10571-005-8468-z.,Koponen E,Cell Mol Neurobiol,2005,2006-01-05,PMC11529533,10.1007/s10571-005-8468-z
821,38827159,Influence of epinephrine reactivity to stress on meat quality in goats,"Shaik A, Batchu P, Naldurtiker A, Gurrapu P, Kouakou B, Terrill TH, Kannan G.",Transl Anim Sci. 2024 May 28;8:txae078. doi: 10.1093/tas/txae078. eCollection 2024.,Shaik A,Transl Anim Sci,2024,2024-06-03,PMC11143493,10.1093/tas/txae078
822,36169530,"Differential sensitivity of metabolic pathways in sugar beet roots to combined salt, heat, and light stress","García-Caparrós P, Vogelsang L, Persicke M, Wirtz M, Kumar V, Dietz KJ.",Physiol Plant. 2022 Sep;174(5):e13786. doi: 10.1111/ppl.13786.,García-Caparrós P,Physiol Plant,2022,2022-09-28,,10.1111/ppl.13786
823,33944778,Metabolic flexibility via mitochondrial BCAA carrier SLC25A44 is required for optimal fever,"Yoneshiro T, Kataoka N, Walejko JM, Ikeda K, Brown Z, Yoneshiro M, Crown SB, Osawa T, Sakai J, McGarrah RW, White PJ, Nakamura K, Kajimura S.",Elife. 2021 May 4;10:e66865. doi: 10.7554/eLife.66865.,Yoneshiro T,Elife,2021,2021-05-04,PMC8137140,10.7554/eLife.66865
824,27458700,The influence of aripiprazole and olanzapine on neurotransmitters level in frontal cortex of prenatally stressed rats,"Ratajczak P, Kus K, Gołembiowska K, Noworyta-Sokołowska K, Woźniak A, Zaprutko T, Nowakowska E.",Environ Toxicol Pharmacol. 2016 Sep;46:122-130. doi: 10.1016/j.etap.2016.07.007. Epub 2016 Jul 18.,Ratajczak P,Environ Toxicol Pharmacol,2016,2016-07-27,,10.1016/j.etap.2016.07.007
825,24196194,"Transcription factors and genetic circuits orchestrating the complex, multilayered response of Clostridium acetobutylicum to butanol and butyrate stress","Wang Q, Venkataramanan KP, Huang H, Papoutsakis ET, Wu CH.",BMC Syst Biol. 2013 Nov 6;7:120. doi: 10.1186/1752-0509-7-120.,Wang Q,BMC Syst Biol,2013,2013-11-08,PMC3828012,10.1186/1752-0509-7-120
826,34249363,"Juvenile moose stress and nutrition dynamics related to winter ticks, landscape characteristics, climate-mediated factors and survival","Rosenblatt E, DeBow J, Blouin J, Donovan T, Murdoch J, Creel S, Rogers W, Gieder K, Fortin N, Alexander C.",Conserv Physiol. 2021 Jul 7;9(1):coab048. doi: 10.1093/conphys/coab048. eCollection 2021.,Rosenblatt E,Conserv Physiol,2021,2021-07-12,PMC8266538,10.1093/conphys/coab048
827,39247179,Abnormal expression of natural mating behaviour of captive adult giant pandas is related to physiological stress,"Wang X, Yuan B, Huang H, Zhang X, Liu Y, Hou R, Zhang M.",Conserv Physiol. 2024 Sep 5;12(1):coae061. doi: 10.1093/conphys/coae061. eCollection 2024.,Wang X,Conserv Physiol,2024,2024-09-09,PMC11377310,10.1093/conphys/coae061
828,19120103,Serotonergic changes produced by repeated exposure to forced swimming: correlation with behavior,"Shishkina GT, Kalinina TS, Dygalo NN.",Ann N Y Acad Sci. 2008 Dec;1148:148-53. doi: 10.1196/annals.1410.074.,Shishkina GT,Ann N Y Acad Sci,2008,2009-01-06,,10.1196/annals.1410.074
829,17211693,"Inhibition of neutrophil activation by lafutidine, an H2-receptor antagonist, through enhancement of sensory neuron activation contributes to the reduction of stress-induced gastric mucosal injury in rats","Harada N, Okajima K.",Dig Dis Sci. 2007 Feb;52(2):469-77. doi: 10.1007/s10620-006-9620-4. Epub 2007 Jan 9.,Harada N,Dig Dis Sci,2007,2007-01-11,,10.1007/s10620-006-9620-4
830,34940573,Predicting Hair Cortisol and Cortisone Concentration in Postpartum Women through Repeated Measurements of Perceived Stress,"Lang J, Stickel S, Gaum PM, Habel U, Bertram J, Eickhoff SB, Chechko N.",Metabolites. 2021 Nov 29;11(12):815. doi: 10.3390/metabo11120815.,Lang J,Metabolites,2021,2021-12-23,PMC8707977,10.3390/metabo11120815
831,1115716,Human amino acid excretion patterns during and following prolonged multistressor tests,"Hale HB, Garcia JB, Ellis JP Jr, storm WF.",Aviat Space Environ Med. 1975 Feb;46(2):173-8.,Hale HB,Aviat Space Environ Med,1975,1975-02-11,,
832,25566007,Elevated cerebrospinal fluid 5-hydroxyindoleacetic acid in macaques following early life stress and inverse association with hippocampal volume: preliminary implications for serotonin-related function in mood and anxiety disorders,"Coplan JD, Fulton SL, Reiner W, Jackowski A, Panthangi V, Perera TD, Gorman JM, Huang YY, Tang CY, Hof PR, Kaffman A, Dwork AJ, Mathew SJ, Kaufman J, Mann JJ.",Front Behav Neurosci. 2014 Dec 23;8:440. doi: 10.3389/fnbeh.2014.00440. eCollection 2014.,Coplan JD,Front Behav Neurosci,2014,2015-01-08,PMC4274982,10.3389/fnbeh.2014.00440
833,26141147,Non-invasive monitoring of adrenocortical activity in captive African Penguin (Spheniscus demersus) by measuring faecal glucocorticoid metabolites,"Ozella L, Anfossi L, Di Nardo F, Pessani D.",Gen Comp Endocrinol. 2015 Dec 1;224:104-12. doi: 10.1016/j.ygcen.2015.06.014. Epub 2015 Jul 2.,Ozella L,Gen Comp Endocrinol,2015,2015-07-05,,10.1016/j.ygcen.2015.06.014
834,38347506,Response mechanism of carbon metabolism of Pinus massoniana to gradient high temperature and drought stress,"Li L, Li Y, Ding G.",BMC Genomics. 2024 Feb 12;25(1):166. doi: 10.1186/s12864-024-10054-2.,Li L,BMC Genomics,2024,2024-02-12,PMC10860282,10.1186/s12864-024-10054-2
835,36934865,Sex-specific effects of prenatal organophosphate ester (OPE) metabolite mixtures and adverse infant birth outcomes in the maternal and developmental risks from environmental and social stressors (MADRES) pregnancy cohort,"Hernandez-Castro I, Eckel SP, Howe CG, Niu Z, Kannan K, Robinson M, Foley HB, Grubbs B, Al-Marayati L, Lerner D, Lurvey N, Aung MT, Habre R, Dunton GF, Farzan SF, Breton CV, Bastain TM.",Environ Res. 2023 Jun 1;226:115703. doi: 10.1016/j.envres.2023.115703. Epub 2023 Mar 17.,Hernandez-Castro I,Environ Res,2023,2023-03-19,PMC10101931,10.1016/j.envres.2023.115703
836,19929132,Some current insights into oxidative stress,Ďuračková Z.,Physiol Res. 2010;59(4):459-469. doi: 10.33549/physiolres.931844. Epub 2009 Nov 20.,Ďuračková Z,Physiol Res,2010,2009-11-26,,10.33549/physiolres.931844
837,17016708,Relationship between limbic and cortical 5-HT neurotransmission and acquisition and reversal learning in a go/no-go task in rats,"Masaki D, Yokoyama C, Kinoshita S, Tsuchida H, Nakatomi Y, Yoshimoto K, Fukui K.",Psychopharmacology (Berl). 2006 Dec;189(2):249-58. doi: 10.1007/s00213-006-0559-0. Epub 2006 Oct 3.,Masaki D,Psychopharmacology (Berl),2006,2006-10-04,,10.1007/s00213-006-0559-0
838,23036735,Inverse urinary corticosterone and testosterone metabolite responses to different durations of restraint in the cane toad (Rhinella marina),"Narayan EJ, Hero JM, Cockrem JF.",Gen Comp Endocrinol. 2012 Dec 1;179(3):345-9. doi: 10.1016/j.ygcen.2012.09.017. Epub 2012 Oct 1.,Narayan EJ,Gen Comp Endocrinol,2012,2012-10-06,,10.1016/j.ygcen.2012.09.017
839,27033879,The effects of forest therapy on depression and anxiety in patients with chronic stroke,"Chun MH, Chang MC, Lee SJ.",Int J Neurosci. 2017 Mar;127(3):199-203. doi: 10.3109/00207454.2016.1170015. Epub 2016 Apr 10.,Chun MH,Int J Neurosci,2017,2016-04-02,,10.3109/00207454.2016.1170015
840,26831854,Fecal glucocorticoid metabolite responses to management stressors and social change in four species of callitrichine monkeys,"Wark JD, Amendolagine L, Lukas KE, Kuhar CW, Dennis PM, Snowdon CT, Schoffner T, Schook MW.",Primates. 2016 Apr;57(2):267-77. doi: 10.1007/s10329-016-0514-6. Epub 2016 Feb 1.,Wark JD,Primates,2016,2016-02-03,,10.1007/s10329-016-0514-6
841,32194190,Individual susceptibility or resistance to posttraumatic stress disorder-like behaviours,"Skórzewska A, Lehner M, Wisłowska-Stanek A, Turzyńska D, Sobolewska A, Krząścik P, Szyndler J, Maciejak P, Chmielewska N, Kołosowska K, Płaźnik A.",Behav Brain Res. 2020 May 27;386:112591. doi: 10.1016/j.bbr.2020.112591. Epub 2020 Mar 16.,Skórzewska A,Behav Brain Res,2020,2020-03-21,,10.1016/j.bbr.2020.112591
842,1387607,Metoprolol does not reduce platelet aggregability during sympatho-adrenal stimulation,"Larsson PT, Olsson G, Angelin B, Granström E, Hansson G, Hjemdahl P.",Eur J Clin Pharmacol. 1992;42(4):413-21. doi: 10.1007/BF00280128.,Larsson PT,Eur J Clin Pharmacol,1992,1992-01-01,,10.1007/BF00280128
843,28412215,"Involvement of serotonergic, noradrenergic and dopaminergic systems in the antidepressant-like effect of ginsenoside Rb1, a major active ingredient of Panax ginseng C.A. Meyer","Wang GL, He ZM, Zhu HY, Gao YG, Zhao Y, Yang H, Zhang LX.",J Ethnopharmacol. 2017 May 23;204:118-124. doi: 10.1016/j.jep.2017.04.009. Epub 2017 Apr 13.,Wang GL,J Ethnopharmacol,2017,2017-04-17,,10.1016/j.jep.2017.04.009
844,37960128,The Effect of Illumination Patterns during Mung Bean Seed Germination on the Metabolite Composition of the Sprouts,"Perchuk IN, Shelenga TV, Burlyaeva MO.",Plants (Basel). 2023 Nov 4;12(21):3772. doi: 10.3390/plants12213772.,Perchuk IN,Plants (Basel),2023,2023-11-14,PMC10649298,10.3390/plants12213772
845,23036738,"Non-invasive assessment of stress in captive numbats, Myrmecobius fasciatus (Mammalia: Marsupialia), using faecal cortisol measurement","Hogan LA, Lisle AT, Johnston SD, Robertson H.",Gen Comp Endocrinol. 2012 Dec 1;179(3):376-83. doi: 10.1016/j.ygcen.2012.09.020. Epub 2012 Oct 1.,Hogan LA,Gen Comp Endocrinol,2012,2012-10-06,,10.1016/j.ygcen.2012.09.020
846,36631319,Fecal cortisol metabolites reflect transport stress in 3-month-old dairy calves pre- and postweaning: A pilot study,"Vogt A, König von Borstel U, Waiblinger S, Palme R, Barth K.",J Dairy Sci. 2023 Mar;106(3):2124-2136. doi: 10.3168/jds.2022-22341. Epub 2023 Jan 9.,Vogt A,J Dairy Sci,2023,2023-01-11,,10.3168/jds.2022-22341
847,34289836,Variability of multi-omics profiles in a population-based child cohort,"Gallego-Paüls M, Hernández-Ferrer C, Bustamante M, Basagaña X, Barrera-Gómez J, Lau CE, Siskos AP, Vives-Usano M, Ruiz-Arenas C, Wright J, Slama R, Heude B, Casas M, Grazuleviciene R, Chatzi L, Borràs E, Sabidó E, Carracedo Á, Estivill X, Urquiza J, Coen M, Keun HC, González JR, Vrijheid M, Maitre L.",BMC Med. 2021 Jul 22;19(1):166. doi: 10.1186/s12916-021-02027-z.,Gallego-Paüls M,BMC Med,2021,2021-07-22,PMC8296694,10.1186/s12916-021-02027-z
848,15936065,Enhancement of antidepressant-like activity by joint administration of imipramine and magnesium in the forced swim test: Behavioral and pharmacokinetic studies in mice,"Poleszak E, Wlaź P, Szewczyk B, Kedzierska E, Wyska E, Librowski T, Szymura-Oleksiak J, Fidecka S, Pilc A, Nowak G.",Pharmacol Biochem Behav. 2005 Jul;81(3):524-9. doi: 10.1016/j.pbb.2005.03.017.,Poleszak E,Pharmacol Biochem Behav,2005,2005-06-07,,10.1016/j.pbb.2005.03.017
849,37261039,"The role of biofield energy treatment on psychological symptoms, mental health disorders, and stress-related quality of life in adult subjects: A randomized controlled clinical trial","Trivedi MK, Branton A, Trivedi D, Mondal S, Jana S.",J Gen Fam Med. 2023 Jan 28;24(3):154-163. doi: 10.1002/jgf2.606. eCollection 2023 May.,Trivedi MK,J Gen Fam Med,2023,2023-06-01,PMC10227731,10.1002/jgf2.606
850,37832681,Microplastics meet invasive plants: Unraveling the ecological hazards to agroecosystems,"Iqbal B, Zhao X, Khan KY, Javed Q, Nazar M, Khan I, Zhao X, Li G, Du D.",Sci Total Environ. 2024 Jan 1;906:167756. doi: 10.1016/j.scitotenv.2023.167756. Epub 2023 Oct 11.,Iqbal B,Sci Total Environ,2024,2023-10-13,,10.1016/j.scitotenv.2023.167756
851,30836104,"Non-invasive monitoring of physiological stress in an afrotropical arid-zone passerine bird, the southern pied babbler","Jepsen EM, Ganswindt A, Ngcamphalala CA, Bourne AR, Ridley AR, McKechnie AE.",Gen Comp Endocrinol. 2019 May 15;276:60-68. doi: 10.1016/j.ygcen.2019.03.002. Epub 2019 Mar 2.,Jepsen EM,Gen Comp Endocrinol,2019,2019-03-06,,10.1016/j.ygcen.2019.03.002
852,22732084,"Fecal glucocorticoid metabolites in wild yellow-bellied marmots: experimental validation, individual differences and ecological correlates","Smith JE, Monclús R, Wantuck D, Florant GL, Blumstein DT.",Gen Comp Endocrinol. 2012 Sep 1;178(2):417-26. doi: 10.1016/j.ygcen.2012.06.015. Epub 2012 Jun 23.,Smith JE,Gen Comp Endocrinol,2012,2012-06-27,,10.1016/j.ygcen.2012.06.015
853,32561434,Monitoring glucocorticoid metabolite concentrations as a proxy of environmental stress across important life-history stages in captive African penguins,"Scheun J, Gulson J, Ganswindt A.",Gen Comp Endocrinol. 2020 Sep 15;296:113539. doi: 10.1016/j.ygcen.2020.113539. Epub 2020 Jun 17.,Scheun J,Gen Comp Endocrinol,2020,2020-06-21,,10.1016/j.ygcen.2020.113539
854,37371434,Effects of Maternal Separation and Subsequent Stress on Behaviors and Brain Monoamines in Rats,"Mavrenkova PV, Khlebnikova NN, Alchinova IB, Demorzhi MS, Shoibonov BB, Karganov MY.",Brain Sci. 2023 Jun 15;13(6):956. doi: 10.3390/brainsci13060956.,Mavrenkova PV,Brain Sci,2023,2023-06-28,PMC10296712,10.3390/brainsci13060956
855,8199859,The habituation of brainstem catecholaminergic groups to chronic daily restraint stress is stress specific like that of the hypothalamo-pituitary-adrenal axis,"Lachuer J, Delton I, Buda M, Tappaz M.",Brain Res. 1994 Feb 28;638(1-2):196-202. doi: 10.1016/0006-8993(94)90650-5.,Lachuer J,Brain Res,1994,1994-02-28,,10.1016/0006-8993(94)90650-5
856,5817555,The metabolism of tritiated dopamine in regions of the rat brain in vivo. II. The significance of the neutral metabolites of catecholamines,"Taylor KM, Laverty R.",J Neurochem. 1969 Sep;16(9):1367-76. doi: 10.1111/j.1471-4159.1969.tb05988.x.,Taylor KM,J Neurochem,1969,1969-09-01,,10.1111/j.1471-4159.1969.tb05988.x
857,38712340,"The Maternal and Infant Environmental Health Riskscape study of perinatal disparities in greater Houston: rationale, study design and participant profiles","Symanski E, Whitworth KW, Mendez-Figueroa H, Aagaard KM, Moussa I, Alvarez J, Chardon Fabian A, Kannan K, Walker CL, Coarfa C, Suter MA, Salihu HM.",Front Reprod Health. 2024 Apr 22;6:1304717. doi: 10.3389/frph.2024.1304717. eCollection 2024.,Symanski E,Front Reprod Health,2024,2024-05-07,PMC11070492,10.3389/frph.2024.1304717
858,37456877,Varying intensities of chronic stress induce inconsistent responses in weight and plasma metabolites in house sparrows (Passer domesticus),"Beattie UK, Fefferman N, Romero LM.",PeerJ. 2023 Jul 10;11:e15661. doi: 10.7717/peerj.15661. eCollection 2023.,Beattie UK,PeerJ,2023,2023-07-17,PMC10340100,10.7717/peerj.15661
859,38260814,"Advancing athletic assessment by integrating conventional methods with cutting-edge biomedical technologies for comprehensive performance, wellness, and longevity insights","Spanakis M, Fragkiadaki P, Renieri E, Vakonaki E, Fragkiadoulaki I, Alegakis A, Kiriakakis M, Panagiotou N, Ntoumou E, Gratsias I, Zoubaneas E, Morozova GD, Ovchinnikova MA, Tsitsimpikou C, Tsarouhas K, Drakoulis N, Skalny AV, Tsatsakis A.",Front Sports Act Living. 2024 Jan 8;5:1327792. doi: 10.3389/fspor.2023.1327792. eCollection 2023.,Spanakis M,Front Sports Act Living,2024,2024-01-23,PMC10801261,10.3389/fspor.2023.1327792
860,9132617,[Role of the cytokine network in the CNS and psychiatric disorders],Müller N.,Nervenarzt. 1997 Jan;68(1):11-20. doi: 10.1007/s001150050092.,Müller N,Nervenarzt,1997,1997-01-01,,10.1007/s001150050092
861,17148736,The hypothalamic-pituitary-adrenal axis activity in obesity and the metabolic syndrome,"Pasquali R, Vicennati V, Cacciari M, Pagotto U.",Ann N Y Acad Sci. 2006 Nov;1083:111-28. doi: 10.1196/annals.1367.009.,Pasquali R,Ann N Y Acad Sci,2006,2006-12-07,,10.1196/annals.1367.009
862,39085133,Evaluation of the stress state based on fecal corticosterone metabolite concentrations in captive penguins in Japan,"Itoh M, Kitahara M, Sawayama N, Matsumoto N, Toyotome T, Yamada K.",J Vet Med Sci. 2024 Sep 10;86(9):992-998. doi: 10.1292/jvms.24-0112. Epub 2024 Aug 1.,Itoh M,J Vet Med Sci,2024,2024-07-31,PMC11422689,10.1292/jvms.24-0112
863,11251318,Differential stress coping in wild and domesticated sea trout,"Lepage O, Overli O, Petersson E, Järvi T, Winberg S.",Brain Behav Evol. 2000 Nov;56(5):259-68. doi: 10.1159/000047209.,Lepage O,Brain Behav Evol,2000,2001-03-17,,10.1159/000047209
864,29628193,"Metabolism, Metabolomics, and Inflammation in Posttraumatic Stress Disorder","Mellon SH, Gautam A, Hammamieh R, Jett M, Wolkowitz OM.",Biol Psychiatry. 2018 May 15;83(10):866-875. doi: 10.1016/j.biopsych.2018.02.007. Epub 2018 Feb 22.,Mellon SH,Biol Psychiatry,2018,2018-04-10,,10.1016/j.biopsych.2018.02.007
865,29794260,Spectroscopic differences in posterior insula in patients with chronic temporomandibular pain,"Harfeldt K, Alexander L, Lam J, Månsson S, Westergren H, Svensson P, Sundgren PC, Alstergren P.",Scand J Pain. 2018 Jul 26;18(3):351-361. doi: 10.1515/sjpain-2017-0159.,Harfeldt K,Scand J Pain,2018,2018-05-26,,10.1515/sjpain-2017-0159
866,36841068,Daphnia magna sub-lethal exposure to phthalate pollutants elicits disruptions in amino acid and energy metabolism,"Oliveira Pereira EA, Labine LM, Kleywegt S, Jobst KJ, Simpson AJ, Simpson MJ.",Aquat Toxicol. 2023 Apr;257:106432. doi: 10.1016/j.aquatox.2023.106432. Epub 2023 Feb 23.,Oliveira Pereira EA,Aquat Toxicol,2023,2023-02-25,,10.1016/j.aquatox.2023.106432
867,9192217,"Neurotoxicity of long-term low-level exposure to carbon disulphide: results of questionnaire, clinical neurological examination and neuropsychological testing","Reinhardt F, Drexler H, Bickel A, Claus D, Angerer J, Ulm K, Lehnert G, Neundörfer B.",Int Arch Occup Environ Health. 1997;69(5):332-8. doi: 10.1007/s004200050156.,Reinhardt F,Int Arch Occup Environ Health,1997,1997-01-01,,10.1007/s004200050156
868,11895114,Brief and repeated noise exposure produces different morphological and biochemical effects in noradrenaline and adrenaline cells of adrenal medulla,"Gesi M, Lenzi P, Alessandri MG, Ferrucci M, Fornai F, Paparelli A.",J Anat. 2002 Feb;200(Pt 2):159-68. doi: 10.1046/j.0021-8782.2001.00014.x.,Gesi M,J Anat,2002,2002-03-16,PMC1570642,10.1046/j.0021-8782.2001.00014.x
869,33249139,Metabolomics in posttraumatic stress disorder: Untargeted metabolomic analysis of plasma samples from Croatian war veterans,"Konjevod M, Nedic Erjavec G, Nikolac Perkovic M, Sáiz J, Tudor L, Uzun S, Kozumplik O, Svob Strac D, Zarkovic N, Pivac N.",Free Radic Biol Med. 2021 Jan;162:636-641. doi: 10.1016/j.freeradbiomed.2020.11.024. Epub 2020 Nov 27.,Konjevod M,Free Radic Biol Med,2021,2020-11-29,,10.1016/j.freeradbiomed.2020.11.024
870,32786855,Serum Metabonomic Study on the Antidepressant-like Effects of Ellagic Acid in a Chronic Unpredictable Mild Stress-Induced Mouse Model,"Huang X, Li W, You B, Tang W, Gan T, Feng C, Li C, Yang R.",J Agric Food Chem. 2020 Sep 2;68(35):9546-9556. doi: 10.1021/acs.jafc.0c02895. Epub 2020 Aug 21.,Huang X,J Agric Food Chem,2020,2020-08-14,,10.1021/acs.jafc.0c02895
871,27293648,A review of factors influencing the stress response in Australian marsupials,"Hing S, Narayan E, Thompson RC, Godfrey S.",Conserv Physiol. 2014 Jul 23;2(1):cou027. doi: 10.1093/conphys/cou027. eCollection 2014.,Hing S,Conserv Physiol,2014,2016-06-14,PMC4732483,10.1093/conphys/cou027
872,16375889,"Gaultherin, a natural salicylate derivative from Gaultheria yunnanensis: towards a better non-steroidal anti-inflammatory drug","Zhang B, He XL, Ding Y, Du GH.",Eur J Pharmacol. 2006 Jan 13;530(1-2):166-71. doi: 10.1016/j.ejphar.2005.11.030. Epub 2005 Dec 22.,Zhang B,Eur J Pharmacol,2006,2005-12-27,,10.1016/j.ejphar.2005.11.030
873,31699313,Gut microbiota mediated allostasis prevents stress-induced neuroinflammatory risk factors of Alzheimer's disease,"Westfall S, Iqbal U, Sebastian M, Pasinetti GM.",Prog Mol Biol Transl Sci. 2019;168:147-181. doi: 10.1016/bs.pmbts.2019.06.013. Epub 2019 Jul 4.,Westfall S,Prog Mol Biol Transl Sci,2019,2019-11-09,,10.1016/bs.pmbts.2019.06.013
874,38437637,Stressing Out Cancer: Chronic Stress Induces Dysbiosis and Enhances Colon Cancer Growth,"McCollum SE, Shah YM.",Cancer Res. 2024 Mar 4;84(5):645-647. doi: 10.1158/0008-5472.CAN-23-3871.,McCollum SE,Cancer Res,2024,2024-03-04,PMC12176054,10.1158/0008-5472.CAN-23-3871
875,23376434,"Post-slaughter changes in ATP metabolites, reducing and phosphorylated sugars in chicken meat","Aliani M, Farmer LJ, Kennedy JT, Moss BW, Gordon A.",Meat Sci. 2013 May;94(1):55-62. doi: 10.1016/j.meatsci.2012.11.032. Epub 2012 Nov 19.,Aliani M,Meat Sci,2013,2013-02-05,,10.1016/j.meatsci.2012.11.032
876,22975930,An investigation of the antidepressant action of xiaoyaosan in rats using ultra performance liquid chromatography-mass spectrometry combined with metabonomics,"Gao XX, Cui J, Zheng XY, Li ZY, Choi YH, Zhou YZ, Tian JS, Xing J, Tan XJ, Du GH, Qin XM.",Phytother Res. 2013 Jul;27(7):1074-85. doi: 10.1002/ptr.4805. Epub 2012 Sep 13.,Gao XX,Phytother Res,2013,2012-09-15,,10.1002/ptr.4805
877,31483790,Individual and environmental risk factors associated with fecal glucocorticoid metabolite concentrations in zoo-housed Asian and African elephants,"Brown JL, Carlstead K, Bray JD, Dickey D, Farin C, Ange-van Heugten K.",PLoS One. 2019 Sep 4;14(9):e0217326. doi: 10.1371/journal.pone.0217326. eCollection 2019.,Brown JL,PLoS One,2019,2019-09-05,PMC6726191,10.1371/journal.pone.0217326
878,15664022,Enhanced yolk testosterone influences behavioral phenotype independent of sex in Japanese quail chicks Coturnix japonica,"Niall Daisley J, Bromundt V, Möstl E, Kotrschal K.",Horm Behav. 2005 Feb;47(2):185-94. doi: 10.1016/j.yhbeh.2004.09.006. Epub 2004 Dec 15.,Niall Daisley J,Horm Behav,2005,2005-01-25,,10.1016/j.yhbeh.2004.09.006
879,36287884,The Effects of Single and Combined Stressors on Daphnids-Enzyme Markers of Physiology and Metabolomics Validate the Impact of Pollution,"Michalaki A, McGivern AR, Poschet G, Büttner M, Altenburger R, Grintzalis K.",Toxics. 2022 Oct 12;10(10):604. doi: 10.3390/toxics10100604.,Michalaki A,Toxics,2022,2022-10-26,PMC9609890,10.3390/toxics10100604
880,30963902,Stress behaviour and physiology of developing Arctic barnacle goslings ( Branta leucopsis) is affected by legacy trace contaminants,"Scheiber IBR, Weiß BM, de Jong ME, Braun A, van den Brink NW, Loonen MJJE, Millesi E, Komdeur J.",Proc Biol Sci. 2018 Dec 19;285(1893):20181866. doi: 10.1098/rspb.2018.1866.,Scheiber IBR,Proc Biol Sci,2018,2019-04-10,PMC6304058,10.1098/rspb.2018.1866
881,26020308,Stress assessment in captive greylag geese (Anser anser),"Scheiber IB, Sterenborg M, Komdeur J.",J Anim Sci. 2015 May;93(5):2124-33. doi: 10.2527/jas.2014-8523.,Scheiber IB,J Anim Sci,2015,2015-05-29,,10.2527/jas.2014-8523
882,31687147,"Non-invasive monitoring of adrenocortical physiology in a threatened Australian marsupial, the western quoll (Dasyurus geoffroii)","Jensen MA, Moseby KE, Paton DC, Fanson KV.",Conserv Physiol. 2019 Oct 31;7(1):coz069. doi: 10.1093/conphys/coz069. eCollection 2019.,Jensen MA,Conserv Physiol,2019,2019-11-06,PMC6822536,10.1093/conphys/coz069
883,24908399,Physiological response to etho-ecological stressors in male Alpine chamois: timescale matters!,"Corlatti L, Palme R, Lovari S.",Naturwissenschaften. 2014 Jul;101(7):577-86. doi: 10.1007/s00114-014-1195-x. Epub 2014 Jun 8.,Corlatti L,Naturwissenschaften,2014,2014-06-09,,10.1007/s00114-014-1195-x
884,25688636,Programming the brain and behaviour by early-life stress: a focus on neuroactive steroids,Brunton PJ.,J Neuroendocrinol. 2015 Jun;27(6):468-80. doi: 10.1111/jne.12265.,Brunton PJ,J Neuroendocrinol,2015,2015-02-18,,10.1111/jne.12265
885,35493307,"Sansoninto attenuates aggressive behavior and increases levels of homovanillic acid, a dopamine metabolite, in social isolation-reared mice","Watanabe T, Iba H, Moriyama H, Kubota K, Katsurabayashi S, Iwasaki K.",J Tradit Complement Med. 2021 Aug 10;12(3):243-249. doi: 10.1016/j.jtcme.2021.08.006. eCollection 2022 May.,Watanabe T,J Tradit Complement Med,2021,2022-05-02,PMC9039115,10.1016/j.jtcme.2021.08.006
886,37967778,Total alditols from Cistanche deserticola attenuate functional constipation by regulating bile acid metabolism,"Yin H, Gao X, Yang H, Xu Z, Wang X, Wang X, Gao Y, Shi Z, Chen X, Cao L, Zhang C, Wang Z, Hu H, Xiao W.",J Ethnopharmacol. 2024 Feb 10;320:117420. doi: 10.1016/j.jep.2023.117420. Epub 2023 Nov 13.,Yin H,J Ethnopharmacol,2024,2023-11-15,,10.1016/j.jep.2023.117420
887,39275313,Revealing Interactions of Gut Microbiota and Metabolite in Confined Environments Using High-Throughput Sequencing and Metabolomic Analysis,"Wang Z, Xu H, Song X, Chen Z, Wang G, Yang Y, Zhu B, Ai L, Liu C, Zhang Y, Yang Y, Wang C, Xia Y.",Nutrients. 2024 Sep 5;16(17):2998. doi: 10.3390/nu16172998.,Wang Z,Nutrients,2024,2024-09-14,PMC11397237,10.3390/nu16172998
888,28852509,A right whale pootree: classification trees of faecal hormones identify reproductive states in North Atlantic right whales (Eubalaena glacialis),"Corkeron P, Rolland RM, Hunt KE, Kraus SD.",Conserv Physiol. 2017 Mar 9;5(1):cox006. doi: 10.1093/conphys/cox006. eCollection 2017.,Corkeron P,Conserv Physiol,2017,2017-08-31,PMC5570057,10.1093/conphys/cox006
889,15158127,Noninvasive monitoring of adrenocortical activity in carnivores by fecal glucocorticoid analyses,"Young KM, Walker SL, Lanthier C, Waddell WT, Monfort SL, Brown JL.",Gen Comp Endocrinol. 2004 Jun;137(2):148-65. doi: 10.1016/j.ygcen.2004.02.016.,Young KM,Gen Comp Endocrinol,2004,2004-05-26,,10.1016/j.ygcen.2004.02.016
890,27876634,Individual and interactive sex-specific effects of acute restraint and systemic IFN-γ treatment on neurochemistry,"Litteljohn D, Rudyk C, Razmjou S, Dwyer Z, Syed S, Hayley S.",Neurochem Int. 2017 Jan;102:95-104. doi: 10.1016/j.neuint.2016.11.005. Epub 2016 Nov 19.,Litteljohn D,Neurochem Int,2017,2016-11-24,,10.1016/j.neuint.2016.11.005
891,18092912,Comparative approaches to the investigation of responses to stress and viral infection in cattle,"Aich P, Jalal S, Czuba C, Schatte G, Herzog K, Olson DJ, Ross AR, Potter AA, Babiuk LA, Griebel P.",OMICS. 2007 Winter;11(4):413-34. doi: 10.1089/omi.2007.0023.,Aich P,OMICS,2007,2007-12-21,,10.1089/omi.2007.0023
892,37429932,Metabolic profiles of saliva in male mouse models of chronic sleep disorders induced by psychophysiological stress,"Oishi K, Yajima Y, Yoshida Y, Hagihara H, Miyakawa T, Higo-Yamamoto S, Toyoda A.",Sci Rep. 2023 Jul 10;13(1):11156. doi: 10.1038/s41598-023-38289-1.,Oishi K,Sci Rep,2023,2023-07-10,PMC10333369,10.1038/s41598-023-38289-1
893,24445306,Oxylipin diversity in the diatom family Leptocylindraceae reveals DHA derivatives in marine diatoms,"Nanjappa D, d'Ippolito G, Gallo C, Zingone A, Fontana A.",Mar Drugs. 2014 Jan 17;12(1):368-84. doi: 10.3390/md12010368.,Nanjappa D,Mar Drugs,2014,2014-01-22,PMC3917278,10.3390/md12010368
894,17092818,"Sphingolipid metabolism, apoptosis and resistance to cytotoxic agents: can we interfere?","Rizzieri KE, Hannun YA.",Drug Resist Updat. 1998;1(6):359-76. doi: 10.1016/s1368-7646(98)80012-5.,Rizzieri KE,Drug Resist Updat,1998,2006-11-10,,10.1016/s1368-7646(98)80012-5
895,31119676,Metabolomic Applications in Radiation Biodosimetry,Laiakis EC.,Methods Mol Biol. 2019;1978:391-402. doi: 10.1007/978-1-4939-9236-2_24.,Laiakis EC,Methods Mol Biol,2019,2019-05-24,,10.1007/978-1-4939-9236-2_24
896,29625656,"Roles of phospholipid methyltransferases in pycnidia development, stress tolerance and secondary metabolism in the taxol-producing fungus Pestalotiopsis microspore","Akhberdi O, Zhang Q, Wang H, Li Y, Chen L, Wang D, Yu X, Wei D, Zhu X.",Microbiol Res. 2018 May;210:33-42. doi: 10.1016/j.micres.2018.03.001. Epub 2018 Mar 8.,Akhberdi O,Microbiol Res,2018,2018-04-08,,10.1016/j.micres.2018.03.001
897,18821421,Role of exhaled breath biomarkers in environmental health science,Pleil JD.,J Toxicol Environ Health B Crit Rev. 2008 Oct;11(8):613-29. doi: 10.1080/10937400701724329.,Pleil JD,J Toxicol Environ Health B Crit Rev,2008,2008-09-30,,10.1080/10937400701724329
898,39293757,Prenatal exposure to phthalates and childhood wheeze and asthma in the PROGRESS cohort,"Alcala CS, Lamadrid-Figueroa H, Tamayo-Ortiz M, Mercado-Garcia A, Midya V, Just AC, Foppa-Pedretti N, Colicino E, Téllez-Rojo MM, Wright RO, Wright RJ, Carroll KN, Rosa MJ.",Sci Total Environ. 2024 Dec 1;954:176311. doi: 10.1016/j.scitotenv.2024.176311. Epub 2024 Sep 16.,Alcala CS,Sci Total Environ,2024,2024-09-18,PMC11567787,10.1016/j.scitotenv.2024.176311
899,31613407,Vitamin A deficiency impairs contextual fear memory in rats: Abnormalities in the glucocorticoid pathway,"Bonhomme D, Alfos S, Webster SP, Wolff M, Pallet V, Touyarot K.",J Neuroendocrinol. 2019 Nov;31(11):e12802. doi: 10.1111/jne.12802. Epub 2019 Nov 13.,Bonhomme D,J Neuroendocrinol,2019,2019-10-16,,10.1111/jne.12802
900,39089569,L-Cysteine: A promising nutritional supplement for alleviating anxiety disorders,"Liu RX, Song DK, Zhang YY, Gong HX, Jin YC, Wang XS, Jiang YL, Yan YX, Lu BN, Wu YM, Wang M, Li XB, Zhang K, Liu SB.",Neuroscience. 2024 Sep 13;555:213-221. doi: 10.1016/j.neuroscience.2024.07.038. Epub 2024 Jul 31.,Liu RX,Neuroscience,2024,2024-08-01,,10.1016/j.neuroscience.2024.07.038
901,19017122,Global change effects on plant chemical defenses against insect herbivores,"Bidart-Bouzat MG, Imeh-Nathaniel A.",J Integr Plant Biol. 2008 Nov;50(11):1339-54. doi: 10.1111/j.1744-7909.2008.00751.x.,Bidart-Bouzat MG,J Integr Plant Biol,2008,2008-11-20,,10.1111/j.1744-7909.2008.00751.x
902,14666258,Effect of the establishment of dominance relationships on cortisol and other metabolic parameters in Nile tilapia (Oreochromis niloticus),"Corrêa SA, Fernandes MO, Iseki KK, Negrão JA.",Braz J Med Biol Res. 2003 Dec;36(12):1725-31. doi: 10.1590/s0100-879x2003001200015. Epub 2003 Nov 17.,Corrêa SA,Braz J Med Biol Res,2003,2003-12-11,,10.1590/s0100-879x2003001200015
903,35562542,Acquisition of threat responses are associated with elevated plasma concentration of endocannabinoids in male humans,"Weisser S, Mueller M, Rauh J, Esser R, Fuss J, Lutz B, Haaker J.",Neuropsychopharmacology. 2022 Oct;47(11):1931-1938. doi: 10.1038/s41386-022-01320-6. Epub 2022 May 13.,Weisser S,Neuropsychopharmacology,2022,2022-05-13,PMC9485143,10.1038/s41386-022-01320-6
904,29958413,Assessment of Commercially Available Immunoassays to Measure Glucocorticoid Metabolites in African Grey Parrot (Psittacus Erithacus) Droppings: A Ready Tool for Non-Invasive Monitoring of Stress,"Bienboire-Frosini C, Alnot-Perronin M, Chabaud C, Asproni P, Lafont-Lecuelle C, Cozzi A, Pageat P.",Animals (Basel). 2018 Jun 28;8(7):105. doi: 10.3390/ani8070105.,Bienboire-Frosini C,Animals (Basel),2018,2018-07-01,PMC6071241,10.3390/ani8070105
905,24637886,"Gender, season and management affect fecal glucocorticoid metabolite concentrations in captive goral (Naemorhedus griseus) in Thailand","Khonmee J, Brown JL, Rojanasthien S, Aunsusin A, Thumasanukul D, Kongphoemphun A, Siriaroonrat B, Tipkantha W, Punyapornwithaya V, Thitaram C.",PLoS One. 2014 Mar 17;9(3):e91633. doi: 10.1371/journal.pone.0091633. eCollection 2014.,Khonmee J,PLoS One,2014,2014-03-19,PMC3956719,10.1371/journal.pone.0091633
906,36291497,The Joint Effect of Perceived Psychosocial Stress and Phthalate Exposure on Hormonal Concentrations during the Early Stage of Pregnancy: A Cross-Sectional Study,"Hlisníková H, Nagyová M, Kolena B, Mlynček M, Trnovec T, Petrovičová I.",Children (Basel). 2022 Oct 15;9(10):1561. doi: 10.3390/children9101561.,Hlisníková H,Children (Basel),2022,2022-10-27,PMC9601203,10.3390/children9101561
907,17575190,The effect of feed withdrawal and crating density in transit on metabolism and meat quality of broilers at slaughter weight,"Delezie E, Swennen Q, Buyse J, Decuypere E.",Poult Sci. 2007 Jul;86(7):1414-23. doi: 10.1093/ps/86.7.1414.,Delezie E,Poult Sci,2007,2007-06-19,,10.1093/ps/86.7.1414
908,30971326,"Clinical, Physiologic, and Behavioral Evaluation of Permanently Catheterized NMRI Mice","Falkenberg MK, Teilmann AC, Henriksen T, Hau J, Poulsen HE, Abelson KS.",J Am Assoc Lab Anim Sci. 2019 May 1;58(3):380-389. doi: 10.30802/AALAS-JAALAS-18-000060. Epub 2019 Apr 10.,Falkenberg MK,J Am Assoc Lab Anim Sci,2019,2019-04-12,PMC6526486,10.30802/AALAS-JAALAS-18-000060
909,33994977,Early Life Stress and the Fate of Kynurenine Pathway Metabolites,"Coplan JD, George R, Syed SA, Rozenboym AV, Tang JE, Fulton SL, Perera TD.",Front Hum Neurosci. 2021 Apr 29;15:636144. doi: 10.3389/fnhum.2021.636144. eCollection 2021.,Coplan JD,Front Hum Neurosci,2021,2021-05-17,PMC8117097,10.3389/fnhum.2021.636144
910,18443799,Effects of corticosteroids on oxidative damage and circulating carotenoids in captive adult kestrels (Falco tinnunculus),"Costantini D, Fanfani A, Dell'omo G.",J Comp Physiol B. 2008 Sep;178(7):829-35. doi: 10.1007/s00360-008-0270-z. Epub 2008 Apr 29.,Costantini D,J Comp Physiol B,2008,2008-04-30,,10.1007/s00360-008-0270-z
911,33611208,Chronic pesticide exposure elicits a subtle carry-over effect on the metabolome of Aurelia coerulea ephyrae,"Olguín-Jacobson C, Pitt KA, Carroll AR, Melvin SD.",Environ Pollut. 2021 Apr 15;275:116641. doi: 10.1016/j.envpol.2021.116641. Epub 2021 Feb 3.,Olguín-Jacobson C,Environ Pollut,2021,2021-02-21,,10.1016/j.envpol.2021.116641
912,27293667,Stress physiology of migrant birds during stopover in natural and anthropogenic woodland habitats of the Northern Prairie region,"Liu M, Swanson DL.",Conserv Physiol. 2014 Oct 11;2(1):cou046. doi: 10.1093/conphys/cou046. eCollection 2014.,Liu M,Conserv Physiol,2014,2016-06-14,PMC4806743,10.1093/conphys/cou046
913,30902723,The impact of holding stressors on the immune function and haemolymph biochemistry of Southern Rock Lobsters (Jasus edwardsii),"Day RD, Fitzgibbon QP, Gardner C.",Fish Shellfish Immunol. 2019 Jun;89:660-671. doi: 10.1016/j.fsi.2019.03.043. Epub 2019 Mar 20.,Day RD,Fish Shellfish Immunol,2019,2019-03-24,,10.1016/j.fsi.2019.03.043
914,34554596,Responsiveness of fecal immunoglobulin A to HPA-axis activation limits its use for mucosal immunity assessment,"Behringer V, Müller-Klein N, Strube C, Schülke O, Heistermann M, Ostner J.",Am J Primatol. 2021 Dec;83(12):e23329. doi: 10.1002/ajp.23329. Epub 2021 Sep 23.,Behringer V,Am J Primatol,2021,2021-09-23,,10.1002/ajp.23329
915,20606851,Fatigue in cancer: a review of literature,"Narayanan V, Koshy C.",Indian J Palliat Care. 2009 Jan;15(1):19-25. doi: 10.4103/0973-1075.53507.,Narayanan V,Indian J Palliat Care,2009,2010-07-08,PMC2886215,10.4103/0973-1075.53507
916,21237957,UV-B as an environmental factor in plant life: stress and regulation,"Rozema J, van de Staaij J, Björn LO, Caldwell M.",Trends Ecol Evol. 1997 Jan;12(1):22-8. doi: 10.1016/s0169-5347(96)10062-8.,Rozema J,Trends Ecol Evol,1997,2011-01-18,,10.1016/s0169-5347(96)10062-8
917,26507319,Single- versus Multiple-Pest Infestation Affects Differently the Biochemistry of Tomato (Solanum lycopersicum 'Ailsa Craig'),"Errard A, Ulrichs C, Kühne S, Mewis I, Drungowski M, Schreiner M, Baldermann S.",J Agric Food Chem. 2015 Nov 25;63(46):10103-11. doi: 10.1021/acs.jafc.5b03884. Epub 2015 Nov 11.,Errard A,J Agric Food Chem,2015,2015-10-29,,10.1021/acs.jafc.5b03884
918,38701755,Microbial metabolite steers intestinal stem cell fate under stress,"Zhu S, Pan W.",Cell Stem Cell. 2024 May 2;31(5):591-592. doi: 10.1016/j.stem.2024.04.006.,Zhu S,Cell Stem Cell,2024,2024-05-03,,10.1016/j.stem.2024.04.006
919,28757434,Adrenal responses of large whales: Integrating fecal aldosterone as a complementary biomarker to glucocorticoids,"Burgess EA, Hunt KE, Kraus SD, Rolland RM.",Gen Comp Endocrinol. 2017 Oct 1;252:103-110. doi: 10.1016/j.ygcen.2017.07.026. Epub 2017 Jul 27.,Burgess EA,Gen Comp Endocrinol,2017,2017-08-01,,10.1016/j.ygcen.2017.07.026
920,38199129,Prenatal exposures to phthalates and life events stressors in relation to child behavior at age 4-6: A combined cohort analysis,"Barrett ES, Day DB, Szpiro A, Peng J, Loftus CT, Ziausyte U, Kannan K, Trasande L, Zhao Q, Nguyen RHN, Swan S, Karr CJ, LeWinn KZ, Sathyanarayana S, Bush NR.",Environ Int. 2024 Jan;183:108425. doi: 10.1016/j.envint.2024.108425. Epub 2024 Jan 4.,Barrett ES,Environ Int,2024,2024-01-10,PMC10863744,10.1016/j.envint.2024.108425
921,37020274,"Isha yoga practices, vegan diet, and participation in Samyama meditation retreat: impact on the gut microbiome & metabolome - a non-randomized trial","Raman M, Vishnubhotla R, Ramay HR, Gonçalves MCB, Shin AS, Pawale D, Subramaniam B, Sadhasivam S.",BMC Complement Med Ther. 2023 Apr 5;23(1):107. doi: 10.1186/s12906-023-03935-8.,Raman M,BMC Complement Med Ther,2023,2023-04-05,PMC10074366,10.1186/s12906-023-03935-8
922,36768506,Functional Characterization of the GNAT Family Histone Acetyltransferase Elp3 and GcnE in Aspergillus fumigatus,"Choi YH, Park SH, Kim SS, Lee MW, Yu JH, Shin KS.",Int J Mol Sci. 2023 Jan 22;24(3):2179. doi: 10.3390/ijms24032179.,Choi YH,Int J Mol Sci,2023,2023-02-11,PMC9916960,10.3390/ijms24032179
923,29143171,"Neonicotinoid insecticides in pollen, honey and adult bees in colonies of the European honey bee (Apis mellifera L.) in Egypt","Codling G, Naggar YA, Giesy JP, Robertson AJ.",Ecotoxicology. 2018 Mar;27(2):122-131. doi: 10.1007/s10646-017-1876-2. Epub 2017 Nov 15.,Codling G,Ecotoxicology,2018,2017-11-17,,10.1007/s10646-017-1876-2
924,29777687,"Physiological stress responses in wild Asian elephants Elephas maximus in a human-dominated landscape in the Western Ghats, southern India","Vijayakrishnan S, Kumar MA, Umapathy G, Kumar V, Sinha A.",Gen Comp Endocrinol. 2018 Sep 15;266:150-156. doi: 10.1016/j.ygcen.2018.05.009. Epub 2018 May 17.,Vijayakrishnan S,Gen Comp Endocrinol,2018,2018-05-20,,10.1016/j.ygcen.2018.05.009
925,32827982,Polycyclic aromatic compounds (PACs) in the Canadian environment: The challenges of ecological risk assessments,"Hodson PV, Wallace SJ, de Solla SR, Head SJ, Hepditch SLJ, Parrott JL, Thomas PJ, Berthiaume A, Langlois VS.",Environ Pollut. 2020 Nov;266(Pt 2):115165. doi: 10.1016/j.envpol.2020.115165. Epub 2020 Jul 9.,Hodson PV,Environ Pollut,2020,2020-08-23,,10.1016/j.envpol.2020.115165
926,10414778,The influence of various factors on immune toxicity assessment of pesticide chemicals,Banerjee BD.,Toxicol Lett. 1999 Jun 30;107(1-3):21-31. doi: 10.1016/s0378-4274(99)00028-4.,Banerjee BD,Toxicol Lett,1999,1999-07-22,,10.1016/s0378-4274(99)00028-4
927,2957606,The effects of footshock stress on regional brain dopamine metabolism and pituitary beta-endorphin release in rats previously sensitized to amphetamine,"Robinson TE, Becker JB, Young EA, Akil H, Castaneda E.",Neuropharmacology. 1987 Jul;26(7A):679-91. doi: 10.1016/0028-3908(87)90228-0.,Robinson TE,Neuropharmacology,1987,1987-07-01,,10.1016/0028-3908(87)90228-0
928,34757242,The microenvironment of ovarian follicles in fertile dairy cows is associated with high oocyte quality,"Reed CB, Meier S, Murray LA, Burke CR, Pitman JL.",Theriogenology. 2022 Jan 1;177:195-205. doi: 10.1016/j.theriogenology.2021.10.022. Epub 2021 Oct 19.,Reed CB,Theriogenology,2022,2021-11-10,,10.1016/j.theriogenology.2021.10.022
929,26478011,One size does not fit all: Monitoring faecal glucocorticoid metabolites in marsupials,"Fanson KV, Best EC, Bunce A, Fanson BG, Hogan LA, Keeley T, Narayan EJ, Palme R, Parrott ML, Sharp TM, Skogvold K, Tuthill L, Webster KN, Bashaw M.",Gen Comp Endocrinol. 2017 Apr 1;244:146-156. doi: 10.1016/j.ygcen.2015.10.011. Epub 2015 Oct 23.,Fanson KV,Gen Comp Endocrinol,2017,2015-10-20,,10.1016/j.ygcen.2015.10.011
930,25786212,Strategies for individual phenotyping of linoleic and arachidonic acid metabolism using an oral glucose tolerance test,"Saccenti E, van Duynhoven J, Jacobs DM, Smilde AK, Hoefsloot HC.",PLoS One. 2015 Mar 18;10(3):e0119856. doi: 10.1371/journal.pone.0119856. eCollection 2015.,Saccenti E,PLoS One,2015,2015-03-19,PMC4364740,10.1371/journal.pone.0119856
931,20888191,Adolescent escitalopram administration modifies neurochemical alterations in the hippocampus of maternally separated rats,"Hui J, Zhang Z, Liu S, Xi G, Zhang X, Teng G, Chan KC, Wu EX, Nie B, Shan B, Li L, Reynolds GP.",Eur Neuropsychopharmacol. 2010 Dec;20(12):875-83. doi: 10.1016/j.euroneuro.2010.08.010.,Hui J,Eur Neuropsychopharmacol,2010,2010-10-05,,10.1016/j.euroneuro.2010.08.010
932,35150676,Community metabolomics provides insights into mechanisms of pollution-induced community tolerance of periphyton,"Lips S, Larras F, Schmitt-Jansen M.",Sci Total Environ. 2022 Jun 10;824:153777. doi: 10.1016/j.scitotenv.2022.153777. Epub 2022 Feb 9.,Lips S,Sci Total Environ,2022,2022-02-12,,10.1016/j.scitotenv.2022.153777
933,28011409,"Geographic variation and within-individual correlations of physiological stress markers in a widespread reptile, the common garter snake (Thamnophis sirtalis)","Gangloff EJ, Sparkman AM, Holden KG, Corwin CJ, Topf M, Bronikowski AM.",Comp Biochem Physiol A Mol Integr Physiol. 2017 Mar;205:68-76. doi: 10.1016/j.cbpa.2016.12.019. Epub 2016 Dec 21.,Gangloff EJ,Comp Biochem Physiol A Mol Integr Physiol,2017,2016-12-25,,10.1016/j.cbpa.2016.12.019
934,27886113,Predictors of Urinary 3-Phenoxybenzoic Acid Levels in 50 North Carolina Adults,"Morgan M, Jones P, Sobus J, Boyd Barr D.",Int J Environ Res Public Health. 2016 Nov 23;13(11):1172. doi: 10.3390/ijerph13111172.,Morgan M,Int J Environ Res Public Health,2016,2016-11-26,PMC5129381,10.3390/ijerph13111172
935,19426257,The sensitive hare: sublethal effects of predator stress on reproduction in snowshoe hares,"Sheriff MJ, Krebs CJ, Boonstra R.",J Anim Ecol. 2009 Nov;78(6):1249-58. doi: 10.1111/j.1365-2656.2009.01552.x. Epub 2009 Apr 23.,Sheriff MJ,J Anim Ecol,2009,2009-05-12,,10.1111/j.1365-2656.2009.01552.x
936,23474330,Associations between social behaviour and adrenal activity in female Barbary macaques: consequences of study design,"Edwards KL, Walker SL, Bodenham RF, Ritchie H, Shultz S.",Gen Comp Endocrinol. 2013 Jun 1;186:72-9. doi: 10.1016/j.ygcen.2013.02.023. Epub 2013 Mar 5.,Edwards KL,Gen Comp Endocrinol,2013,2013-03-12,,10.1016/j.ygcen.2013.02.023
937,24523250,Effects of management strategies on glucocorticoids and behavior in Indian rhinoceros (Rhinoceros unicornis): translocation and operant conditioning,"Capiro JM, Stoops MA, Freeman EW, Clawson D, Schook MW.",Zoo Biol. 2014 Mar-Apr;33(2):131-43. doi: 10.1002/zoo.21119. Epub 2014 Feb 13.,Capiro JM,Zoo Biol,2014,2014-02-14,,10.1002/zoo.21119
938,27908659,Public exposure and number of conspecifics have no influence on ovarian and adrenal activity in the cheetah (Acinonyx jubatus),"Koester DC, Wildt DE, Brown JL, Meeks K, Crosier AE.",Gen Comp Endocrinol. 2017 Mar 1;243:120-129. doi: 10.1016/j.ygcen.2016.11.010. Epub 2016 Nov 28.,Koester DC,Gen Comp Endocrinol,2017,2016-12-03,,10.1016/j.ygcen.2016.11.010
939,32325851,Exercise Training Combined with Bifidobacterium longum OLP-01 Supplementation Improves Exercise Physiological Adaption and Performance,"Huang WC, Hsu YJ, Huang CC, Liu HC, Lee MC.",Nutrients. 2020 Apr 19;12(4):1145. doi: 10.3390/nu12041145.,Huang WC,Nutrients,2020,2020-04-25,PMC7231274,10.3390/nu12041145
940,28163803,Estrogen- and stress-induced DNA damage in breast cancer and chemoprevention with dietary flavonoid,"Yasuda MT, Sakakibara H, Shimoi K.",Genes Environ. 2017 Feb 1;39:10. doi: 10.1186/s41021-016-0071-7. eCollection 2017.,Yasuda MT,Genes Environ,2017,2017-02-07,PMC5286800,10.1186/s41021-016-0071-7
941,33513198,Stress reactivity near birth affects nest building timing and offspring number and survival in the European rabbit (Oryctolagus cuniculus),"Benedek I, Altbӓcker V, Molnár T.",PLoS One. 2021 Jan 29;16(1):e0246258. doi: 10.1371/journal.pone.0246258. eCollection 2021.,Benedek I,PLoS One,2021,2021-01-29,PMC7845978,10.1371/journal.pone.0246258
942,24791015,Rank effects on social stress in lactating chimpanzees,"Markham AC, Santymire RM, Lonsdorf EV, Heintz MR, Lipende I, Murray CM.",Anim Behav. 2014 Jan;87:195-202. doi: 10.1016/j.anbehav.2013.10.031.,Markham AC,Anim Behav,2014,2014-05-03,PMC4004704,10.1016/j.anbehav.2013.10.031
943,34531716,Lactobacillus paracasei Supplementation Prevents Early Life Stress-Induced Anxiety and Depressive-Like Behavior in Maternal Separation Model-Possible Involvement of Microbiota-Gut-Brain Axis in Differential Regulation of MicroRNA124a/132 and Glutamate Receptors,"Karen C, Shyu DJH, Rajan KE.",Front Neurosci. 2021 Aug 31;15:719933. doi: 10.3389/fnins.2021.719933. eCollection 2021.,Karen C,Front Neurosci,2021,2021-09-17,PMC8438336,10.3389/fnins.2021.719933
944,29783758,Investigation of Daphnia magna Sub-Lethal Exposure to Organophosphate Esters in the Presence of Dissolved Organic Matter Using ¹H NMR-Based Metabolomics,"Kovacevic V, Simpson AJ, Simpson MJ.",Metabolites. 2018 May 19;8(2):34. doi: 10.3390/metabo8020034.,Kovacevic V,Metabolites,2018,2018-05-23,PMC6027453,10.3390/metabo8020034
945,21383442,Volatile polar metabolites in exhaled breath condensate (EBC): collection and analysis,"Pleil JD, Hubbard HF, Sobus JR, Sawyer K, Madden MC.",J Breath Res. 2008 Jun;2(2):026001. doi: 10.1088/1752-7155/2/2/026001. Epub 2008 Jan 10.,Pleil JD,J Breath Res,2008,2011-03-09,,10.1088/1752-7155/2/2/026001
946,39460901,Association Between the Gut Microbiota and Alzheimer's Disease: An Update on Signaling Pathways and Translational Therapeutics,"Kulkarni R, Kumari S, Dhapola R, Sharma P, Singh SK, Medhi B, HariKrishnaReddy D.",Mol Neurobiol. 2025 Apr;62(4):4499-4519. doi: 10.1007/s12035-024-04545-2. Epub 2024 Oct 26.,Kulkarni R,Mol Neurobiol,2025,2024-10-26,,10.1007/s12035-024-04545-2
947,31411732,Fighting on two fronts: Elevated insect resistance in flooded maize,"Block AK, Hunter CT, Sattler SE, Rering C, McDonald S, Basset GJ, Christensen SA.",Plant Cell Environ. 2020 Jan;43(1):223-234. doi: 10.1111/pce.13642. Epub 2019 Aug 22.,Block AK,Plant Cell Environ,2020,2019-08-15,,10.1111/pce.13642
948,38953915,"Flexible males, reactive females: faecal glucocorticoid metabolites indicate increased stress in the colonist population, damping with time in males but not in females","Surkova EN, Savinetskaya LE, Khropov IS, Tchabovsky AV.",J Comp Physiol B. 2024 Aug;194(4):545-554. doi: 10.1007/s00360-024-01564-2. Epub 2024 Jul 2.,Surkova EN,J Comp Physiol B,2024,2024-07-02,,10.1007/s00360-024-01564-2
949,27069618,Seasonal and urban effects on the endocrinology of a wild passerine,"Russ A, Reitemeier S, Weissmann A, Gottschalk J, Einspanier A, Klenke R.",Ecol Evol. 2015 Nov 19;5(23):5698-710. doi: 10.1002/ece3.1820. eCollection 2015 Dec.,Russ A,Ecol Evol,2015,2016-04-13,PMC4813110,10.1002/ece3.1820
950,18040973,Stress and demographic decline: a potential effect mediated by impairment of reproduction and immune function in cyclic vole populations,"Charbonnel N, Chaval Y, Berthier K, Deter J, Morand S, Palme R, Cosson JF.",Physiol Biochem Zool. 2008 Jan-Feb;81(1):63-73. doi: 10.1086/523306. Epub 2007 Nov 16.,Charbonnel N,Physiol Biochem Zool,2008,2007-11-28,,10.1086/523306
951,32174832,Early-Life Stress Induces Depression-Like Behavior and Synaptic-Plasticity Changes in a Maternal Separation Rat Model: Gender Difference and Metabolomics Study,"Cui Y, Cao K, Lin H, Cui S, Shen C, Wen W, Mo H, Dong Z, Bai S, Yang L, Shi Y, Zhang R.",Front Pharmacol. 2020 Feb 26;11:102. doi: 10.3389/fphar.2020.00102. eCollection 2020.,Cui Y,Front Pharmacol,2020,2020-03-17,PMC7055479,10.3389/fphar.2020.00102
952,35051518,Biofilm-mediated bioremediation is a powerful tool for the removal of environmental pollutants,"Mishra S, Huang Y, Li J, Wu X, Zhou Z, Lei Q, Bhatt P, Chen S.",Chemosphere. 2022 May;294:133609. doi: 10.1016/j.chemosphere.2022.133609. Epub 2022 Jan 17.,Mishra S,Chemosphere,2022,2022-01-20,,10.1016/j.chemosphere.2022.133609
953,28455694,"Increased Root Canal Endotoxin Levels are Associated with Chronic Apical Periodontitis, Increased Oxidative and Nitrosative Stress, Major Depression, Severity of Depression, and a Lowered Quality of Life","Gomes C, Martinho FC, Barbosa DS, Antunes LS, Póvoa HCC, Baltus THL, Morelli NR, Vargas HO, Nunes SOV, Anderson G, Maes M.",Mol Neurobiol. 2018 Apr;55(4):2814-2827. doi: 10.1007/s12035-017-0545-z. Epub 2017 Apr 28.,Gomes C,Mol Neurobiol,2018,2017-04-30,,10.1007/s12035-017-0545-z
954,27551679,Context Specificity of the ANS Stress Response during Two Regrouping Experiments in Goats,"Patt A, Gygax L, Wechsler B, Hillmann E, Langbein J, Keil NM.",Front Vet Sci. 2016 Aug 8;3:58. doi: 10.3389/fvets.2016.00058. eCollection 2016.,Patt A,Front Vet Sci,2016,2016-08-24,PMC4976294,10.3389/fvets.2016.00058
955,28700694,A robust and efficient method for the extraction of plant extracellular surface lipids as applied to the analysis of silks and seedling leaves of maize,"Loneman DM, Peddicord L, Al-Rashid A, Nikolau BJ, Lauter N, Yandeau-Nelson MD.",PLoS One. 2017 Jul 11;12(7):e0180850. doi: 10.1371/journal.pone.0180850. eCollection 2017.,Loneman DM,PLoS One,2017,2017-07-13,PMC5507477,10.1371/journal.pone.0180850
956,30108622,"Foraging, feeding, and physiological stress responses of wild wood mice to increased illumination and common genet cues","Navarro-Castilla Á, Barja I, Díaz M.",Curr Zool. 2018 Aug;64(4):409-417. doi: 10.1093/cz/zox048. Epub 2017 Aug 2.,Navarro-Castilla Á,Curr Zool,2018,2018-08-16,PMC6084594,10.1093/cz/zox048
957,33374372,"Why Venous Leg Ulcers Have Difficulty Healing: Overview on Pathophysiology, Clinical Consequences, and Treatment","Raffetto JD, Ligi D, Maniscalco R, Khalil RA, Mannello F.",J Clin Med. 2020 Dec 24;10(1):29. doi: 10.3390/jcm10010029.,Raffetto JD,J Clin Med,2020,2020-12-30,PMC7795034,10.3390/jcm10010029
958,9089467,"Brain metabolism of progesterone, coping behaviour and emotional reactivity in male rats from two psychogenetically selected lines","Steimer T, Driscoll P, Schulz PE.",J Neuroendocrinol. 1997 Mar;9(3):169-75. doi: 10.1046/j.1365-2826.1997.t01-1-00571.x.,Steimer T,J Neuroendocrinol,1997,1997-03-01,,10.1046/j.1365-2826.1997.t01-1-00571.x
959,33354110,Exogenous Ketones as Therapeutic Signaling Molecules in High-Stress Occupations: Implications for Mitigating Oxidative Stress and Mitochondrial Dysfunction in Future Research,"Waldman HS, McAllister MJ.",Nutr Metab Insights. 2020 Dec 10;13:1178638820979029. doi: 10.1177/1178638820979029. eCollection 2020.,Waldman HS,Nutr Metab Insights,2020,2020-12-23,PMC7734540,10.1177/1178638820979029
960,32959993,"Glucocorticoids, energy metabolites, and immunity vary across allostatic states for plateau side-blotched lizards (Uta stansburiana uniformis) residing in a heterogeneous thermal environment","Hudson SB, Lidgard AD, French SS.",J Exp Zool A Ecol Integr Physiol. 2020 Dec;333(10):732-743. doi: 10.1002/jez.2415. Epub 2020 Sep 22.,Hudson SB,J Exp Zool A Ecol Integr Physiol,2020,2020-09-22,,10.1002/jez.2415
961,35162929,Precarious Employment and Chronic Stress: Do Social Support Networks Matter?,"Belvis F, Bolíbar M, Benach J, Julià M.",Int J Environ Res Public Health. 2022 Feb 8;19(3):1909. doi: 10.3390/ijerph19031909.,Belvis F,Int J Environ Res Public Health,2022,2022-02-15,PMC8835513,10.3390/ijerph19031909
962,22285074,Occurrence of Tako-Tsubo cardiomyopathy in association with ingestion of serotonin/noradrenaline reuptake inhibitors,"Neil CJ, Chong CR, Nguyen TH, Horowitz JD.",Heart Lung Circ. 2012 Apr;21(4):203-5. doi: 10.1016/j.hlc.2011.12.004. Epub 2012 Jan 27.,Neil CJ,Heart Lung Circ,2012,2012-01-31,,10.1016/j.hlc.2011.12.004
963,22384079,Physiological stress and refuge behavior by African elephants,"Jachowski DS, Slotow R, Millspaugh JJ.",PLoS One. 2012;7(2):e31818. doi: 10.1371/journal.pone.0031818. Epub 2012 Feb 22.,Jachowski DS,PLoS One,2012,2012-03-03,PMC3284500,10.1371/journal.pone.0031818
964,15125771,Herbivore-induced plant vaccination. Part II. Array-studies reveal the transience of herbivore-specific transcriptional imprints and a distinct imprint from stress combinations,"Voelckel C, Baldwin IT.",Plant J. 2004 May;38(4):650-63. doi: 10.1111/j.1365-313X.2004.02077.x.,Voelckel C,Plant J,2004,2004-05-06,,10.1111/j.1365-313X.2004.02077.x
965,36833213,Ablation of Gabra5 Influences Corticosterone Levels and Anxiety-like Behavior in Mice,"Syding LA, Kubik-Zahorodna A, Reguera DP, Nickl P, Hruskova B, Kralikova M, Kopkanova J, Novosadova V, Kasparek P, Prochazka J, Rozman J, Turecek R, Sedlacek R.",Genes (Basel). 2023 Jan 21;14(2):285. doi: 10.3390/genes14020285.,Syding LA,Genes (Basel),2023,2023-02-25,PMC9956889,10.3390/genes14020285
966,25127496,"Mitochondria, energetics, epigenetics, and cellular responses to stress","Shaughnessy DT, McAllister K, Worth L, Haugen AC, Meyer JN, Domann FE, Van Houten B, Mostoslavsky R, Bultman SJ, Baccarelli AA, Begley TJ, Sobol RW, Hirschey MD, Ideker T, Santos JH, Copeland WC, Tice RR, Balshaw DM, Tyson FL.",Environ Health Perspect. 2014 Dec;122(12):1271-8. doi: 10.1289/ehp.1408418. Epub 2014 Aug 15.,Shaughnessy DT,Environ Health Perspect,2014,2014-08-16,PMC4256704,10.1289/ehp.1408418
967,9767189,Radiation-induced lipoperoxidative stress in children coupled with deficit of essential antioxidants,"Neyfakh EA, Alimbekova AI, Ivanenko GF.",Biochemistry (Mosc). 1998 Aug;63(8):977-87.,Neyfakh EA,Biochemistry (Mosc),1998,1998-10-10,,
968,39350005,Low temperature and high humidity affect dynamics of chlorophyll biosynthesis and secondary metabolites in Cucumber,"Amin B, Atif MJ, Kandegama W, Nasar J, Alam P, Fang Z, Cheng Z.",BMC Plant Biol. 2024 Sep 30;24(1):903. doi: 10.1186/s12870-024-05615-2.,Amin B,BMC Plant Biol,2024,2024-09-30,PMC11441134,10.1186/s12870-024-05615-2
969,33674651,The response regulator Skn7 of Aspergillus fumigatus is essential for the antifungal effect of fludioxonil,"Schruefer S, Böhmer I, Dichtl K, Spadinger A, Kleinemeier C, Ebel F.",Sci Rep. 2021 Mar 5;11(1):5317. doi: 10.1038/s41598-021-84740-6.,Schruefer S,Sci Rep,2021,2021-03-06,PMC7935864,10.1038/s41598-021-84740-6
970,37110193,A Review of the Impact of Maternal Prenatal Stress on Offspring Microbiota and Metabolites,"Yeramilli V, Cheddadi R, Shah J, Brawner K, Martin C.",Metabolites. 2023 Apr 9;13(4):535. doi: 10.3390/metabo13040535.,Yeramilli V,Metabolites,2023,2023-04-28,PMC10142778,10.3390/metabo13040535
971,1329390,[Biogenic amines in the brain structures of rats from genetically diverse strains under stress],"Gorbunova AV, Belova TI.",Zh Vyssh Nerv Deiat Im I P Pavlova. 1992 Mar-Apr;42(2):363-71.,Gorbunova AV,Zh Vyssh Nerv Deiat Im I P Pavlova,1992,1992-03-01,,
972,20626646,Elevated CO2 shifts the focus of tobacco plant defences from cucumber mosaic virus to the green peach aphid,"Fu X, Ye L, Kang L, Ge F.",Plant Cell Environ. 2010 Dec;33(12):2056-64. doi: 10.1111/j.1365-3040.2010.02205.x.,Fu X,Plant Cell Environ,2010,2010-07-15,,10.1111/j.1365-3040.2010.02205.x
973,37631188,Changes in Profiles of Classes and of Individual Polyphenols in Leaves of Spiraea chamaedryfolia and Spiraea media along an Altitudinal Gradient,"Boyarskikh IG, Artemov IA, Kuznetsov AA, Kostikova VA.",Plants (Basel). 2023 Aug 17;12(16):2977. doi: 10.3390/plants12162977.,Boyarskikh IG,Plants (Basel),2023,2023-08-26,PMC10458703,10.3390/plants12162977
974,33963607,An increase in normetanephrine in hair follicles of acne lesions through the sympatho-adrenal medullary system in acne patients with anxiety,"Mizuno K, Sakaue H, Kohsaka K, Takeda H, Hayashi N, Sato T.",J Dermatol. 2021 Aug;48(8):1281-1285. doi: 10.1111/1346-8138.15935. Epub 2021 May 7.,Mizuno K,J Dermatol,2021,2021-05-08,,10.1111/1346-8138.15935
975,39452901,Salicylic Acid and Melatonin Synergy Enhances Boron Toxicity Tolerance via AsA-GSH Cycle and Glyoxalase System Regulation in Fragrant Rice,"Imran M, Widemann E, Shafiq S, Bakhsh A, Chen X, Tang X.",Metabolites. 2024 Sep 26;14(10):520. doi: 10.3390/metabo14100520.,Imran M,Metabolites,2024,2024-10-25,PMC11509829,10.3390/metabo14100520
976,35020865,Patho-immunological mechanisms of vitiligo: the role of the innate and adaptive immunities and environmental stress factors,"Faraj S, Kemp EH, Gawkrodger DJ.",Clin Exp Immunol. 2022 Jan 28;207(1):27-43. doi: 10.1093/cei/uxab002.,Faraj S,Clin Exp Immunol,2022,2022-01-12,PMC8802175,10.1093/cei/uxab002
977,12656218,"Effects of stress on the urinary excretory pattern of niacin catabolites, the most reliable index of niacin status, in humans","Okamoto H, Ishikawa A, Nishimuta M, Kodama N, Yoshitake Y, Fukuwatari T, Shibata K.",J Nutr Sci Vitaminol (Tokyo). 2002 Oct;48(5):417-9. doi: 10.3177/jnsv.48.417.,Okamoto H,J Nutr Sci Vitaminol (Tokyo),2002,2003-03-27,,10.3177/jnsv.48.417
978,659373,"Schizophrenia, rheumatoid arthritis and trytophan metabolism",Taylor WM.,J Clin Psychiatry. 1978 Jun;39(6):499-503.,Taylor WM,J Clin Psychiatry,1978,1978-06-01,,
979,36527519,"Gastrointestinal Tract, Microbiota and Multiple Sclerosis (MS) and the Link Between Gut Microbiota and CNS","Yousefi B, Babaeizad A, Banihashemian SZ, Feyzabadi ZK, Dadashpour M, Pahlevan D, Ghaffari H, Eslami M.",Curr Microbiol. 2022 Dec 17;80(1):38. doi: 10.1007/s00284-022-03150-7.,Yousefi B,Curr Microbiol,2022,2022-12-17,,10.1007/s00284-022-03150-7
980,35370559,Potential Roles of Enterochromaffin Cells in Early Life Stress-Induced Irritable Bowel Syndrome,"Tao E, Zhu Z, Hu C, Long G, Chen B, Guo R, Fang M, Jiang M.",Front Cell Neurosci. 2022 Mar 15;16:837166. doi: 10.3389/fncel.2022.837166. eCollection 2022.,Tao E,Front Cell Neurosci,2022,2022-04-04,PMC8964523,10.3389/fncel.2022.837166
981,33359663,"Non-invasive hormone monitoring as a robust method for determining adrenocortical activity in injured, emaciated and oil-contaminated African penguins undergoing rehabilitation","Scheun J, Ludynia K, Snyman A, Ganswindt A.",Gen Comp Endocrinol. 2021 Mar 1;303:113703. doi: 10.1016/j.ygcen.2020.113703. Epub 2021 Jan 1.,Scheun J,Gen Comp Endocrinol,2021,2020-12-28,,10.1016/j.ygcen.2020.113703
982,27059527,Daily exposure to a touchscreen-paradigm and associated food restriction evokes an increase in adrenocortical and neural activity in mice,"Mallien AS, Palme R, Richetto J, Muzzillo C, Richter SH, Vogt MA, Inta D, Riva MA, Vollmayr B, Gass P.",Horm Behav. 2016 May;81:97-105. doi: 10.1016/j.yhbeh.2016.03.009. Epub 2016 Apr 6.,Mallien AS,Horm Behav,2016,2016-04-10,,10.1016/j.yhbeh.2016.03.009
983,26973843,Exposure to Increased Environmental Complexity during Rearing Reduces Fearfulness and Increases Use of Three-Dimensional Space in Laying Hens (Gallus gallus domesticus),"Brantsæter M, Nordgreen J, Rodenburg TB, Tahamtani FM, Popova A, Janczak AM.",Front Vet Sci. 2016 Feb 29;3:14. doi: 10.3389/fvets.2016.00014. eCollection 2016.,Brantsæter M,Front Vet Sci,2016,2016-03-15,PMC4770049,10.3389/fvets.2016.00014
984,26757681,Maternal effects on offspring stress physiology in wild chimpanzees,"Murray CM, Stanton MA, Wellens KR, Santymire RM, Heintz MR, Lonsdorf EV.",Am J Primatol. 2018 Jan;80(1). doi: 10.1002/ajp.22525. Epub 2016 Jan 12.,Murray CM,Am J Primatol,2018,2016-01-14,,10.1002/ajp.22525
985,35143671,Cattle acclimate more substantially to repeated handling when confined individually in a pen than when assessed as a group,"Parham JT, Tanner AE, Blevins SR, Wahlberg ML, Lewis RM.",J Anim Sci. 2022 Mar 1;100(3):skac040. doi: 10.1093/jas/skac040.,Parham JT,J Anim Sci,2022,2022-02-10,PMC9030122,10.1093/jas/skac040
986,32738723,"Foraging behavior, contaminant exposure risk, and the stress response in wild California condors (Gymnogyps californianus)","Glucs ZE, Smith DR, Tubbs CW, Bakker VJ, Wolstenholme R, Dudus K, Burnett LJ, Clark M, Clark M, Finkelstein ME.",Environ Res. 2020 Oct;189:109905. doi: 10.1016/j.envres.2020.109905. Epub 2020 Jul 14.,Glucs ZE,Environ Res,2020,2020-08-02,,10.1016/j.envres.2020.109905
987,38827176,Coffee polyphenols ameliorate early-life stress-induced cognitive deficits in male mice,"Geertsema J, Kratochvil M, González-Domínguez R, Lefèvre-Arbogast S, Low DY, Du Preez A, Lee H, Urpi-Sarda M, Sánchez-Pla A, Aigner L, Samieri C, Andres-Lacueva C, Manach C, Thuret S, Lucassen PJ, Korosi A.",Neurobiol Stress. 2024 May 15;31:100641. doi: 10.1016/j.ynstr.2024.100641. eCollection 2024 Jul.,Geertsema J,Neurobiol Stress,2024,2024-06-03,PMC11140806,10.1016/j.ynstr.2024.100641
988,38981146,Addressing a major interference in the quantification of psilocin in mouse plasma: Development of a validated liquid chromatography tandem mass spectrometry method,"Khajavinia A, Michel D, Ezeaka UC, Purves RW, Laprairie RB, El-Aneed A.",J Chromatogr A. 2024 Aug 16;1730:465123. doi: 10.1016/j.chroma.2024.465123. Epub 2024 Jul 4.,Khajavinia A,J Chromatogr A,2024,2024-07-09,,10.1016/j.chroma.2024.465123
989,21159454,Cardiac β1-adrenoceptor expression in two stress-induced cardiomyopathy-related deaths,"D'Errico S, Neri M, Nieddu A, Mazzeo E, Riezzo I, Turillazzi E, Fineschi V.",Forensic Sci Int. 2011 Apr 15;207(1-3):e8-11. doi: 10.1016/j.forsciint.2010.11.007. Epub 2010 Dec 14.,D'Errico S,Forensic Sci Int,2011,2010-12-17,,10.1016/j.forsciint.2010.11.007
990,30523776,"Invited review: Phenotyping strategies and quantitative-genetic background of resistance, tolerance and resilience associated traits in dairy cattle","König S, May K.",Animal. 2019 May;13(5):897-908. doi: 10.1017/S1751731118003208. Epub 2018 Dec 7.,König S,Animal,2019,2018-12-08,,10.1017/S1751731118003208
991,23294165,Enduring increases in anxiety-like behavior and rapid nucleus accumbens dopamine signaling in socially isolated rats,"Yorgason JT, España RA, Konstantopoulos JK, Weiner JL, Jones SR.",Eur J Neurosci. 2013 Mar;37(6):1022-31. doi: 10.1111/ejn.12113. Epub 2013 Jan 8.,Yorgason JT,Eur J Neurosci,2013,2013-01-09,PMC3746484,10.1111/ejn.12113
992,38563199,Identification and quantification of pigments in plant leaves using thin layer chromatography-Raman spectroscopy (TLC-Raman),"Payne TD, Dixon LR, Schmidt FC, Blakeslee JJ, Bennett AE, Schultz ZD.",Anal Methods. 2024 Apr 25;16(16):2449-2455. doi: 10.1039/d4ay00082j.,Payne TD,Anal Methods,2024,2024-04-02,,10.1039/d4ay00082j
993,32395568,"Stress, depression, diet, and the gut microbiota: human-bacteria interactions at the core of psychoneuroimmunology and nutrition","Madison A, Kiecolt-Glaser JK.",Curr Opin Behav Sci. 2019 Aug;28:105-110. doi: 10.1016/j.cobeha.2019.01.011. Epub 2019 Mar 25.,Madison A,Curr Opin Behav Sci,2019,2020-05-13,PMC7213601,10.1016/j.cobeha.2019.01.011
994,32992585,Physiological Stress Integrates Resistance to Rattlesnake Venom and the Onset of Risky Foraging in California Ground Squirrels,"Holding ML, Putman BJ, Kong LM, Smith JE, Clark RW.",Toxins (Basel). 2020 Sep 27;12(10):617. doi: 10.3390/toxins12100617.,Holding ML,Toxins (Basel),2020,2020-09-30,PMC7601495,10.3390/toxins12100617
995,33807990,Effect of Delivery by Emergency or Elective Cesarean Section on Nitric Oxide Metabolites and Cortisol Amniotic Concentrations in at Term Normal Newborn Dogs: Preliminary Results,"Fusi J, Carluccio A, Peric T, Faustini M, Prandi A, Veronesi MC.",Animals (Basel). 2021 Mar 5;11(3):713. doi: 10.3390/ani11030713.,Fusi J,Animals (Basel),2021,2021-04-03,PMC8000233,10.3390/ani11030713
996,12540401,Diurnal variations in human urinary excretion of nicotinamide catabolites: effects of stress on the metabolism of nicotinamide,"Okamoto H, Ishikawa A, Yoshitake Y, Kodama N, Nishimuta M, Fukuwatari T, Shibata K.",Am J Clin Nutr. 2003 Feb;77(2):406-10. doi: 10.1093/ajcn/77.2.406.,Okamoto H,Am J Clin Nutr,2003,2003-01-24,,10.1093/ajcn/77.2.406
997,29216235,Association between memory impairment and brain metabolite concentrations in North Korean refugees with posttraumatic stress disorder,"Shin JE, Choi CH, Lee JM, Kwon JS, Lee SH, Kim HC, Han NY, Choi SH, Yoo SY.",PLoS One. 2017 Dec 7;12(12):e0188953. doi: 10.1371/journal.pone.0188953. eCollection 2017.,Shin JE,PLoS One,2017,2017-12-08,PMC5720673,10.1371/journal.pone.0188953
998,22445804,Effects of early life stress on drinking and serotonin system activity in rhesus macaques: 5-hydroxyindoleacetic acid in cerebrospinal fluid predicts brain tissue levels,"Huggins KN, Mathews TA, Locke JL, Szeliga KT, Friedman DP, Bennett AJ, Jones SR.",Alcohol. 2012 Jun;46(4):371-6. doi: 10.1016/j.alcohol.2011.11.003. Epub 2012 Mar 24.,Huggins KN,Alcohol,2012,2012-03-27,PMC3737489,10.1016/j.alcohol.2011.11.003
999,17153957,[A comparative study of the effect of afobazole on brain monoamine systems in BALB/C and C57BL/6 mice],Kudrin VS.,Eksp Klin Farmakol. 2006 Sep-Oct;69(5):7-10.,Kudrin VS,Eksp Klin Farmakol,2006,2006-12-13,,
1000,29031835,Metabolomic analysis of oxidative stress: Superoxide dismutase mutation and paraquat induced stress in Drosophila melanogaster,"Doran ML, Knee JM, Wang N, Rzezniczak TZ, Parkes TL, Li L, Merritt TJS.",Free Radic Biol Med. 2017 Dec;113:323-334. doi: 10.1016/j.freeradbiomed.2017.10.011. Epub 2017 Oct 12.,Doran ML,Free Radic Biol Med,2017,2017-10-17,,10.1016/j.freeradbiomed.2017.10.011
1001,35955456,Microbiota and Oral Cancer as A Complex and Dynamic Microenvironment: A Narrative Review from Etiology to Prognosis,"Pignatelli P, Romei FM, Bondi D, Giuliani M, Piattelli A, Curia MC.",Int J Mol Sci. 2022 Jul 28;23(15):8323. doi: 10.3390/ijms23158323.,Pignatelli P,Int J Mol Sci,2022,2022-08-12,PMC9368704,10.3390/ijms23158323
1002,15838947,Increased urinary excretion rates of serotonin and metabolites during bedrest,"Platen P, Lebenstedt M, Schneider M, Boese A, Heer M.",Acta Astronaut. 2005 May-Jun;56(9-12):801-8. doi: 10.1016/j.actaastro.2005.01.005.,Platen P,Acta Astronaut,2005,2005-04-21,,10.1016/j.actaastro.2005.01.005
1003,38361932,Microbiota modulates the steroid response to acute immune stress in male mice,"Vagnerová K, Gazárková T, Vodička M, Ergang P, Klusoňová P, Hudcovic T, Šrůtková D, Petr Hermanová P, Nováková L, Pácha J.",Front Immunol. 2024 Feb 1;15:1330094. doi: 10.3389/fimmu.2024.1330094. eCollection 2024.,Vagnerová K,Front Immunol,2024,2024-02-16,PMC10867242,10.3389/fimmu.2024.1330094
1004,38190716,Chronic Stress Dampens Lactobacillus Johnsonii-Mediated Tumor Suppression to Enhance Colorectal Cancer Progression,"Cao Q, Zhao M, Su Y, Liu S, Lin Y, Da H, Yue C, Liu Y, Jing D, Zhao Q, Liu N, Du J, Zuo Z, Fu Y, Chen A, Birnbaumer L, Yang Y, Dai B, Gao X.",Cancer Res. 2024 Mar 4;84(5):771-784. doi: 10.1158/0008-5472.CAN-22-3705.,Cao Q,Cancer Res,2024,2024-01-08,,10.1158/0008-5472.CAN-22-3705
1005,33481103,Screening of Potential Stress Biomarkers in Sweat Associated with Sports Training,"Nunes MJ, Cordas CM, Moura JJG, Noronha JP, Branco LC.",Sports Med Open. 2021 Jan 22;7(1):8. doi: 10.1186/s40798-020-00294-3.,Nunes MJ,Sports Med Open,2021,2021-01-22,PMC7822976,10.1186/s40798-020-00294-3
1006,36001889,"Corticosterone Alters Body Weight, but Not Metabolites, during Chronic Stress","Bauer CM, Oranges MA, Firempong G, Romero LM.",Physiol Biochem Zool. 2022 Nov-Dec;95(6):465-473. doi: 10.1086/721297.,Bauer CM,Physiol Biochem Zool,2022,2022-08-24,,10.1086/721297
1007,22120435,Analyzing the effects of a single episode of neonatal maternal deprivation on metabolite profiles in rat brain: a proton nuclear magnetic resonance spectroscopy study,"Llorente R, Villa P, Marco EM, Viveros MP.",Neuroscience. 2012 Jan 10;201:12-9. doi: 10.1016/j.neuroscience.2011.11.033. Epub 2011 Nov 22.,Llorente R,Neuroscience,2012,2011-11-29,,10.1016/j.neuroscience.2011.11.033
1008,2861063,"Involvement of platelet activating factor in physiological stress in the lizard, Anolis carolinensis","Lenihan DJ, Greenberg N, Lee TC.",Comp Biochem Physiol C Comp Pharmacol Toxicol. 1985;81(1):81-6. doi: 10.1016/0742-8413(85)90095-7.,Lenihan DJ,Comp Biochem Physiol C Comp Pharmacol Toxicol,1985,1985-01-01,,10.1016/0742-8413(85)90095-7
1009,33344718,Maternal stress programs accelerated aging of the basal ganglia motor system in offspring,"Marrocco J, Verhaeghe R, Bucci D, Di Menna L, Traficante A, Bouwalerh H, Van Camp G, Ghiglieri V, Picconi B, Calabresi P, Ravasi L, Cisani F, Bagheri F, Pittaluga A, Bruno V, Battaglia G, Morley-Fletcher S, Nicoletti F, Maccari S.",Neurobiol Stress. 2020 Nov 2;13:100265. doi: 10.1016/j.ynstr.2020.100265. eCollection 2020 Nov.,Marrocco J,Neurobiol Stress,2020,2020-12-21,PMC7739146,10.1016/j.ynstr.2020.100265
1010,35866893,Astragalus polysaccharide mitigates transport stress-induced hepatic metabolic stress via improving hepatic glucolipid metabolism in chicks,"Zhao BC, Tang YX, Qiu BH, Xu HL, Wang TH, Elsherbeni AIA, Gharib HBA, Li JL.",J Anim Sci. 2022 Sep 1;100(9):skac244. doi: 10.1093/jas/skac244.,Zhao BC,J Anim Sci,2022,2022-07-22,PMC9492282,10.1093/jas/skac244
1011,38578240,Cardioprotective response and senescence in aged sEH null female mice exposed to LPS,"Yousef A, Sosnowski DK, Fang L, Legaspi RJ, Korodimas J, Lee A, Magor KE, Seubert JM.",Am J Physiol Heart Circ Physiol. 2024 Jun 1;326(6):H1366-H1385. doi: 10.1152/ajpheart.00706.2023. Epub 2024 Apr 5.,Yousef A,Am J Physiol Heart Circ Physiol,2024,2024-04-05,,10.1152/ajpheart.00706.2023
1012,31430948,The Role of Gut Microbiota in Intestinal Inflammation with Respect to Diet and Extrinsic Stressors,"Lobionda S, Sittipo P, Kwon HY, Lee YK.",Microorganisms. 2019 Aug 19;7(8):271. doi: 10.3390/microorganisms7080271.,Lobionda S,Microorganisms,2019,2019-08-22,PMC6722800,10.3390/microorganisms7080271
1013,38102897,"Tryptophan metabolism as a 'reflex' feature of neuroimmune communication: Sensor and effector functions for the indoleamine-2, 3-dioxygenase kynurenine pathway","Stone TW, Williams RO.",J Neurochem. 2024 Sep;168(9):3333-3357. doi: 10.1111/jnc.16015. Epub 2023 Dec 16.,Stone TW,J Neurochem,2024,2023-12-16,,10.1111/jnc.16015
1014,38770668,Exploring the kynurenine pathway in mild traumatic brain injury: A longitudinal study,"Visser K, Ciubotariu D, de Koning ME, Jacobs B, van Faassen M, van der Ley C, Mayer AR, Meier TB, Bourgonje AR, Kema IP, van Goor H, van der Naalt J, van der Horn HJ.",J Neurochem. 2024 Sep;168(9):2710-2721. doi: 10.1111/jnc.16137. Epub 2024 May 21.,Visser K,J Neurochem,2024,2024-05-21,,10.1111/jnc.16137
1015,26803990,Exposure to sublethal levels of PCB-126 impacts fuel metabolism and swimming performance in rainbow trout,"Bellehumeur K, Lapointe D, Cooke SJ, Moon TW.",Comp Biochem Physiol B Biochem Mol Biol. 2016 Sep;199:97-104. doi: 10.1016/j.cbpb.2016.01.005. Epub 2016 Jan 12.,Bellehumeur K,Comp Biochem Physiol B Biochem Mol Biol,2016,2016-01-26,,10.1016/j.cbpb.2016.01.005
1016,24466326,Anti-oxidative effects of Rooibos tea (Aspalathus linearis) on immobilization-induced oxidative stress in rat brain,"Hong IS, Lee HY, Kim HP.",PLoS One. 2014 Jan 21;9(1):e87061. doi: 10.1371/journal.pone.0087061. eCollection 2014.,Hong IS,PLoS One,2014,2014-01-28,PMC3897768,10.1371/journal.pone.0087061
1017,35789769,Resilience or susceptibility to traumatic stress: Potential influence of the microbiome,"Tanelian A, Nankova B, Miari M, Nahvi RJ, Sabban EL.",Neurobiol Stress. 2022 May 27;19:100461. doi: 10.1016/j.ynstr.2022.100461. eCollection 2022 Jul.,Tanelian A,Neurobiol Stress,2022,2022-07-05,PMC9250071,10.1016/j.ynstr.2022.100461
1018,30374076,Fearful dogs have increased plasma glutamine and γ-glutamyl glutamine,"Puurunen J, Tiira K, Vapalahti K, Lehtonen M, Hanhineva K, Lohi H.",Sci Rep. 2018 Oct 29;8(1):15976. doi: 10.1038/s41598-018-34321-x.,Puurunen J,Sci Rep,2018,2018-10-31,PMC6206014,10.1038/s41598-018-34321-x
1019,39168376,Lower distress intolerance is associated with higher glutathione levels in adolescent cannabis users,"Subramaniam P, Prescot A, Yancey J, McGlade E, Renshaw P, Yurgelun-Todd D.",Pharmacol Biochem Behav. 2024 Dec;245:173861. doi: 10.1016/j.pbb.2024.173861. Epub 2024 Aug 20.,Subramaniam P,Pharmacol Biochem Behav,2024,2024-08-21,PMC11634053,10.1016/j.pbb.2024.173861
1020,23780289,Chronic social isolation is associated with metabolic gene expression changes specific to mammary adipose tissue,"Volden PA, Wonder EL, Skor MN, Carmean CM, Patel FN, Ye H, Kocherginsky M, McClintock MK, Brady MJ, Conzen SD.",Cancer Prev Res (Phila). 2013 Jul;6(7):634-45. doi: 10.1158/1940-6207.CAPR-12-0458. Epub 2013 Jun 18.,Volden PA,Cancer Prev Res (Phila),2013,2013-06-20,PMC3881320,10.1158/1940-6207.CAPR-12-0458
1021,32218311,Microbiological Production of Isocitric Acid from Biodiesel Waste and Its Effect on Spatial Memory,"Morgunov IG, Kamzolova SV, Karpukhina OV, Bokieva SB, Lunina JN, Inozemtsev AN.",Microorganisms. 2020 Mar 25;8(4):462. doi: 10.3390/microorganisms8040462.,Morgunov IG,Microorganisms,2020,2020-03-29,PMC7232500,10.3390/microorganisms8040462
1022,38617000,"A chronic stress-induced microbiome perturbation, highly enriched in Ruminococcaceae_UCG-014, promotes colorectal cancer growth and metastasis","Zhao L, Hou X, Feng Y, Zhang Y, Shao S, Wu X, Zhang JJ, Zhang Z.",Int J Med Sci. 2024 Mar 25;21(5):882-895. doi: 10.7150/ijms.90612. eCollection 2024.,Zhao L,Int J Med Sci,2024,2024-04-15,PMC11008488,10.7150/ijms.90612
1023,34170958,Therapeutic doses of acetaminophen with co-administration of cysteine and mannitol during early development result in long term behavioral changes in laboratory rats,"Suda N, Cendejas Hernandez J, Poulton J, Jones JP, Konsoula Z, Smith C, Parker W.",PLoS One. 2021 Jun 25;16(6):e0253543. doi: 10.1371/journal.pone.0253543. eCollection 2021.,Suda N,PLoS One,2021,2021-06-25,PMC8232535,10.1371/journal.pone.0253543
1024,36877675,Diisocyanates influence models of atopic dermatitis through direct activation of TRPA1,"Yadav M, Chaudhary PP, D'Souza BN, Ratley G, Spathies J, Ganesan S, Zeldin J, Myles IA.",PLoS One. 2023 Mar 6;18(3):e0282569. doi: 10.1371/journal.pone.0282569. eCollection 2023.,Yadav M,PLoS One,2023,2023-03-06,PMC9987805,10.1371/journal.pone.0282569
1025,39581387,Environmental enrichment attenuates maternal separation-induced excessive hoarding behavior in adult female mice,"Cai Y, Zhao R, Huang Y, Yang H, Liu Y, Yang R, Zhang X, Liu Y, Yan S, Liu X, Liu X, Yin X, Yu Y, Gao S, Li Y, Zhao Y, Shi H.",Pharmacol Biochem Behav. 2024 Dec;245:173913. doi: 10.1016/j.pbb.2024.173913. Epub 2024 Nov 23.,Cai Y,Pharmacol Biochem Behav,2024,2024-11-24,,10.1016/j.pbb.2024.173913
1026,35685678,Effects of stress on endophenotypes of suicide across species: A role for ketamine in risk mitigation,"Lamontagne SJ, Ballard ED, Zarate CA Jr.",Neurobiol Stress. 2022 Apr 20;18:100450. doi: 10.1016/j.ynstr.2022.100450. eCollection 2022 May.,Lamontagne SJ,Neurobiol Stress,2022,2022-06-10,PMC9170747,10.1016/j.ynstr.2022.100450
1027,30246167,Maternal Cerebrospinal Fluid Glutamate in Response to Variable Foraging Demand: Relationship to Cerebrospinal Fluid Serotonin Metabolites in Grown Offspring,"Coplan JD, Gupta NK, Flynn SK, Reiner WJ, Gaita D, Fulton SL, Rozenboym AV, Tang JE, Cooper TB, Mann JJ.",Chronic Stress (Thousand Oaks). 2018 Jan-Dec;2:2470547018785625. doi: 10.1177/2470547018785625. Epub 2018 Jul 6.,Coplan JD,Chronic Stress (Thousand Oaks),2018,2018-09-25,PMC6145812,10.1177/2470547018785625
1028,12031539,Stress-induced increase in extracellular sucrose space in rats is mediated by nitric oxide,"Madrigal JL, Moro MA, Lizasoain I, Lorenzo P, Leza JC.",Brain Res. 2002 May 31;938(1-2):87-91. doi: 10.1016/s0006-8993(02)02467-8.,Madrigal JL,Brain Res,2002,2002-05-29,,10.1016/s0006-8993(02)02467-8
1029,36680692,Nine-month-long Social Isolation Changes the Levels of Monoamines in the Brain Structures of Rats: A Comparative Study of Neurochemistry and Behavior,"Shirenova SD, Khlebnikova NN, Narkevich VB, Kudrin VS, Krupina NA.",Neurochem Res. 2023 Jun;48(6):1755-1774. doi: 10.1007/s11064-023-03858-3. Epub 2023 Jan 21.,Shirenova SD,Neurochem Res,2023,2023-01-21,,10.1007/s11064-023-03858-3
1030,36319708,Longitudinal metabolomic profiles reveal sex-specific adjustments to long-duration spaceflight and return to Earth,"Stroud JE, Gale MS, Zwart SR, Heer M, Smith SM, Montina T, Metz GAS.",Cell Mol Life Sci. 2022 Nov 1;79(11):578. doi: 10.1007/s00018-022-04566-x.,Stroud JE,Cell Mol Life Sci,2022,2022-11-02,PMC11802984,10.1007/s00018-022-04566-x
1031,35326127,Impact of Combined Heat and Salt Stresses on Tomato Plants-Insights into Nutrient Uptake and Redox Homeostasis,"Sousa B, Rodrigues F, Soares C, Martins M, Azenha M, Lino-Neto T, Santos C, Cunha A, Fidalgo F.",Antioxidants (Basel). 2022 Feb 28;11(3):478. doi: 10.3390/antiox11030478.,Sousa B,Antioxidants (Basel),2022,2022-03-25,PMC8944476,10.3390/antiox11030478
1032,31507354,Unraveling the Serum Metabolomic Profile of Post-partum Depression,"Papadopoulou Z, Vlaikou AM, Theodoridou D, Komini C, Chalkiadaki G, Vafeiadi M, Margetaki K, Trangas T, Turck CW, Syrrou M, Chatzi L, Filiou MD.",Front Neurosci. 2019 Aug 23;13:833. doi: 10.3389/fnins.2019.00833. eCollection 2019.,Papadopoulou Z,Front Neurosci,2019,2019-09-12,PMC6716353,10.3389/fnins.2019.00833
1033,1657775,Sympathetic reactivity during a yohimbine challenge test in essential hypertension,"Goldstein DS, Grossman E, Listwak S, Folio CJ.",Hypertension. 1991 Nov;18(5 Suppl):III40-8. doi: 10.1161/01.hyp.18.5_suppl.iii40.,Goldstein DS,Hypertension,1991,1991-11-01,,10.1161/01.hyp.18.5_suppl.iii40
1034,37901876,Association of intestinal dysbiosis with susceptibility to multiple sclerosis: Evidence from different population studies (Review),"Torres-Chávez ME, Torres-Carrillo NM, Monreal-Lugo AV, Garnés-Rancurello S, Murugesan S, Gutiérrez-Hurtado IA, Beltrán-Ramírez JR, Sandoval-Pinto E, Torres-Carrillo N.",Biomed Rep. 2023 Oct 12;19(6):93. doi: 10.3892/br.2023.1675. eCollection 2023 Dec.,Torres-Chávez ME,Biomed Rep,2023,2023-10-30,PMC10603378,10.3892/br.2023.1675
1035,34849506,Neurobiological effects of a probiotic-supplemented diet in chronically stressed male Long-Evans rats: Evidence of enhanced resilience,"Natale NR, Kent M, Fox N, Vavra D, Lambert K.",IBRO Neurosci Rep. 2021 Nov 6;11:207-215. doi: 10.1016/j.ibneur.2021.10.004. eCollection 2021 Dec.,Natale NR,IBRO Neurosci Rep,2021,2021-12-01,PMC8607205,10.1016/j.ibneur.2021.10.004
1036,29234392,(1)H NMR-Based Metabonomic Study of Functional Dyspepsia in Stressed Rats Treated with Chinese Medicine Weikangning,"Guo Y, Li Z, Liu X, Su X, Li Y, Zhu J, Song Y, Zhang P, Chen JDZ, Wei R, Yang J, Wei W.",Evid Based Complement Alternat Med. 2017;2017:4039425. doi: 10.1155/2017/4039425. Epub 2017 Sep 28.,Guo Y,Evid Based Complement Alternat Med,2017,2017-12-14,PMC5637829,10.1155/2017/4039425
1037,2729387,Depressive symptoms during pregnancy: relationship to poor health behaviors,"Zuckerman B, Amaro H, Bauchner H, Cabral H.",Am J Obstet Gynecol. 1989 May;160(5 Pt 1):1107-11. doi: 10.1016/0002-9378(89)90170-1.,Zuckerman B,Am J Obstet Gynecol,1989,1989-05-01,,10.1016/0002-9378(89)90170-1
1038,15251892,"The use of adolescent nonhuman primates to model human alcohol intake: neurobiological, genetic, and psychological variables","Barr CS, Schwandt ML, Newman TK, Higley JD.",Ann N Y Acad Sci. 2004 Jun;1021:221-33. doi: 10.1196/annals.1308.027.,Barr CS,Ann N Y Acad Sci,2004,2004-07-15,,10.1196/annals.1308.027
1039,39519726,20 (S)-Protopanaxadiol Alleviates DRP1-Mediated Mitochondrial Dysfunction in a Depressive Model In Vitro and In Vivo via the SIRT1/PGC-1α Signaling Pathway,"Guo P, Wang Z, Sun L, He Z, Li J, Geng J, Zong Y, Chen W, Du R.",Molecules. 2024 Oct 28;29(21):5085. doi: 10.3390/molecules29215085.,Guo P,Molecules,2024,2024-11-09,PMC11547436,10.3390/molecules29215085
1040,33897639,Evolutionary Significance of the Neuroendocrine Stress Axis on Vertebrate Immunity and the Influence of the Microbiome on Early-Life Stress Regulation and Health Outcomes,"Ortega VA, Mercer EM, Giesbrecht GF, Arrieta MC.",Front Microbiol. 2021 Apr 7;12:634539. doi: 10.3389/fmicb.2021.634539. eCollection 2021.,Ortega VA,Front Microbiol,2021,2021-04-26,PMC8058197,10.3389/fmicb.2021.634539
1041,8301837,[Anesthetic management of a patient with acute intermittent porphyria],"Ii C, Tanaka N, Okamura H, Okagawa Y, Morioka T.",Masui. 1993 Dec;42(12):1849-52.,Ii C,Masui,1993,1993-12-01,,
1042,15989496,Serotonergic modulation and irritable bowel syndrome,Borman R.,Expert Opin Emerg Drugs. 2001 Apr;6(1):57-68. doi: 10.1517/14728214.6.1.57.,Borman R,Expert Opin Emerg Drugs,2001,2005-07-02,,10.1517/14728214.6.1.57
1043,36676998,Salivary Antioxidant Capacity and Magnesium in Generalized Anxiety Disorder,"Proskurnina EV, Liaukovich KM, Bychkovskaya LS, Mikheev IV, Alshanskaia EI, Proskurnin MA, Martynova OV, Portnova GV.",Metabolites. 2023 Jan 2;13(1):73. doi: 10.3390/metabo13010073.,Proskurnina EV,Metabolites,2023,2023-01-21,PMC9862115,10.3390/metabo13010073
1044,38966043,Effects of subchronic and mild social defeat stress on the intestinal microbiota and fecal bile acid composition in mice,"Yamagishi N, Kyoui D, Moriya N, Aoki-Yoshida A, Goto T, Toyoda A, Ippoushi K, Maeda-Yamamoto M, Takayama Y, Suzuki C.",Biosci Microbiota Food Health. 2024;43(3):260-266. doi: 10.12938/bmfh.2023-095. Epub 2024 Mar 29.,Yamagishi N,Biosci Microbiota Food Health,2024,2024-07-05,PMC11220325,10.12938/bmfh.2023-095
1045,38402253,"Hippocampal volume changes after (R,S)-ketamine administration in patients with major depressive disorder and healthy volunteers","Evans JW, Graves MC, Nugent AC, Zarate CA Jr.",Sci Rep. 2024 Feb 24;14(1):4538. doi: 10.1038/s41598-024-54370-9.,Evans JW,Sci Rep,2024,2024-02-24,PMC10894199,10.1038/s41598-024-54370-9
1046,20490513,[Neuroendocrine immune interactions in rheumatic diseases],"Straub RH, Fassold A.",Z Rheumatol. 2010 Jun;69(4):340-8. doi: 10.1007/s00393-010-0637-x.,Straub RH,Z Rheumatol,2010,2010-05-22,,10.1007/s00393-010-0637-x
1047,35558438,Reward Dependence-Moderated Noradrenergic and Hormonal Responses During Noncompetitive and Competitive Physical Activities,"Nagy Z, Karsai I, Nagy T, Kátai E, Miseta A, Fazekas G, Láng A, Kocsor F, Kállai J.",Front Behav Neurosci. 2022 Apr 26;16:763220. doi: 10.3389/fnbeh.2022.763220. eCollection 2022.,Nagy Z,Front Behav Neurosci,2022,2022-05-13,PMC9087724,10.3389/fnbeh.2022.763220
1048,34909660,Pharmacogenomics and circadian rhythms as mediators of cardiovascular drug-drug interactions,"Geng YJ, Madonna R, Hermida RC, Smolensky MH.",Curr Res Pharmacol Drug Discov. 2021 May 6;2:100025. doi: 10.1016/j.crphar.2021.100025. eCollection 2021.,Geng YJ,Curr Res Pharmacol Drug Discov,2021,2021-12-15,PMC8663962,10.1016/j.crphar.2021.100025
1049,34639047,"Many Drugs of Abuse May Be Acutely Transformed to Dopamine, Norepinephrine and Epinephrine In Vivo",Fitzgerald PJ.,Int J Mol Sci. 2021 Oct 2;22(19):10706. doi: 10.3390/ijms221910706.,Fitzgerald PJ,Int J Mol Sci,2021,2021-10-13,PMC8509043,10.3390/ijms221910706
1050,21118406,Platelet activation in patients with the Raynaud phenomenon,"Polidoro L, Barnabei R, Giorgini P, Petrazzi L, Ferri C, Properzi G.",Intern Med J. 2012 May;42(5):531-5. doi: 10.1111/j.1445-5994.2010.02399.x.,Polidoro L,Intern Med J,2012,2010-12-02,,10.1111/j.1445-5994.2010.02399.x
1051,39375584,"Animal and plant protein intake association with mental health, tryptophan metabolites pathways, and gut microbiota in healthy women: a cross-sectional study","Soveid N, Barkhidarian B, Samadi M, Hatami M, Gholami F, Yekaninejad MS, Saedisomeolia A, Karbasian M, Siadat SD, Mirzaei K.",BMC Microbiol. 2024 Oct 7;24(1):390. doi: 10.1186/s12866-024-03534-8.,Soveid N,BMC Microbiol,2024,2024-10-07,PMC11457455,10.1186/s12866-024-03534-8
1052,33766670,Chronic restraint stress induced changes in colonic homeostasis-related indexes and tryptophan-kynurenine metabolism in rats,"Li CC, Gan L, Tan Y, Yan MZ, Liu XM, Chang Q, Pan RL.",J Proteomics. 2021 May 30;240:104190. doi: 10.1016/j.jprot.2021.104190. Epub 2021 Mar 23.,Li CC,J Proteomics,2021,2021-03-26,,10.1016/j.jprot.2021.104190
1053,32330549,Postpartum environmental challenges alter maternal responsiveness and offspring development,"Scarola S, Kent M, Neal S, Trejo JP, Bardi M, Lambert K.",Horm Behav. 2020 Jun;122:104761. doi: 10.1016/j.yhbeh.2020.104761. Epub 2020 May 18.,Scarola S,Horm Behav,2020,2020-04-25,,10.1016/j.yhbeh.2020.104761
1054,36118243,Combined urine metabolomics and 16S rDNA sequencing analyses reveals physiological mechanism underlying decline in natural mating behavior of captive giant pandas,"Zhang MY, Wang XY, Ayala J, Liu YL, An JH, Wang DH, Cai ZG, Hou R, Cai KL.",Front Microbiol. 2022 Sep 2;13:906737. doi: 10.3389/fmicb.2022.906737. eCollection 2022.,Zhang MY,Front Microbiol,2022,2022-09-19,PMC9478395,10.3389/fmicb.2022.906737
1055,30844187,Pathophysiology of Takotsubo Syndrome,"Khalid N, Shams P, Shlofmitz E, Chhabra L.",2024 Dec 11. In: StatPearls [Internet]. Treasure Island (FL): StatPearls Publishing; 2025 Jan–.,Khalid NShams PShlofmitz EChhabra L,StatPearls,2025,2024-12-11,,
1056,23246480,Sex-dependent effects of early maternal deprivation on MDMA-induced conditioned place preference in adolescent rats: possible neurochemical correlates,"Llorente-Berzal A, Manzanedo C, Daza-Losada M, Valero M, López-Gallardo M, Aguilar MA, Rodríguez-Arias M, Miñarro J, Viveros MP.",Toxicology. 2013 Sep 6;311(1-2):78-86. doi: 10.1016/j.tox.2012.12.003. Epub 2012 Dec 14.,Llorente-Berzal A,Toxicology,2013,2012-12-19,,10.1016/j.tox.2012.12.003
1057,27342633,"Recommendations for Development of Botanical Polyphenols as ""Natural Drugs"" for Promotion of Resilience Against Stress-Induced Depression and Cognitive Impairment","Ward L, Pasinetti GM.",Neuromolecular Med. 2016 Sep;18(3):487-95. doi: 10.1007/s12017-016-8418-6. Epub 2016 Jun 24.,Ward L,Neuromolecular Med,2016,2016-06-26,PMC4985489,10.1007/s12017-016-8418-6
1058,38783062,Machine learning-based health environmental-clinical risk scores in European children,"Guimbaud JB, Siskos AP, Sakhi AK, Heude B, Sabidó E, Borràs E, Keun H, Wright J, Julvez J, Urquiza J, Gützkow KB, Chatzi L, Casas M, Bustamante M, Nieuwenhuijsen M, Vrijheid M, López-Vicente M, de Castro Pascual M, Stratakis N, Robinson O, Grazuleviciene R, Slama R, Alemany S, Basagaña X, Plantevit M, Cazabet R, Maitre L.",Commun Med (Lond). 2024 May 23;4(1):98. doi: 10.1038/s43856-024-00513-y.,Guimbaud JB,Commun Med (Lond),2024,2024-05-23,PMC11116423,10.1038/s43856-024-00513-y
1059,7656883,"Sunlight increases serum 25(OH) vitamin D concentration whereas 1,25(OH)2D3 is unaffected. Results from a general population study in Göteborg, Sweden (The WHO MONICA Project)","Landin-Wilhelmsen K, Wilhelmsen L, Wilske J, Lappas G, Rosén T, Lindstedt G, Lundberg PA, Bengtsson BA.",Eur J Clin Nutr. 1995 Jun;49(6):400-7.,Landin-Wilhelmsen K,Eur J Clin Nutr,1995,1995-06-01,,
1060,19288578,Reported childhood abuse is associated with low serotonin transporter binding in vivo in major depressive disorder,"Miller JM, Kinnally EL, Ogden RT, Oquendo MA, Mann JJ, Parsey RV.",Synapse. 2009 Jul;63(7):565-73. doi: 10.1002/syn.20637.,Miller JM,Synapse,2009,2009-03-17,PMC2858631,10.1002/syn.20637
1061,11036209,"Behavioral, neurochemical and endocrinological characterization of the early social isolation syndrome","Heidbreder CA, Weiss IC, Domeney AM, Pryce C, Homberg J, Hedou G, Feldon J, Moran MC, Nelson P.",Neuroscience. 2000;100(4):749-68. doi: 10.1016/s0306-4522(00)00336-5.,Heidbreder CA,Neuroscience,2000,2000-10-19,,10.1016/s0306-4522(00)00336-5
1062,27499729,Cyclic ADP-Ribose and Heat Regulate Oxytocin Release via CD38 and TRPM2 in the Hypothalamus during Social or Psychological Stress in Mice,"Zhong J, Amina S, Liang M, Akther S, Yuhi T, Nishimura T, Tsuji C, Tsuji T, Liu HX, Hashii M, Furuhara K, Yokoyama S, Yamamoto Y, Okamoto H, Zhao YJ, Lee HC, Tominaga M, Lopatina O, Higashida H.",Front Neurosci. 2016 Jul 22;10:304. doi: 10.3389/fnins.2016.00304. eCollection 2016.,Zhong J,Front Neurosci,2016,2016-08-09,PMC4956647,10.3389/fnins.2016.00304
1063,23994181,Sex-dependent effects of maternal separation on plasma corticosterone and brain monoamines in response to chronic ethanol administration,"Kawakami SE, Quadros IM, Machado RB, Suchecki D.",Neuroscience. 2013 Dec 3;253:55-66. doi: 10.1016/j.neuroscience.2013.08.031. Epub 2013 Aug 29.,Kawakami SE,Neuroscience,2013,2013-09-03,,10.1016/j.neuroscience.2013.08.031
1064,20301631,Citrullinemia Type I,"Quinonez SC, Lee KN.","2004 Jul 7 [updated 2022 Aug 18]. In: Adam MP, Feldman J, Mirzaa GM, Pagon RA, Wallace SE, Amemiya A, editors. GeneReviews(®) [Internet]. Seattle (WA): University of Washington, Seattle; 1993–2025.",Quinonez SC,GeneReviews(®),1993,2022-08-18,,
1065,32472038,ENIGMA MDD: seven years of global neuroimaging studies of major depression through worldwide data sharing,"Schmaal L, Pozzi E, C Ho T, van Velzen LS, Veer IM, Opel N, Van Someren EJW, Han LKM, Aftanas L, Aleman A, Baune BT, Berger K, Blanken TF, Capitão L, Couvy-Duchesne B, R Cullen K, Dannlowski U, Davey C, Erwin-Grabner T, Evans J, Frodl T, Fu CHY, Godlewska B, Gotlib IH, Goya-Maldonado R, Grabe HJ, Groenewold NA, Grotegerd D, Gruber O, Gutman BA, Hall GB, Harrison BJ, Hatton SN, Hermesdorf M, Hickie IB, Hilland E, Irungu B, Jonassen R, Kelly S, Kircher T, Klimes-Dougan B, Krug A, Landrø NI, Lagopoulos J, Leerssen J, Li M, Linden DEJ, MacMaster FP, M McIntosh A, Mehler DMA, Nenadić I, Penninx BWJH, Portella MJ, Reneman L, Rentería ME, Sacchet MD, G Sämann P, Schrantee A, Sim K, Soares JC, Stein DJ, Tozzi L, van Der Wee NJA, van Tol MJ, Vermeiren R, Vives-Gilabert Y, Walter H, Walter M, Whalley HC, Wittfeld K, Whittle S, Wright MJ, Yang TT, Zarate C Jr, Thomopoulos SI, Jahanshad N, Thompson PM, Veltman DJ.",Transl Psychiatry. 2020 May 29;10(1):172. doi: 10.1038/s41398-020-0842-6.,Schmaal L,Transl Psychiatry,2020,2020-05-31,PMC7260219,10.1038/s41398-020-0842-6
1066,15538306,[Neurobiology and pharmacotherapy of social phobia],"Aouizerate B, Martin-Guehl C, Tignol J.",Encephale. 2004 Jul-Aug;30(4):301-13. doi: 10.1016/s0013-7006(04)95442-5.,Aouizerate B,Encephale,2004,2004-11-13,,10.1016/s0013-7006(04)95442-5
1067,39522250,Hesperidin alleviated dendritic spines through inhibiting ferritinophagy via HERC2-NCOA4 ubiquitination in CUMS mice,"Zhang M, Cui Y, Jia R, Cai Z, Shen Y, Yu W, Pang Z, Ding S, Gao X, Huang Y, Song M, Lou Y, Ye F, Ao H, Zhu A.",Phytomedicine. 2024 Dec;135:156132. doi: 10.1016/j.phymed.2024.156132. Epub 2024 Nov 9.,Zhang M,Phytomedicine,2024,2024-11-10,,10.1016/j.phymed.2024.156132
1068,39965932,Effects of psychological stress on inflammatory bowel disease via affecting the microbiota-gut-brain axis,"Chen Y, Chen X, Lin S, Huang S, Li L, Hong M, Li J, Ma L, Ma J.",Chin Med J (Engl). 2025 Mar 20;138(6):664-677. doi: 10.1097/CM9.0000000000003389. Epub 2025 Feb 18.,Chen Y,Chin Med J (Engl),2025,2025-02-18,PMC11925421,10.1097/CM9.0000000000003389
1069,39515104,Ginsenoside Rg1 enriches gut microbial indole-3-acetic acid to alleviate depression-like behavior in mice via oxytocin signaling,"Yu S, Yin Z, Ling M, Chen Z, Zhang Y, Pan Y, Zhang Y, Cai X, Chen Z, Hao H, Zheng X.",Phytomedicine. 2024 Dec;135:156186. doi: 10.1016/j.phymed.2024.156186. Epub 2024 Oct 28.,Yu S,Phytomedicine,2024,2024-11-08,,10.1016/j.phymed.2024.156186
1070,39956262,Cubebin alleviates chronic stress-induced depression-like behavior in mice by regulating the gut microbiome,"Wan M, Wang W, He M, Yang S, Feng Y, Luo Y.",Eur J Pharmacol. 2025 May 5;994:177384. doi: 10.1016/j.ejphar.2025.177384. Epub 2025 Feb 14.,Wan M,Eur J Pharmacol,2025,2025-02-16,,10.1016/j.ejphar.2025.177384
1071,40014578,The effects of restraint stress and orthodontic tooth movements on the intestinal epithelial structure and metabolic function in rats,"Cheng Y, Li Y, Fan Z, Wang N, Wang M, Li Y, Liu C, Li H, Yan F.",PLoS One. 2025 Feb 27;20(2):e0319779. doi: 10.1371/journal.pone.0319779. eCollection 2025.,Cheng Y,PLoS One,2025,2025-02-27,PMC11867309,10.1371/journal.pone.0319779
1072,40001546,Microbiota-Gut-Brain Axis: Mass-Spectrometry-Based Metabolomics in the Study of Microbiome Mediators-Stress Relationship,"Interino N, Vitagliano R, D'Amico F, Lodi R, Porru E, Turroni S, Fiori J.",Biomolecules. 2025 Feb 7;15(2):243. doi: 10.3390/biom15020243.,Interino N,Biomolecules,2025,2025-02-26,PMC11853089,10.3390/biom15020243
1073,39653185,Hydrogen restores central tryptophan and metabolite levels and maintains mitochondrial homeostasis to protect rats from chronic mild unpredictable stress damage,"Li J, Hao G, Yan Y, Li M, Li G, Lu Z, Sun Z, Chen Y, Liu H, Zhao Y, Wu M, Bao X, Wang Y, Li Y.",Neurochem Int. 2025 Jan;182:105914. doi: 10.1016/j.neuint.2024.105914. Epub 2024 Dec 7.,Li J,Neurochem Int,2025,2024-12-09,,10.1016/j.neuint.2024.105914
1074,39607539,Integrated colon microbiome and metabolomics to elucidate the antidepressant mechanisms of the Radix Bupleuri-Radix Paeoniae Alba herb pair,"Lv JL, Bai Y, Lv YE, Chen CC, Qin XM, Du GH, Zhou YZ.",Metab Brain Dis. 2024 Nov 28;40(1):45. doi: 10.1007/s11011-024-01450-4.,Lv JL,Metab Brain Dis,2024,2024-11-28,,10.1007/s11011-024-01450-4
1075,40004161,The Gut Microbiota Metabolite Butyrate Modulates Acute Stress-Induced Ferroptosis in the Prefrontal Cortex via the Gut-Brain Axis,"Wang Z, Ma X, Shi W, Zhu W, Feng X, Xin H, Zhang Y, Cong B, Li Y.",Int J Mol Sci. 2025 Feb 17;26(4):1698. doi: 10.3390/ijms26041698.,Wang Z,Int J Mol Sci,2025,2025-02-26,PMC11855447,10.3390/ijms26041698
1076,39946793,Gut microbiome-derived indole-3-carboxaldehyde regulates stress vulnerability in chronic restraint stress by activating aryl hydrocarbon receptors,"Chen C, Xiao Q, Wen Z, Gong F, Zhan H, Liu J, Li H, Jiao Y.",Pharmacol Res. 2025 Mar;213:107654. doi: 10.1016/j.phrs.2025.107654. Epub 2025 Feb 12.,Chen C,Pharmacol Res,2025,2025-02-13,,10.1016/j.phrs.2025.107654
1077,39686077,Exploring the Psychological and Physiological Effects of Operating a Telenoid: The Preliminary Assessment of a Minimal Humanoid Robot for Mediated Communication,"Nakae A, Bu-Omer HM, Chang WC, Kishimoto C, Sumioka H.",Sensors (Basel). 2024 Nov 26;24(23):7541. doi: 10.3390/s24237541.,Nakae A,Sensors (Basel),2024,2024-12-17,PMC11644294,10.3390/s24237541
1078,40064322,Integration of network pharmacology and untargeted metabolomics reveals Changpu San's antidepressant mechanisms via tryptophan metabolism,"Xiang F, Hu L, Zhang S, Lv P, Wei G, Yan Z.",J Ethnopharmacol. 2025 Apr 9;345:119590. doi: 10.1016/j.jep.2025.119590. Epub 2025 Mar 8.,Xiang F,J Ethnopharmacol,2025,2025-03-10,,10.1016/j.jep.2025.119590
1079,39684380,St. John's Wort Extract Ze 117 and Escitalopram Alter Plasma and Hippocampal Lipidome in a Rat Model of Chronic-Stress-Induced Depression,"Bussmann H, Bremer S, Hernier AM, Drewe J, Häberlein H, Franken S, Freytag V, Boonen G, Butterweck V.",Int J Mol Sci. 2024 Nov 26;25(23):12667. doi: 10.3390/ijms252312667.,Bussmann H,Int J Mol Sci,2024,2024-12-17,PMC11641671,10.3390/ijms252312667
1080,39437447,"Healthy plasma lipidomic signatures depend on sex, age, body mass index, and contraceptives but not perceived stress","Hahnefeld L, Hackel J, Trautmann S, Angioni C, Schreiber Y, Gurke R, Thomas D, Wicker S, Geisslinger G, Tegeder I.",Am J Physiol Cell Physiol. 2024 Dec 1;327(6):C1462-C1480. doi: 10.1152/ajpcell.00630.2024. Epub 2024 Oct 22.,Hahnefeld L,Am J Physiol Cell Physiol,2024,2024-10-22,,10.1152/ajpcell.00630.2024
1081,40072925,The impact of canine-assisted intervention on stress reduction among university students in Thailand,"Yotanyamaneewong S, Junla D, Brown JL, Siriapaipant N, Yodkamol N, Prachasilchai W, Saengthong A, Sanguansak P, Kankonsue T, Punyapornwithaya V, Sansamur C, Nganvongpanit K, Khonmee J.",PLoS One. 2025 Mar 12;20(3):e0318777. doi: 10.1371/journal.pone.0318777. eCollection 2025.,Yotanyamaneewong S,PLoS One,2025,2025-03-12,PMC11902293,10.1371/journal.pone.0318777
1082,39964605,Sex-Specific Outcomes in a Rat Model of Early-Life Stress Due to Adverse Caregiving,"Grillo Balboa J, Colapietro AA, Cantarelli VI, Ponzio MF, Ceol Retamal MN, Pallarés ME, Antonelli MC, Chertoff M.",Neurotox Res. 2025 Feb 18;43(2):10. doi: 10.1007/s12640-025-00731-9.,Grillo Balboa J,Neurotox Res,2025,2025-02-18,,10.1007/s12640-025-00731-9
1083,39643357,Jianghua Kucha black tea containing theacrine attenuates depression-like behavior in CUMS mice by regulating gut microbiota-brain neurochemicals and cytokines,"Jia W, Ma Q, Xing R, Yang X, Liu D, Zeng H, Liu Z, Liu S, Xu W, Liu Z, Wu W.",Food Res Int. 2024 Dec;198:115306. doi: 10.1016/j.foodres.2024.115306. Epub 2024 Nov 3.,Jia W,Food Res Int,2024,2024-12-06,,10.1016/j.foodres.2024.115306
1084,39549867,Validation of two enzyme immunoassays for non-invasive glucocorticoid measurement in a lacertid lizard (Podarcis muralis): Effects of pharmacological and biological stimuli on faecal corticosterone metabolites and behaviour,"Bartolomé A, Palme R, Macho-Maschler S, Carazo P, Font E.",Physiol Behav. 2025 Mar 1;290:114751. doi: 10.1016/j.physbeh.2024.114751. Epub 2024 Nov 15.,Bartolomé A,Physiol Behav,2025,2024-11-16,,10.1016/j.physbeh.2024.114751
1085,39263933,"Amyloban, extracted from Hericium erinaceus, ameliorates social deficits and suppresses the enhanced dopaminergic system in social defeat stress mice","Wang T, Toriumi K, Suzuki K, Miyashita M, Ozawa A, Masada M, Itokawa M, Arai M.",Neuropsychopharmacol Rep. 2024 Dec;44(4):728-736. doi: 10.1002/npr2.12480. Epub 2024 Sep 12.,Wang T,Neuropsychopharmacol Rep,2024,2024-09-12,PMC11609735,10.1002/npr2.12480
1086,40022197,Sex differences in reward-based operant conditioning performance and neurotransmitter changes following chronic sleep restriction stress in rats,"Zhang Y, Chen F, Yu M, Li Y, Chen S, Choudhary MI, Liu X, Jiang N.",Behav Brain Funct. 2025 Feb 28;21(1):3. doi: 10.1186/s12993-025-00268-z.,Zhang Y,Behav Brain Funct,2025,2025-02-28,PMC11871611,10.1186/s12993-025-00268-z
1087,40123576,A Cooperative Strategy of Hippocampus Lipidomics and Anti-Inflammatory Analysis to Evaluate the Antidepressant Effect of Zhi-Zi-Chi Decoction on CUMS Mice,"Chai C, Jin B, Xie T, Cui Y, Cui X, Shan C, Yu S, Wen H.",Biomed Chromatogr. 2025 May;39(5):e70058. doi: 10.1002/bmc.70058.,Chai C,Biomed Chromatogr,2025,2025-03-24,,10.1002/bmc.70058
1088,39668323,The relationship of coping style and social support variation to glucocorticoid metabolites in wild olive baboons (Papio anubis),"Pritchard AJ, Vogel ER, Blersch RA, Palombit RA.",Primates. 2025 Jan;66(1):87-102. doi: 10.1007/s10329-024-01172-2. Epub 2024 Dec 12.,Pritchard AJ,Primates,2025,2024-12-12,PMC11735542,10.1007/s10329-024-01172-2
1089,39689748,Cordycepin Extracted from Cordyceps militaris mitigated CUMS-induced depression of rats via targeting GSK3β/β-catenin signaling pathway,"Wang Y, Deng Y, Feng M, Chen J, Zhong M, Han Z, Zhang Q, Sun Y.",J Ethnopharmacol. 2025 Jan 31;340:119249. doi: 10.1016/j.jep.2024.119249. Epub 2024 Dec 15.,Wang Y,J Ethnopharmacol,2025,2024-12-17,,10.1016/j.jep.2024.119249
1090,39931863,Maternal-infant probiotic transmission mitigates early-life stress-induced autism in mice,"Qing L, Qian X, Zhu H, Wang J, Sun J, Jin Z, Tang X, Zhao Y, Wang G, Zhao J, Chen W, Tian P.",Gut Microbes. 2025 Dec;17(1):2456584. doi: 10.1080/19490976.2025.2456584. Epub 2025 Feb 11.,Qing L,Gut Microbes,2025,2025-02-11,PMC11817528,10.1080/19490976.2025.2456584
1091,39481416,Oral supplementation of heat-killed Enterococcus faecalis strain EC-12 relieves gastrointestinal discomfort and alters the gut microecology in academically stressed students,"Li J, Terajima T, Liu H, Miyata S, Kambe J, Makioka-Itaya Y, Inoue R, Yamamoto Y, Nagaoka K.",Benef Microbes. 2024 Oct 29;16(2):187-199. doi: 10.1163/18762891-bja00046.,Li J,Benef Microbes,2024,2024-10-31,,10.1163/18762891-bja00046
1092,39672439,Administration time modify the anxiolytic and antidepressant effects of inulin via gut-brain axis,"Chen P, Chen F, Hou T, Hu X, Xia C, Zhang J, Shen S, Li C, Li K.",Int J Biol Macromol. 2025 Feb;288:138698. doi: 10.1016/j.ijbiomac.2024.138698. Epub 2024 Dec 11.,Chen P,Int J Biol Macromol,2025,2024-12-13,,10.1016/j.ijbiomac.2024.138698
1093,40031979,"[Jiawei Xiaoyao Pills improves depression-like behavior in rats by regulating neurotransmitters, inhibiting inflammation and oxidation and modulating intestinal flora]","Liu Y, Li B, Li Y, Chang L, Wang J, Yang L, Yan Y, Qv K, Liu J, Zhang G, Shen X.",Nan Fang Yi Ke Da Xue Xue Bao. 2025 Feb 20;45(2):347-358. doi: 10.12122/j.issn.1673-4254.2025.02.16.,Liu Y,Nan Fang Yi Ke Da Xue Xue Bao,2025,2025-03-03,PMC11875865,10.12122/j.issn.1673-4254.2025.02.16
1094,39571600,Limosilactobacillus reuteri ameliorates maternal separation stress in newborn mice and alters subsequent adult behaviour,"Saleh ZM, Okeugo B, Venna VR, Blixt FW, Quaicoe VA, Park ES, Giorgberidze S, Luo M, Taylor CM, Rhoads JM, Liu Y.",Benef Microbes. 2024 Nov 20;16(2):221-235. doi: 10.1163/18762891-bja00054.,Saleh ZM,Benef Microbes,2024,2024-11-21,PMC11892880,10.1163/18762891-bja00054
1095,39486464,"The extremely low-frequency electromagnetic field (50 Hz) can establish a new ""set-point"" for the activity of the locus coeruleus-noradrenergic (LC-NA) system in rat","Klimek A, Kletkiewicz H, Siejka A, Wyszkowska J, Maliszewska J, Klimiuk M, Jankowska M, Rogalska J.",Brain Res Bull. 2024 Dec;219:111111. doi: 10.1016/j.brainresbull.2024.111111. Epub 2024 Oct 31.,Klimek A,Brain Res Bull,2024,2024-11-01,,10.1016/j.brainresbull.2024.111111
1096,39599342,"The Effects of Anthropogenic Stressors on Above- and Belowground Phytochemical Diversity of the Wetland Grass, Phragmites australis","Glassmire AE, Salgado AL, Diaz R, Johnston J, Meyerson LA, Snook JS, Cronin JT.",Plants (Basel). 2024 Nov 7;13(22):3133. doi: 10.3390/plants13223133.,Glassmire AE,Plants (Basel),2024,2024-11-27,PMC11597171,10.3390/plants13223133
1097,39303815,Metformin reprograms tryptophan metabolism via gut microbiome-derived bile acid metabolites to ameliorate depression-Like behaviors in mice,"Xie X, Li W, Xiong Z, Xu J, Liao T, Sun L, Xu H, Zhang M, Zhou J, Xiong W, Fu Z, Li Z, Han Q, Cui D, Anthony DC.",Brain Behav Immun. 2025 Jan;123:442-455. doi: 10.1016/j.bbi.2024.09.014. Epub 2024 Sep 18.,Xie X,Brain Behav Immun,2025,2024-09-20,,10.1016/j.bbi.2024.09.014
1098,39849528,Bridging animal models and humans: neuroimaging as intermediate phenotypes linking genetic or stress factors to anhedonia,"Guo H, Xiao Y, Dong S, Yang J, Zhao P, Zhao T, Cai A, Tang L, Liu J, Wang H, Hua R, Liu R, Wei Y, Sun D, Liu Z, Xia M, He Y, Wu Y, Si T, Womer FY, Xu F, Tang Y, Wang J, Zhang W, Zhang X, Wang F.",BMC Med. 2025 Jan 23;23(1):38. doi: 10.1186/s12916-025-03850-4.,Guo H,BMC Med,2025,2025-01-24,PMC11755933,10.1186/s12916-025-03850-4
1099,39773070,Gut dysbiosis-induced vitamin B6 metabolic disorder contributes to chronic stress-related abnormal behaviors in a cortisol-independent manner,"Qing W, Chen H, Ma X, Chen J, Le Y, Chen H, Tong J, Duan K, Ma D, Ouyang W, Tong J.",Gut Microbes. 2025 Dec;17(1):2447824. doi: 10.1080/19490976.2024.2447824. Epub 2025 Jan 7.,Qing W,Gut Microbes,2025,2025-01-08,PMC11730634,10.1080/19490976.2024.2447824
1100,39658392,Chronic stress induces behavioural changes through increased kynurenic acid by downregulation of kynurenine-3-monooxygenase with microglial decline,"Hasegawa M, Kunisawa K, Wulaer B, Kubota H, Kurahashi H, Sakata T, Ando H, Fujigaki S, Fujigaki H, Yamamoto Y, Nagai T, Saito K, Nabeshima T, Mouri A.",Br J Pharmacol. 2025 Apr;182(7):1466-1486. doi: 10.1111/bph.17407. Epub 2024 Dec 10.,Hasegawa M,Br J Pharmacol,2025,2024-12-10,,10.1111/bph.17407
1101,40139413,Experiences of multiple psychosocial stressors and associations with oxidative stress biomarkers during pregnancy,"Eick SM, Celia-Sanchez ML, Woodruff TJ, Goin DE, Padula AM, Cushing L, Ortlund K, DeMicco E, Milne GL, Morello-Frosch R.",Free Radic Biol Med. 2025 Jun;233:70-76. doi: 10.1016/j.freeradbiomed.2025.03.036. Epub 2025 Mar 24.,Eick SM,Free Radic Biol Med,2025,2025-03-26,PMC12045721,10.1016/j.freeradbiomed.2025.03.036
1102,39843634,Effects of dam fear and stress on metrics of puppy welfare in commercial breeding kennels,"Romaniuk AC, Barnard S, Shreyer T, Croney C.",Sci Rep. 2025 Jan 22;15(1):2820. doi: 10.1038/s41598-025-85936-w.,Romaniuk AC,Sci Rep,2025,2025-01-22,PMC11754604,10.1038/s41598-025-85936-w
1103,39696778,Paroxetine alleviates ulcerative colitis in mice via restoring intestinal microbiota homeostasis and metabolism,"Zhang M, Zhou Y, Huang L, Hong W, Li Y, Chen Z, Zhou L.",Basic Clin Pharmacol Toxicol. 2025 Jan;136(1):e14114. doi: 10.1111/bcpt.14114.,Zhang M,Basic Clin Pharmacol Toxicol,2025,2024-12-19,,10.1111/bcpt.14114
1104,39885390,Comprehensive transcriptomic analysis reveals turnip mosaic virus infection and its aphid vector Myzus persicae cause large changes in gene regulatory networks and co-transcription of alternative spliced mRNAs in Arabidopsis thaliana,"Herath V, Casteel CL, Verchot J.",BMC Plant Biol. 2025 Jan 30;25(1):128. doi: 10.1186/s12870-024-06014-3.,Herath V,BMC Plant Biol,2025,2025-01-30,PMC11780806,10.1186/s12870-024-06014-3
1105,39736988,The changes of intestinal flora and metabolites in atopic dermatitis mice,"Wang F, Wang Z, Qu L.",Front Microbiol. 2024 Dec 16;15:1462491. doi: 10.3389/fmicb.2024.1462491. eCollection 2024.,Wang F,Front Microbiol,2024,2024-12-31,PMC11683101,10.3389/fmicb.2024.1462491
1106,40114204,Neonatal maternal separation causes depressive-like behavior and potentiates memory impairment induced by amyloid-β oligomers in adult mice,"Suman PR, Kincheski GC, Frozza RL, De Felice FG, Ferreira ST.",Behav Brain Funct. 2025 Mar 20;21(1):8. doi: 10.1186/s12993-025-00266-1.,Suman PR,Behav Brain Funct,2025,2025-03-21,PMC11924815,10.1186/s12993-025-00266-1
1107,39807528,"A review on the effects of flavan-3-ols, their metabolites, and their dietary sources on gut barrier integrity","Dobani S, Kirsty Pourshahidi L, Ternan NG, McDougall GJ, Pereira-Caro G, Bresciani L, Mena P, Almutairi TM, Crozier A, Tuohy KM, Del Rio D, Gill CIR.",Food Funct. 2025 Feb 3;16(3):815-830. doi: 10.1039/d4fo04721d.,Dobani S,Food Funct,2025,2025-01-14,,10.1039/d4fo04721d
1108,39938496,Decoding the Gut-Brain Axis: A Journey toward Targeted Interventions for Disorders-of-Gut-Brain Interaction,"Holtmann G, Moniruzzaman M, Shah A; Australian Gastrointestinal Research Alliance (AGIRA); NHMRC Centre for Research Excellence in Digestive Health.",Dig Dis. 2025;43(3):257-265. doi: 10.1159/000543845. Epub 2025 Feb 12.,Holtmann G,Dig Dis,2025,2025-02-12,,10.1159/000543845
1109,40140679,"Urolithin A alleviates schizophrenic-like behaviors and cognitive impairment in rats through modulation of neuroinflammation, neurogenesis, and synaptic plasticity","Huang Z, Ren Z, Wang S, Xiao L, Ling Y, Xie Y, Wang G, Zhou B.",Sci Rep. 2025 Mar 26;15(1):10477. doi: 10.1038/s41598-025-93554-9.,Huang Z,Sci Rep,2025,2025-03-27,PMC11947095,10.1038/s41598-025-93554-9
1110,39804867,The impact of tuberculosis-induced hyperglycemia on pulmonary microbiota and airway mucus secretion in individuals not previously diabetic: A systematic review and meta-analysis protocol,"Musyoki VM, Mureithi M, Heikinheimo A, Maleche-Obimbo E, Njaanake K, Anzala O.",PLoS One. 2025 Jan 13;20(1):e0316810. doi: 10.1371/journal.pone.0316810. eCollection 2025.,Musyoki VM,PLoS One,2025,2025-01-13,PMC11730385,10.1371/journal.pone.0316810
